ISO-10303-21;
HEADER;
/* Generated by software containing ST-Developer
 * from STEP Tools, Inc. (www.steptools.com) 
 */
/* OPTION: using custom renumber hook */

FILE_DESCRIPTION(
/* description */ ('STEP AP242 Edition 2',
'CAx-IF Rec.Pracs.---Representation and Presentation of Product Manufa
cturing Information (PMI)---4.0---2014-10-13',
'CAx-IF Rec.Pracs.---3D Tessellated Geometry---0.4---2014-09-14','2;1',
'CAx-IF Rec.Pracs.---User Defined Attributes---1.5---2016-08-15'),
/* implementation_level */ '2;1');

FILE_NAME(
/* name */ 'MadMax 4 XOL v11 parts - Plate-1__Plate',
/* time_stamp */ '2026-07-29T17:02:03Z',
/* author */ (''),
/* organization */ (''),
/* preprocessor_version */ 'ST-DEVELOPER v20',
/* originating_system */ 'ONSHAPE BY PTC INC, 1.218',
/* authorisation */ '  ');

FILE_SCHEMA (('AP242_MANAGED_MODEL_BASED_3D_ENGINEERING_MIM_LF { 1 0 10303 442 3 1 4 }'));
ENDSEC;

DATA;
#10=SHAPE_REPRESENTATION_RELATIONSHIP('','',#7776,#11);
#11=ADVANCED_BREP_SHAPE_REPRESENTATION('',(#7774),#12849);
#12=PLANE('',#7787);
#13=PLANE('',#7788);
#14=PLANE('',#7789);
#15=PLANE('',#7790);
#16=PLANE('',#7791);
#17=PLANE('',#7792);
#18=PLANE('',#7793);
#19=PLANE('',#7801);
#20=PLANE('',#7802);
#21=PLANE('',#7803);
#22=PLANE('',#7804);
#23=PLANE('',#7805);
#24=PLANE('',#7834);
#25=PLANE('',#7835);
#26=PLANE('',#7836);
#27=PLANE('',#7846);
#28=PLANE('',#7847);
#29=PLANE('',#7848);
#30=PLANE('',#7849);
#31=PLANE('',#7850);
#32=PLANE('',#7851);
#33=PLANE('',#7852);
#34=PLANE('',#7853);
#35=PLANE('',#7854);
#36=PLANE('',#7855);
#37=PLANE('',#7856);
#38=PLANE('',#7857);
#39=PLANE('',#7858);
#40=PLANE('',#7861);
#41=PLANE('',#7862);
#42=PLANE('',#7863);
#43=PLANE('',#7864);
#44=PLANE('',#7865);
#45=PLANE('',#7866);
#46=PLANE('',#7867);
#47=PLANE('',#7868);
#48=PLANE('',#7869);
#49=PLANE('',#7870);
#50=PLANE('',#7871);
#51=PLANE('',#7872);
#52=PLANE('',#7873);
#53=PLANE('',#7874);
#54=PLANE('',#7877);
#55=PLANE('',#7878);
#56=PLANE('',#7879);
#57=PLANE('',#7880);
#58=PLANE('',#7881);
#59=PLANE('',#7882);
#60=PLANE('',#7883);
#61=PLANE('',#7884);
#62=PLANE('',#7885);
#63=PLANE('',#7886);
#64=PLANE('',#7887);
#65=PLANE('',#7888);
#66=PLANE('',#7889);
#67=PLANE('',#7890);
#68=PLANE('',#7891);
#69=PLANE('',#7895);
#70=PLANE('',#7928);
#71=PLANE('',#7929);
#72=PLANE('',#7930);
#73=PLANE('',#7931);
#74=PLANE('',#7932);
#75=PLANE('',#7933);
#76=PLANE('',#7934);
#77=PLANE('',#7935);
#78=PLANE('',#7936);
#79=PLANE('',#7944);
#80=PLANE('',#7945);
#81=PLANE('',#7946);
#82=PLANE('',#7947);
#83=PLANE('',#7948);
#84=PLANE('',#7949);
#85=PLANE('',#7950);
#86=PLANE('',#7951);
#87=PLANE('',#7952);
#88=PLANE('',#7953);
#89=PLANE('',#7954);
#90=PLANE('',#7955);
#91=PLANE('',#7956);
#92=PLANE('',#7957);
#93=PLANE('',#7958);
#94=PLANE('',#7959);
#95=PLANE('',#7960);
#96=PLANE('',#7961);
#97=PLANE('',#7983);
#98=PLANE('',#7984);
#99=PLANE('',#7985);
#100=PLANE('',#7986);
#101=PLANE('',#7987);
#102=PLANE('',#7988);
#103=PLANE('',#7989);
#104=PLANE('',#7990);
#105=PLANE('',#7991);
#106=PLANE('',#7992);
#107=PLANE('',#7993);
#108=PLANE('',#7994);
#109=PLANE('',#7995);
#110=PLANE('',#7996);
#111=PLANE('',#7997);
#112=PLANE('',#7998);
#113=PLANE('',#7999);
#114=PLANE('',#8000);
#115=PLANE('',#8001);
#116=PLANE('',#8002);
#117=PLANE('',#8003);
#118=PLANE('',#8004);
#119=PLANE('',#8005);
#120=PLANE('',#8006);
#121=PLANE('',#8007);
#122=PLANE('',#8008);
#123=PLANE('',#8009);
#124=PLANE('',#8010);
#125=PLANE('',#8011);
#126=PLANE('',#8012);
#127=PLANE('',#8013);
#128=PLANE('',#8014);
#129=PLANE('',#8015);
#130=PLANE('',#8016);
#131=PLANE('',#8017);
#132=PLANE('',#8018);
#133=PLANE('',#8019);
#134=PLANE('',#8020);
#135=PLANE('',#8021);
#136=PLANE('',#8022);
#137=PLANE('',#8025);
#138=PLANE('',#8026);
#139=PLANE('',#8027);
#140=PLANE('',#8028);
#141=PLANE('',#8029);
#142=PLANE('',#8030);
#143=PLANE('',#8031);
#144=PLANE('',#8033);
#145=PLANE('',#8034);
#146=PLANE('',#8051);
#147=PLANE('',#8054);
#148=PLANE('',#8058);
#149=PLANE('',#8062);
#150=PLANE('',#8063);
#151=PLANE('',#8066);
#152=PLANE('',#8068);
#153=PLANE('',#8069);
#154=PLANE('',#8070);
#155=PLANE('',#8071);
#156=PLANE('',#8072);
#157=PLANE('',#8073);
#158=PLANE('',#8074);
#159=PLANE('',#8075);
#160=PLANE('',#8076);
#161=PLANE('',#8077);
#162=PLANE('',#8078);
#163=PLANE('',#8079);
#164=PLANE('',#8080);
#165=PLANE('',#8081);
#166=PLANE('',#8082);
#167=PLANE('',#8083);
#168=PLANE('',#8084);
#169=PLANE('',#8085);
#170=PLANE('',#8086);
#171=PLANE('',#8087);
#172=PLANE('',#8088);
#173=PLANE('',#8089);
#174=PLANE('',#8090);
#175=PLANE('',#8091);
#176=PLANE('',#8092);
#177=PLANE('',#8093);
#178=PLANE('',#8097);
#179=PLANE('',#8101);
#180=PLANE('',#8102);
#181=PLANE('',#8103);
#182=PLANE('',#8104);
#183=PLANE('',#8105);
#184=PLANE('',#8114);
#185=PLANE('',#8115);
#186=PLANE('',#8116);
#187=PLANE('',#8117);
#188=PLANE('',#8118);
#189=PLANE('',#8119);
#190=PLANE('',#8120);
#191=PLANE('',#8121);
#192=PLANE('',#8122);
#193=PLANE('',#8123);
#194=PLANE('',#8124);
#195=PLANE('',#8125);
#196=PLANE('',#8126);
#197=PLANE('',#8127);
#198=PLANE('',#8128);
#199=PLANE('',#8179);
#200=PLANE('',#8182);
#201=PLANE('',#8183);
#202=PLANE('',#8184);
#203=PLANE('',#8187);
#204=PLANE('',#8188);
#205=PLANE('',#8189);
#206=PLANE('',#8190);
#207=PLANE('',#8191);
#208=PLANE('',#8192);
#209=PLANE('',#8193);
#210=PLANE('',#8194);
#211=PLANE('',#8195);
#212=PLANE('',#8196);
#213=PLANE('',#8197);
#214=PLANE('',#8198);
#215=PLANE('',#8199);
#216=PLANE('',#8200);
#217=PLANE('',#8201);
#218=PLANE('',#8202);
#219=PLANE('',#8203);
#220=PLANE('',#8204);
#221=PLANE('',#8205);
#222=PLANE('',#8206);
#223=PLANE('',#8207);
#224=PLANE('',#8208);
#225=PLANE('',#8209);
#226=PLANE('',#8210);
#227=PLANE('',#8211);
#228=PLANE('',#8212);
#229=PLANE('',#8213);
#230=PLANE('',#8214);
#231=PLANE('',#8215);
#232=PLANE('',#8216);
#233=PLANE('',#8217);
#234=PLANE('',#8218);
#235=PLANE('',#8219);
#236=PLANE('',#8220);
#237=PLANE('',#8221);
#238=PLANE('',#8222);
#239=PLANE('',#8223);
#240=PLANE('',#8224);
#241=PLANE('',#8225);
#242=PLANE('',#8226);
#243=PLANE('',#8227);
#244=PLANE('',#8228);
#245=PLANE('',#8229);
#246=PLANE('',#8230);
#247=PLANE('',#8231);
#248=PLANE('',#8232);
#249=PLANE('',#8233);
#250=PLANE('',#8234);
#251=PLANE('',#8236);
#252=PLANE('',#8237);
#253=PLANE('',#8238);
#254=PLANE('',#8239);
#255=PLANE('',#8241);
#256=PLANE('',#8242);
#257=PLANE('',#8243);
#258=PLANE('',#8244);
#259=PLANE('',#8246);
#260=PLANE('',#8247);
#261=PLANE('',#8250);
#262=PLANE('',#8254);
#263=PLANE('',#8255);
#264=PLANE('',#8257);
#265=PLANE('',#8260);
#266=PLANE('',#8265);
#267=PLANE('',#8269);
#268=PLANE('',#8287);
#269=PLANE('',#8304);
#270=PLANE('',#8311);
#271=PLANE('',#8312);
#272=PLANE('',#8313);
#273=PLANE('',#8314);
#274=PLANE('',#8315);
#275=PLANE('',#8316);
#276=PLANE('',#8317);
#277=PLANE('',#8320);
#278=PLANE('',#8323);
#279=PLANE('',#8324);
#280=PLANE('',#8327);
#281=PLANE('',#8328);
#282=PLANE('',#8329);
#283=PLANE('',#8330);
#284=PLANE('',#8331);
#285=PLANE('',#8332);
#286=PLANE('',#8333);
#287=PLANE('',#8334);
#288=PLANE('',#8337);
#289=PLANE('',#8340);
#290=PLANE('',#8341);
#291=PLANE('',#8344);
#292=PLANE('',#8345);
#293=PLANE('',#8346);
#294=PLANE('',#8347);
#295=PLANE('',#8348);
#296=PLANE('',#8349);
#297=PLANE('',#8350);
#298=PLANE('',#8351);
#299=PLANE('',#8354);
#300=PLANE('',#8357);
#301=PLANE('',#8358);
#302=PLANE('',#8361);
#303=PLANE('',#8362);
#304=PLANE('',#8363);
#305=PLANE('',#8364);
#306=PLANE('',#8365);
#307=PLANE('',#8366);
#308=PLANE('',#8367);
#309=PLANE('',#8368);
#310=PLANE('',#8371);
#311=PLANE('',#8374);
#312=PLANE('',#8375);
#313=PLANE('',#8378);
#314=PLANE('',#8379);
#315=PLANE('',#8380);
#316=PLANE('',#8381);
#317=PLANE('',#8382);
#318=PLANE('',#8383);
#319=PLANE('',#8384);
#320=PLANE('',#8385);
#321=PLANE('',#8386);
#322=PLANE('',#8387);
#323=PLANE('',#8388);
#324=PLANE('',#8389);
#325=PLANE('',#8390);
#326=PLANE('',#8391);
#327=PLANE('',#8392);
#328=PLANE('',#8393);
#329=PLANE('',#8394);
#330=PLANE('',#8395);
#331=PLANE('',#8396);
#332=PLANE('',#8397);
#333=PLANE('',#8398);
#334=PLANE('',#8399);
#335=PLANE('',#8400);
#336=PLANE('',#8401);
#337=PLANE('',#8402);
#338=PLANE('',#8405);
#339=PLANE('',#8406);
#340=PLANE('',#8408);
#341=PLANE('',#8409);
#342=PLANE('',#8410);
#343=PLANE('',#8411);
#344=PLANE('',#8412);
#345=PLANE('',#8414);
#346=PLANE('',#8415);
#347=PLANE('',#8416);
#348=PLANE('',#8417);
#349=PLANE('',#8418);
#350=B_SPLINE_CURVE_WITH_KNOTS('',3,(#10549,#10550,#10551,#10552),
 .UNSPECIFIED.,.F.,.F.,(4,4),(3.61914914364979E-15,0.00145640464559219),
 .UNSPECIFIED.);
#351=B_SPLINE_CURVE_WITH_KNOTS('',3,(#10563,#10564,#10565,#10566),
 .UNSPECIFIED.,.F.,.F.,(4,4),(28.9833554083618,52.2181949782867),
 .UNSPECIFIED.);
#352=B_SPLINE_CURVE_WITH_KNOTS('',3,(#10620,#10621,#10622,#10623),
 .UNSPECIFIED.,.F.,.F.,(4,4),(127.781627345824,151.016661196479),
 .UNSPECIFIED.);
#353=B_SPLINE_CURVE_WITH_KNOTS('',3,(#10629,#10630,#10631,#10632),
 .UNSPECIFIED.,.F.,.F.,(4,4),(214.057707544375,231.362224963176),
 .UNSPECIFIED.);
#354=B_SPLINE_CURVE_WITH_KNOTS('',3,(#10637,#10638,#10639,#10640),
 .UNSPECIFIED.,.F.,.F.,(4,4),(126.382984285032,145.942292455627),
 .UNSPECIFIED.);
#355=B_SPLINE_CURVE_WITH_KNOTS('',3,(#10651,#10652,#10653,#10654),
 .UNSPECIFIED.,.F.,.F.,(4,4),(346.06992217047,373.93007782953),
 .UNSPECIFIED.);
#356=B_SPLINE_CURVE_WITH_KNOTS('',3,(#10662,#10663,#10664,#10665),
 .UNSPECIFIED.,.F.,.F.,(4,4),(321.36222496317,350.126320704538),
 .UNSPECIFIED.);
#357=B_SPLINE_CURVE_WITH_KNOTS('',3,(#10828,#10829,#10830,#10831),
 .UNSPECIFIED.,.F.,.F.,(4,4),(180.,193.930684066183),.UNSPECIFIED.);
#358=B_SPLINE_CURVE_WITH_KNOTS('',3,(#10834,#10835,#10836,#10837),
 .UNSPECIFIED.,.F.,.F.,(4,4),(166.069315933797,180.),.UNSPECIFIED.);
#359=B_SPLINE_CURVE_WITH_KNOTS('',3,(#10846,#10847,#10848,#10849),
 .UNSPECIFIED.,.F.,.F.,(4,4),(34.0574818515712,53.6168587174889),
 .UNSPECIFIED.);
#360=B_SPLINE_CURVE_WITH_KNOTS('',3,(#10850,#10851,#10852,#10853),
 .UNSPECIFIED.,.F.,.F.,(4,4),(308.637916884392,325.942518148427),
 .UNSPECIFIED.);
#361=B_SPLINE_CURVE_WITH_KNOTS('',3,(#10855,#10856,#10857,#10858),
 .UNSPECIFIED.,.F.,.F.,(4,4),(189.874104845911,218.637916884399),
 .UNSPECIFIED.);
#362=B_SPLINE_CURVE_WITH_KNOTS('',3,(#11051,#11052,#11053,#11054),
 .UNSPECIFIED.,.F.,.F.,(4,4),(0.,0.0695716658020096),.UNSPECIFIED.);
#363=B_SPLINE_CURVE_WITH_KNOTS('',3,(#11634,#11635,#11636,#11637,#11638),
 .UNSPECIFIED.,.F.,.F.,(4,1,4),(180.,209.861728453657,239.723456907314),
 .UNSPECIFIED.);
#364=B_SPLINE_CURVE_WITH_KNOTS('',3,(#11691,#11692,#11693,#11694),
 .UNSPECIFIED.,.F.,.F.,(4,4),(7.19957245732061E-15,0.00145640467361973),
 .UNSPECIFIED.);
#365=B_SPLINE_CURVE_WITH_KNOTS('',3,(#11743,#11744,#11745,#11746,#11747),
 .UNSPECIFIED.,.F.,.F.,(4,1,4),(120.276543092933,150.138271546467,180.),
 .UNSPECIFIED.);
#366=B_SPLINE_CURVE_WITH_KNOTS('',3,(#11867,#11868,#11869,#11870),
 .UNSPECIFIED.,.F.,.F.,(4,4),(320.421804812822,335.066435335507),
 .UNSPECIFIED.);
#367=B_SPLINE_CURVE_WITH_KNOTS('',3,(#11872,#11873,#11874,#11875),
 .UNSPECIFIED.,.F.,.F.,(4,4),(24.9335646644939,39.5781951871791),
 .UNSPECIFIED.);
#368=B_SPLINE_CURVE_WITH_KNOTS('',3,(#11879,#11880,#11881,#11882),
 .UNSPECIFIED.,.F.,.F.,(4,4),(320.421921758639,335.066610303472),
 .UNSPECIFIED.);
#369=B_SPLINE_CURVE_WITH_KNOTS('',3,(#11884,#11885,#11886,#11887),
 .UNSPECIFIED.,.F.,.F.,(4,4),(24.9333896965294,39.5780782413609),
 .UNSPECIFIED.);
#370=B_SPLINE_CURVE_WITH_KNOTS('',3,(#11991,#11992,#11993,#11994),
 .UNSPECIFIED.,.F.,.F.,(4,4),(1.0963067005302E-8,0.0251147252818919),
 .UNSPECIFIED.);
#371=B_SPLINE_CURVE_WITH_KNOTS('',3,(#12010,#12011,#12012,#12013),
 .UNSPECIFIED.,.F.,.F.,(4,4),(3.63490804605048E-18,0.00103466765991204),
 .UNSPECIFIED.);
#372=B_SPLINE_CURVE_WITH_KNOTS('',3,(#12017,#12018,#12019,#12020),
 .UNSPECIFIED.,.F.,.F.,(4,4),(3.63490804605048E-18,0.00103466765991204),
 .UNSPECIFIED.);
#373=B_SPLINE_CURVE_WITH_KNOTS('',3,(#12030,#12031,#12032,#12033),
 .UNSPECIFIED.,.F.,.F.,(4,4),(3.63490804605048E-18,0.00103466765991204),
 .UNSPECIFIED.);
#374=B_SPLINE_CURVE_WITH_KNOTS('',3,(#12037,#12038,#12039,#12040),
 .UNSPECIFIED.,.F.,.F.,(4,4),(3.63490804605048E-18,0.00103466765991204),
 .UNSPECIFIED.);
#375=B_SPLINE_CURVE_WITH_KNOTS('',3,(#12050,#12051,#12052,#12053),
 .UNSPECIFIED.,.F.,.F.,(4,4),(0.,0.00103466765991203),.UNSPECIFIED.);
#376=B_SPLINE_CURVE_WITH_KNOTS('',3,(#12057,#12058,#12059,#12060),
 .UNSPECIFIED.,.F.,.F.,(4,4),(6.50521303491303E-19,0.00103466765991203),
 .UNSPECIFIED.);
#377=B_SPLINE_CURVE_WITH_KNOTS('',3,(#12062,#12063,#12064,#12065),
 .UNSPECIFIED.,.F.,.F.,(4,4),(6.50521303491303E-19,0.00103466765991203),
 .UNSPECIFIED.);
#378=B_SPLINE_CURVE_WITH_KNOTS('',3,(#12069,#12070,#12071,#12072),
 .UNSPECIFIED.,.F.,.F.,(4,4),(6.50521303491303E-19,0.00103466765991203),
 .UNSPECIFIED.);
#379=B_SPLINE_CURVE_WITH_KNOTS('',3,(#12076,#12077,#12078,#12079),
 .UNSPECIFIED.,.F.,.F.,(4,4),(6.50521303491303E-19,0.00103466765991203),
 .UNSPECIFIED.);
#380=B_SPLINE_CURVE_WITH_KNOTS('',3,(#12083,#12084,#12085,#12086),
 .UNSPECIFIED.,.F.,.F.,(4,4),(0.,0.00103466765991203),.UNSPECIFIED.);
#381=B_SPLINE_CURVE_WITH_KNOTS('',3,(#12092,#12093,#12094,#12095),
 .UNSPECIFIED.,.F.,.F.,(4,4),(0.,0.00103466765991202),.UNSPECIFIED.);
#382=B_SPLINE_CURVE_WITH_KNOTS('',3,(#12099,#12100,#12101,#12102),
 .UNSPECIFIED.,.F.,.F.,(4,4),(6.94228120891928E-19,0.00103466765991203),
 .UNSPECIFIED.);
#383=B_SPLINE_CURVE_WITH_KNOTS('',3,(#12112,#12113,#12114,#12115),
 .UNSPECIFIED.,.F.,.F.,(4,4),(2.78471610051471E-14,0.000760355582210243),
 .UNSPECIFIED.);
#384=B_SPLINE_CURVE_WITH_KNOTS('',3,(#12131,#12132,#12133,#12134),
 .UNSPECIFIED.,.F.,.F.,(4,4),(2.784622434021E-14,0.000760355582210241),
 .UNSPECIFIED.);
#385=B_SPLINE_CURVE_WITH_KNOTS('',3,(#12144,#12145,#12146,#12147),
 .UNSPECIFIED.,.F.,.F.,(4,4),(0.127475487844687,0.152970585416577),
 .UNSPECIFIED.);
#386=B_SPLINE_CURVE_WITH_KNOTS('',3,(#12149,#12150,#12151,#12152),
 .UNSPECIFIED.,.F.,.F.,(4,4),(0.00178654411191525,0.069703748119064),
 .UNSPECIFIED.);
#387=B_SPLINE_CURVE_WITH_KNOTS('',3,(#12169,#12170,#12171,#12172),
 .UNSPECIFIED.,.F.,.F.,(4,4),(0.,0.0695716658017387),.UNSPECIFIED.);
#388=B_SPLINE_CURVE_WITH_KNOTS('',3,(#12419,#12420,#12421,#12422),
 .UNSPECIFIED.,.F.,.F.,(4,4),(2.78443504885773E-14,0.000760355582238323),
 .UNSPECIFIED.);
#389=B_SPLINE_CURVE_WITH_KNOTS('',3,(#12427,#12428,#12429,#12430),
 .UNSPECIFIED.,.F.,.F.,(4,4),(2.78470010831667E-14,0.000760355582238348),
 .UNSPECIFIED.);
#390=B_SPLINE_CURVE_WITH_KNOTS('',3,(#12432,#12433,#12434,#12435),
 .UNSPECIFIED.,.F.,.F.,(4,4),(2.46773499837963E-14,0.000760355582207458),
 .UNSPECIFIED.);
#391=B_SPLINE_CURVE_WITH_KNOTS('',3,(#12455,#12456,#12457,#12458),
 .UNSPECIFIED.,.F.,.F.,(4,4),(2.78931398359692E-14,0.00076035558223838),
 .UNSPECIFIED.);
#392=CONICAL_SURFACE('',#7784,2.5,0.785398163397448);
#393=CONICAL_SURFACE('',#7892,1.45,0.785398163397448);
#394=CONICAL_SURFACE('',#7913,1.45,0.785398163397448);
#395=CONICAL_SURFACE('',#7920,1.8,0.785398163397448);
#396=CONICAL_SURFACE('',#7924,1.8,0.785398163397448);
#397=CONICAL_SURFACE('',#7937,1.45,0.785398163397448);
#398=CONICAL_SURFACE('',#7962,1.45,0.785398163397448);
#399=CONICAL_SURFACE('',#7969,1.45,0.785398163397448);
#400=CONICAL_SURFACE('',#7976,1.45,0.785398163397448);
#401=CONICAL_SURFACE('',#8035,2.5,0.785398163397448);
#402=CONICAL_SURFACE('',#8039,2.5,0.785398163397448);
#403=CONICAL_SURFACE('',#8043,2.5,0.785398163397448);
#404=CONICAL_SURFACE('',#8095,2.6,0.0698131700797732);
#405=CONICAL_SURFACE('',#8099,2.6,0.0698131700797732);
#406=CONICAL_SURFACE('',#8129,2.55,0.785398163397448);
#407=CONICAL_SURFACE('',#8133,2.55,0.785398163397448);
#408=CONICAL_SURFACE('',#8137,3.25,0.785398163397448);
#409=CONICAL_SURFACE('',#8139,3.1,0.785398163397448);
#410=CONICAL_SURFACE('',#8143,3.25,0.785398163397448);
#411=CONICAL_SURFACE('',#8145,3.1,0.785398163397448);
#412=CONICAL_SURFACE('',#8149,3.1,0.785398163397449);
#413=CONICAL_SURFACE('',#8151,3.25,0.78539816339745);
#414=CONICAL_SURFACE('',#8153,3.1,0.785398163397449);
#415=CONICAL_SURFACE('',#8155,3.25,0.785398163397449);
#416=CONICAL_SURFACE('',#8157,3.1,0.785398163397449);
#417=CONICAL_SURFACE('',#8159,3.25,0.785398163397448);
#418=CONICAL_SURFACE('',#8161,3.1,0.785398163397449);
#419=CONICAL_SURFACE('',#8163,3.25,0.785398163397448);
#420=CONICAL_SURFACE('',#8177,3.2,0.785398163397454);
#421=CONICAL_SURFACE('',#8185,3.2,0.785398163397454);
#422=CONICAL_SURFACE('',#8280,2.225,0.785398163397448);
#423=CONICAL_SURFACE('',#8288,1.575,0.785398163397437);
#424=CONICAL_SURFACE('',#8292,1.575,0.785398163397437);
#425=CONICAL_SURFACE('',#8300,2.225,0.785398163397448);
#426=CONICAL_SURFACE('',#8301,2.225,0.785398163397449);
#427=CONICAL_SURFACE('',#8403,1.975,0.785398163397448);
#428=CONICAL_SURFACE('',#8404,1.975,0.785398163397448);
#429=LINE('',#10532,#1241);
#430=LINE('',#10536,#1242);
#431=LINE('',#10541,#1243);
#432=LINE('',#10545,#1244);
#433=LINE('',#10557,#1245);
#434=LINE('',#10558,#1246);
#435=LINE('',#10560,#1247);
#436=LINE('',#10561,#1248);
#437=LINE('',#10569,#1249);
#438=LINE('',#10571,#1250);
#439=LINE('',#10573,#1251);
#440=LINE('',#10575,#1252);
#441=LINE('',#10577,#1253);
#442=LINE('',#10579,#1254);
#443=LINE('',#10581,#1255);
#444=LINE('',#10583,#1256);
#445=LINE('',#10585,#1257);
#446=LINE('',#10587,#1258);
#447=LINE('',#10589,#1259);
#448=LINE('',#10591,#1260);
#449=LINE('',#10593,#1261);
#450=LINE('',#10595,#1262);
#451=LINE('',#10597,#1263);
#452=LINE('',#10599,#1264);
#453=LINE('',#10601,#1265);
#454=LINE('',#10603,#1266);
#455=LINE('',#10605,#1267);
#456=LINE('',#10607,#1268);
#457=LINE('',#10609,#1269);
#458=LINE('',#10611,#1270);
#459=LINE('',#10613,#1271);
#460=LINE('',#10615,#1272);
#461=LINE('',#10618,#1273);
#462=LINE('',#10625,#1274);
#463=LINE('',#10627,#1275);
#464=LINE('',#10642,#1276);
#465=LINE('',#10646,#1277);
#466=LINE('',#10647,#1278);
#467=LINE('',#10658,#1279);
#468=LINE('',#10669,#1280);
#469=LINE('',#10671,#1281);
#470=LINE('',#10673,#1282);
#471=LINE('',#10675,#1283);
#472=LINE('',#10678,#1284);
#473=LINE('',#10680,#1285);
#474=LINE('',#10682,#1286);
#475=LINE('',#10684,#1287);
#476=LINE('',#10686,#1288);
#477=LINE('',#10688,#1289);
#478=LINE('',#10690,#1290);
#479=LINE('',#10692,#1291);
#480=LINE('',#10694,#1292);
#481=LINE('',#10696,#1293);
#482=LINE('',#10699,#1294);
#483=LINE('',#10703,#1295);
#484=LINE('',#10705,#1296);
#485=LINE('',#10707,#1297);
#486=LINE('',#10709,#1298);
#487=LINE('',#10711,#1299);
#488=LINE('',#10713,#1300);
#489=LINE('',#10715,#1301);
#490=LINE('',#10717,#1302);
#491=LINE('',#10719,#1303);
#492=LINE('',#10723,#1304);
#493=LINE('',#10726,#1305);
#494=LINE('',#10728,#1306);
#495=LINE('',#10732,#1307);
#496=LINE('',#10734,#1308);
#497=LINE('',#10736,#1309);
#498=LINE('',#10738,#1310);
#499=LINE('',#10740,#1311);
#500=LINE('',#10742,#1312);
#501=LINE('',#10744,#1313);
#502=LINE('',#10746,#1314);
#503=LINE('',#10748,#1315);
#504=LINE('',#10749,#1316);
#505=LINE('',#10751,#1317);
#506=LINE('',#10752,#1318);
#507=LINE('',#10754,#1319);
#508=LINE('',#10756,#1320);
#509=LINE('',#10806,#1321);
#510=LINE('',#10808,#1322);
#511=LINE('',#10810,#1323);
#512=LINE('',#10812,#1324);
#513=LINE('',#10814,#1325);
#514=LINE('',#10816,#1326);
#515=LINE('',#10818,#1327);
#516=LINE('',#10820,#1328);
#517=LINE('',#10840,#1329);
#518=LINE('',#10844,#1330);
#519=LINE('',#10863,#1331);
#520=LINE('',#10865,#1332);
#521=LINE('',#10867,#1333);
#522=LINE('',#10869,#1334);
#523=LINE('',#10871,#1335);
#524=LINE('',#10873,#1336);
#525=LINE('',#10875,#1337);
#526=LINE('',#10877,#1338);
#527=LINE('',#10879,#1339);
#528=LINE('',#10881,#1340);
#529=LINE('',#10883,#1341);
#530=LINE('',#10885,#1342);
#531=LINE('',#10887,#1343);
#532=LINE('',#10889,#1344);
#533=LINE('',#10891,#1345);
#534=LINE('',#10893,#1346);
#535=LINE('',#10895,#1347);
#536=LINE('',#10897,#1348);
#537=LINE('',#10899,#1349);
#538=LINE('',#10901,#1350);
#539=LINE('',#10903,#1351);
#540=LINE('',#10905,#1352);
#541=LINE('',#10907,#1353);
#542=LINE('',#10909,#1354);
#543=LINE('',#10911,#1355);
#544=LINE('',#10913,#1356);
#545=LINE('',#10915,#1357);
#546=LINE('',#10917,#1358);
#547=LINE('',#10919,#1359);
#548=LINE('',#10921,#1360);
#549=LINE('',#10923,#1361);
#550=LINE('',#10925,#1362);
#551=LINE('',#10927,#1363);
#552=LINE('',#10929,#1364);
#553=LINE('',#10931,#1365);
#554=LINE('',#10933,#1366);
#555=LINE('',#10938,#1367);
#556=LINE('',#10941,#1368);
#557=LINE('',#10943,#1369);
#558=LINE('',#10945,#1370);
#559=LINE('',#10947,#1371);
#560=LINE('',#10949,#1372);
#561=LINE('',#10951,#1373);
#562=LINE('',#10953,#1374);
#563=LINE('',#10954,#1375);
#564=LINE('',#10956,#1376);
#565=LINE('',#10958,#1377);
#566=LINE('',#10961,#1378);
#567=LINE('',#10963,#1379);
#568=LINE('',#10965,#1380);
#569=LINE('',#10967,#1381);
#570=LINE('',#10969,#1382);
#571=LINE('',#10971,#1383);
#572=LINE('',#10973,#1384);
#573=LINE('',#10975,#1385);
#574=LINE('',#10977,#1386);
#575=LINE('',#10979,#1387);
#576=LINE('',#10982,#1388);
#577=LINE('',#10984,#1389);
#578=LINE('',#10986,#1390);
#579=LINE('',#10987,#1391);
#580=LINE('',#10990,#1392);
#581=LINE('',#10992,#1393);
#582=LINE('',#10994,#1394);
#583=LINE('',#10995,#1395);
#584=LINE('',#10997,#1396);
#585=LINE('',#10999,#1397);
#586=LINE('',#11001,#1398);
#587=LINE('',#11002,#1399);
#588=LINE('',#11004,#1400);
#589=LINE('',#11006,#1401);
#590=LINE('',#11008,#1402);
#591=LINE('',#11011,#1403);
#592=LINE('',#11013,#1404);
#593=LINE('',#11015,#1405);
#594=LINE('',#11016,#1406);
#595=LINE('',#11018,#1407);
#596=LINE('',#11020,#1408);
#597=LINE('',#11022,#1409);
#598=LINE('',#11024,#1410);
#599=LINE('',#11026,#1411);
#600=LINE('',#11028,#1412);
#601=LINE('',#11030,#1413);
#602=LINE('',#11033,#1414);
#603=LINE('',#11035,#1415);
#604=LINE('',#11036,#1416);
#605=LINE('',#11038,#1417);
#606=LINE('',#11040,#1418);
#607=LINE('',#11042,#1419);
#608=LINE('',#11044,#1420);
#609=LINE('',#11046,#1421);
#610=LINE('',#11047,#1422);
#611=LINE('',#11049,#1423);
#612=LINE('',#11056,#1424);
#613=LINE('',#11058,#1425);
#614=LINE('',#11060,#1426);
#615=LINE('',#11062,#1427);
#616=LINE('',#11064,#1428);
#617=LINE('',#11066,#1429);
#618=LINE('',#11068,#1430);
#619=LINE('',#11070,#1431);
#620=LINE('',#11075,#1432);
#621=LINE('',#11077,#1433);
#622=LINE('',#11079,#1434);
#623=LINE('',#11081,#1435);
#624=LINE('',#11083,#1436);
#625=LINE('',#11085,#1437);
#626=LINE('',#11087,#1438);
#627=LINE('',#11089,#1439);
#628=LINE('',#11091,#1440);
#629=LINE('',#11093,#1441);
#630=LINE('',#11094,#1442);
#631=LINE('',#11096,#1443);
#632=LINE('',#11098,#1444);
#633=LINE('',#11099,#1445);
#634=LINE('',#11101,#1446);
#635=LINE('',#11103,#1447);
#636=LINE('',#11106,#1448);
#637=LINE('',#11108,#1449);
#638=LINE('',#11110,#1450);
#639=LINE('',#11112,#1451);
#640=LINE('',#11114,#1452);
#641=LINE('',#11116,#1453);
#642=LINE('',#11118,#1454);
#643=LINE('',#11120,#1455);
#644=LINE('',#11122,#1456);
#645=LINE('',#11124,#1457);
#646=LINE('',#11126,#1458);
#647=LINE('',#11128,#1459);
#648=LINE('',#11130,#1460);
#649=LINE('',#11131,#1461);
#650=LINE('',#11133,#1462);
#651=LINE('',#11135,#1463);
#652=LINE('',#11138,#1464);
#653=LINE('',#11150,#1465);
#654=LINE('',#11153,#1466);
#655=LINE('',#11155,#1467);
#656=LINE('',#11157,#1468);
#657=LINE('',#11159,#1469);
#658=LINE('',#11161,#1470);
#659=LINE('',#11163,#1471);
#660=LINE('',#11165,#1472);
#661=LINE('',#11167,#1473);
#662=LINE('',#11168,#1474);
#663=LINE('',#11170,#1475);
#664=LINE('',#11172,#1476);
#665=LINE('',#11174,#1477);
#666=LINE('',#11176,#1478);
#667=LINE('',#11178,#1479);
#668=LINE('',#11180,#1480);
#669=LINE('',#11182,#1481);
#670=LINE('',#11184,#1482);
#671=LINE('',#11185,#1483);
#672=LINE('',#11187,#1484);
#673=LINE('',#11189,#1485);
#674=LINE('',#11191,#1486);
#675=LINE('',#11193,#1487);
#676=LINE('',#11195,#1488);
#677=LINE('',#11197,#1489);
#678=LINE('',#11199,#1490);
#679=LINE('',#11201,#1491);
#680=LINE('',#11203,#1492);
#681=LINE('',#11205,#1493);
#682=LINE('',#11207,#1494);
#683=LINE('',#11209,#1495);
#684=LINE('',#11211,#1496);
#685=LINE('',#11213,#1497);
#686=LINE('',#11215,#1498);
#687=LINE('',#11232,#1499);
#688=LINE('',#11235,#1500);
#689=LINE('',#11237,#1501);
#690=LINE('',#11239,#1502);
#691=LINE('',#11241,#1503);
#692=LINE('',#11243,#1504);
#693=LINE('',#11244,#1505);
#694=LINE('',#11247,#1506);
#695=LINE('',#11249,#1507);
#696=LINE('',#11251,#1508);
#697=LINE('',#11253,#1509);
#698=LINE('',#11255,#1510);
#699=LINE('',#11256,#1511);
#700=LINE('',#11259,#1512);
#701=LINE('',#11261,#1513);
#702=LINE('',#11263,#1514);
#703=LINE('',#11265,#1515);
#704=LINE('',#11267,#1516);
#705=LINE('',#11304,#1517);
#706=LINE('',#11306,#1518);
#707=LINE('',#11308,#1519);
#708=LINE('',#11310,#1520);
#709=LINE('',#11312,#1521);
#710=LINE('',#11314,#1522);
#711=LINE('',#11316,#1523);
#712=LINE('',#11318,#1524);
#713=LINE('',#11320,#1525);
#714=LINE('',#11322,#1526);
#715=LINE('',#11324,#1527);
#716=LINE('',#11326,#1528);
#717=LINE('',#11328,#1529);
#718=LINE('',#11330,#1530);
#719=LINE('',#11332,#1531);
#720=LINE('',#11334,#1532);
#721=LINE('',#11336,#1533);
#722=LINE('',#11338,#1534);
#723=LINE('',#11340,#1535);
#724=LINE('',#11354,#1536);
#725=LINE('',#11356,#1537);
#726=LINE('',#11358,#1538);
#727=LINE('',#11360,#1539);
#728=LINE('',#11363,#1540);
#729=LINE('',#11364,#1541);
#730=LINE('',#11366,#1542);
#731=LINE('',#11368,#1543);
#732=LINE('',#11370,#1544);
#733=LINE('',#11372,#1545);
#734=LINE('',#11374,#1546);
#735=LINE('',#11376,#1547);
#736=LINE('',#11378,#1548);
#737=LINE('',#11380,#1549);
#738=LINE('',#11382,#1550);
#739=LINE('',#11384,#1551);
#740=LINE('',#11386,#1552);
#741=LINE('',#11388,#1553);
#742=LINE('',#11390,#1554);
#743=LINE('',#11392,#1555);
#744=LINE('',#11394,#1556);
#745=LINE('',#11396,#1557);
#746=LINE('',#11398,#1558);
#747=LINE('',#11401,#1559);
#748=LINE('',#11402,#1560);
#749=LINE('',#11404,#1561);
#750=LINE('',#11406,#1562);
#751=LINE('',#11408,#1563);
#752=LINE('',#11410,#1564);
#753=LINE('',#11412,#1565);
#754=LINE('',#11414,#1566);
#755=LINE('',#11416,#1567);
#756=LINE('',#11418,#1568);
#757=LINE('',#11420,#1569);
#758=LINE('',#11422,#1570);
#759=LINE('',#11424,#1571);
#760=LINE('',#11426,#1572);
#761=LINE('',#11428,#1573);
#762=LINE('',#11466,#1574);
#763=LINE('',#11467,#1575);
#764=LINE('',#11469,#1576);
#765=LINE('',#11471,#1577);
#766=LINE('',#11473,#1578);
#767=LINE('',#11475,#1579);
#768=LINE('',#11477,#1580);
#769=LINE('',#11479,#1581);
#770=LINE('',#11480,#1582);
#771=LINE('',#11482,#1583);
#772=LINE('',#11484,#1584);
#773=LINE('',#11487,#1585);
#774=LINE('',#11488,#1586);
#775=LINE('',#11490,#1587);
#776=LINE('',#11493,#1588);
#777=LINE('',#11494,#1589);
#778=LINE('',#11496,#1590);
#779=LINE('',#11498,#1591);
#780=LINE('',#11500,#1592);
#781=LINE('',#11502,#1593);
#782=LINE('',#11504,#1594);
#783=LINE('',#11506,#1595);
#784=LINE('',#11508,#1596);
#785=LINE('',#11510,#1597);
#786=LINE('',#11512,#1598);
#787=LINE('',#11514,#1599);
#788=LINE('',#11516,#1600);
#789=LINE('',#11518,#1601);
#790=LINE('',#11520,#1602);
#791=LINE('',#11522,#1603);
#792=LINE('',#11524,#1604);
#793=LINE('',#11526,#1605);
#794=LINE('',#11528,#1606);
#795=LINE('',#11530,#1607);
#796=LINE('',#11532,#1608);
#797=LINE('',#11534,#1609);
#798=LINE('',#11536,#1610);
#799=LINE('',#11538,#1611);
#800=LINE('',#11540,#1612);
#801=LINE('',#11542,#1613);
#802=LINE('',#11544,#1614);
#803=LINE('',#11546,#1615);
#804=LINE('',#11548,#1616);
#805=LINE('',#11550,#1617);
#806=LINE('',#11552,#1618);
#807=LINE('',#11554,#1619);
#808=LINE('',#11556,#1620);
#809=LINE('',#11558,#1621);
#810=LINE('',#11560,#1622);
#811=LINE('',#11562,#1623);
#812=LINE('',#11564,#1624);
#813=LINE('',#11566,#1625);
#814=LINE('',#11568,#1626);
#815=LINE('',#11570,#1627);
#816=LINE('',#11572,#1628);
#817=LINE('',#11574,#1629);
#818=LINE('',#11576,#1630);
#819=LINE('',#11578,#1631);
#820=LINE('',#11580,#1632);
#821=LINE('',#11582,#1633);
#822=LINE('',#11584,#1634);
#823=LINE('',#11586,#1635);
#824=LINE('',#11588,#1636);
#825=LINE('',#11590,#1637);
#826=LINE('',#11592,#1638);
#827=LINE('',#11594,#1639);
#828=LINE('',#11596,#1640);
#829=LINE('',#11598,#1641);
#830=LINE('',#11600,#1642);
#831=LINE('',#11602,#1643);
#832=LINE('',#11606,#1644);
#833=LINE('',#11608,#1645);
#834=LINE('',#11610,#1646);
#835=LINE('',#11612,#1647);
#836=LINE('',#11614,#1648);
#837=LINE('',#11616,#1649);
#838=LINE('',#11618,#1650);
#839=LINE('',#11620,#1651);
#840=LINE('',#11622,#1652);
#841=LINE('',#11624,#1653);
#842=LINE('',#11628,#1654);
#843=LINE('',#11630,#1655);
#844=LINE('',#11632,#1656);
#845=LINE('',#11640,#1657);
#846=LINE('',#11642,#1658);
#847=LINE('',#11644,#1659);
#848=LINE('',#11646,#1660);
#849=LINE('',#11648,#1661);
#850=LINE('',#11650,#1662);
#851=LINE('',#11652,#1663);
#852=LINE('',#11654,#1664);
#853=LINE('',#11656,#1665);
#854=LINE('',#11658,#1666);
#855=LINE('',#11660,#1667);
#856=LINE('',#11662,#1668);
#857=LINE('',#11664,#1669);
#858=LINE('',#11666,#1670);
#859=LINE('',#11668,#1671);
#860=LINE('',#11670,#1672);
#861=LINE('',#11672,#1673);
#862=LINE('',#11673,#1674);
#863=LINE('',#11675,#1675);
#864=LINE('',#11677,#1676);
#865=LINE('',#11681,#1677);
#866=LINE('',#11683,#1678);
#867=LINE('',#11685,#1679);
#868=LINE('',#11687,#1680);
#869=LINE('',#11734,#1681);
#870=LINE('',#11737,#1682);
#871=LINE('',#11739,#1683);
#872=LINE('',#11741,#1684);
#873=LINE('',#11751,#1685);
#874=LINE('',#11753,#1686);
#875=LINE('',#11755,#1687);
#876=LINE('',#11757,#1688);
#877=LINE('',#11759,#1689);
#878=LINE('',#11761,#1690);
#879=LINE('',#11763,#1691);
#880=LINE('',#11765,#1692);
#881=LINE('',#11767,#1693);
#882=LINE('',#11769,#1694);
#883=LINE('',#11771,#1695);
#884=LINE('',#11773,#1696);
#885=LINE('',#11775,#1697);
#886=LINE('',#11777,#1698);
#887=LINE('',#11780,#1699);
#888=LINE('',#11781,#1700);
#889=LINE('',#11783,#1701);
#890=LINE('',#11785,#1702);
#891=LINE('',#11787,#1703);
#892=LINE('',#11789,#1704);
#893=LINE('',#11790,#1705);
#894=LINE('',#11792,#1706);
#895=LINE('',#11794,#1707);
#896=LINE('',#11796,#1708);
#897=LINE('',#11798,#1709);
#898=LINE('',#11800,#1710);
#899=LINE('',#11802,#1711);
#900=LINE('',#11804,#1712);
#901=LINE('',#11806,#1713);
#902=LINE('',#11807,#1714);
#903=LINE('',#11809,#1715);
#904=LINE('',#11811,#1716);
#905=LINE('',#11813,#1717);
#906=LINE('',#11815,#1718);
#907=LINE('',#11817,#1719);
#908=LINE('',#11819,#1720);
#909=LINE('',#11821,#1721);
#910=LINE('',#11824,#1722);
#911=LINE('',#11825,#1723);
#912=LINE('',#11827,#1724);
#913=LINE('',#11829,#1725);
#914=LINE('',#11835,#1726);
#915=LINE('',#11837,#1727);
#916=LINE('',#11839,#1728);
#917=LINE('',#11841,#1729);
#918=LINE('',#11843,#1730);
#919=LINE('',#11845,#1731);
#920=LINE('',#11847,#1732);
#921=LINE('',#11849,#1733);
#922=LINE('',#11851,#1734);
#923=LINE('',#11853,#1735);
#924=LINE('',#11855,#1736);
#925=LINE('',#11857,#1737);
#926=LINE('',#11859,#1738);
#927=LINE('',#11861,#1739);
#928=LINE('',#11863,#1740);
#929=LINE('',#11865,#1741);
#930=LINE('',#11877,#1742);
#931=LINE('',#11889,#1743);
#932=LINE('',#11902,#1744);
#933=LINE('',#11904,#1745);
#934=LINE('',#11920,#1746);
#935=LINE('',#11921,#1747);
#936=LINE('',#11923,#1748);
#937=LINE('',#11925,#1749);
#938=LINE('',#11927,#1750);
#939=LINE('',#11929,#1751);
#940=LINE('',#11932,#1752);
#941=LINE('',#11934,#1753);
#942=LINE('',#11936,#1754);
#943=LINE('',#11939,#1755);
#944=LINE('',#11941,#1756);
#945=LINE('',#11943,#1757);
#946=LINE('',#11945,#1758);
#947=LINE('',#11947,#1759);
#948=LINE('',#11949,#1760);
#949=LINE('',#11951,#1761);
#950=LINE('',#11953,#1762);
#951=LINE('',#11955,#1763);
#952=LINE('',#11957,#1764);
#953=LINE('',#11958,#1765);
#954=LINE('',#11960,#1766);
#955=LINE('',#11962,#1767);
#956=LINE('',#11964,#1768);
#957=LINE('',#11966,#1769);
#958=LINE('',#11968,#1770);
#959=LINE('',#11970,#1771);
#960=LINE('',#11971,#1772);
#961=LINE('',#11973,#1773);
#962=LINE('',#11975,#1774);
#963=LINE('',#11977,#1775);
#964=LINE('',#11979,#1776);
#965=LINE('',#11981,#1777);
#966=LINE('',#11983,#1778);
#967=LINE('',#11985,#1779);
#968=LINE('',#11987,#1780);
#969=LINE('',#11989,#1781);
#970=LINE('',#11996,#1782);
#971=LINE('',#12024,#1783);
#972=LINE('',#12028,#1784);
#973=LINE('',#12044,#1785);
#974=LINE('',#12048,#1786);
#975=LINE('',#12108,#1787);
#976=LINE('',#12119,#1788);
#977=LINE('',#12121,#1789);
#978=LINE('',#12127,#1790);
#979=LINE('',#12138,#1791);
#980=LINE('',#12154,#1792);
#981=LINE('',#12156,#1793);
#982=LINE('',#12157,#1794);
#983=LINE('',#12161,#1795);
#984=LINE('',#12163,#1796);
#985=LINE('',#12166,#1797);
#986=LINE('',#12167,#1798);
#987=LINE('',#12176,#1799);
#988=LINE('',#12178,#1800);
#989=LINE('',#12180,#1801);
#990=LINE('',#12181,#1802);
#991=LINE('',#12183,#1803);
#992=LINE('',#12185,#1804);
#993=LINE('',#12187,#1805);
#994=LINE('',#12189,#1806);
#995=LINE('',#12191,#1807);
#996=LINE('',#12193,#1808);
#997=LINE('',#12195,#1809);
#998=LINE('',#12197,#1810);
#999=LINE('',#12199,#1811);
#1000=LINE('',#12201,#1812);
#1001=LINE('',#12202,#1813);
#1002=LINE('',#12204,#1814);
#1003=LINE('',#12208,#1815);
#1004=LINE('',#12210,#1816);
#1005=LINE('',#12212,#1817);
#1006=LINE('',#12214,#1818);
#1007=LINE('',#12216,#1819);
#1008=LINE('',#12218,#1820);
#1009=LINE('',#12222,#1821);
#1010=LINE('',#12223,#1822);
#1011=LINE('',#12225,#1823);
#1012=LINE('',#12227,#1824);
#1013=LINE('',#12228,#1825);
#1014=LINE('',#12230,#1826);
#1015=LINE('',#12232,#1827);
#1016=LINE('',#12234,#1828);
#1017=LINE('',#12236,#1829);
#1018=LINE('',#12238,#1830);
#1019=LINE('',#12239,#1831);
#1020=LINE('',#12242,#1832);
#1021=LINE('',#12244,#1833);
#1022=LINE('',#12246,#1834);
#1023=LINE('',#12248,#1835);
#1024=LINE('',#12250,#1836);
#1025=LINE('',#12252,#1837);
#1026=LINE('',#12254,#1838);
#1027=LINE('',#12256,#1839);
#1028=LINE('',#12258,#1840);
#1029=LINE('',#12260,#1841);
#1030=LINE('',#12262,#1842);
#1031=LINE('',#12264,#1843);
#1032=LINE('',#12266,#1844);
#1033=LINE('',#12268,#1845);
#1034=LINE('',#12270,#1846);
#1035=LINE('',#12271,#1847);
#1036=LINE('',#12273,#1848);
#1037=LINE('',#12275,#1849);
#1038=LINE('',#12277,#1850);
#1039=LINE('',#12278,#1851);
#1040=LINE('',#12280,#1852);
#1041=LINE('',#12282,#1853);
#1042=LINE('',#12284,#1854);
#1043=LINE('',#12286,#1855);
#1044=LINE('',#12288,#1856);
#1045=LINE('',#12290,#1857);
#1046=LINE('',#12291,#1858);
#1047=LINE('',#12293,#1859);
#1048=LINE('',#12295,#1860);
#1049=LINE('',#12297,#1861);
#1050=LINE('',#12299,#1862);
#1051=LINE('',#12300,#1863);
#1052=LINE('',#12302,#1864);
#1053=LINE('',#12305,#1865);
#1054=LINE('',#12307,#1866);
#1055=LINE('',#12309,#1867);
#1056=LINE('',#12311,#1868);
#1057=LINE('',#12313,#1869);
#1058=LINE('',#12315,#1870);
#1059=LINE('',#12317,#1871);
#1060=LINE('',#12319,#1872);
#1061=LINE('',#12321,#1873);
#1062=LINE('',#12323,#1874);
#1063=LINE('',#12326,#1875);
#1064=LINE('',#12328,#1876);
#1065=LINE('',#12330,#1877);
#1066=LINE('',#12332,#1878);
#1067=LINE('',#12334,#1879);
#1068=LINE('',#12339,#1880);
#1069=LINE('',#12341,#1881);
#1070=LINE('',#12343,#1882);
#1071=LINE('',#12345,#1883);
#1072=LINE('',#12347,#1884);
#1073=LINE('',#12352,#1885);
#1074=LINE('',#12354,#1886);
#1075=LINE('',#12356,#1887);
#1076=LINE('',#12358,#1888);
#1077=LINE('',#12360,#1889);
#1078=LINE('',#12403,#1890);
#1079=LINE('',#12408,#1891);
#1080=LINE('',#12412,#1892);
#1081=LINE('',#12416,#1893);
#1082=LINE('',#12426,#1894);
#1083=LINE('',#12439,#1895);
#1084=LINE('',#12444,#1896);
#1085=LINE('',#12448,#1897);
#1086=LINE('',#12452,#1898);
#1087=LINE('',#12489,#1899);
#1088=LINE('',#12490,#1900);
#1089=LINE('',#12495,#1901);
#1090=LINE('',#12498,#1902);
#1091=LINE('',#12500,#1903);
#1092=LINE('',#12501,#1904);
#1093=LINE('',#12503,#1905);
#1094=LINE('',#12505,#1906);
#1095=LINE('',#12507,#1907);
#1096=LINE('',#12509,#1908);
#1097=LINE('',#12511,#1909);
#1098=LINE('',#12514,#1910);
#1099=LINE('',#12516,#1911);
#1100=LINE('',#12517,#1912);
#1101=LINE('',#12519,#1913);
#1102=LINE('',#12521,#1914);
#1103=LINE('',#12523,#1915);
#1104=LINE('',#12528,#1916);
#1105=LINE('',#12532,#1917);
#1106=LINE('',#12534,#1918);
#1107=LINE('',#12535,#1919);
#1108=LINE('',#12537,#1920);
#1109=LINE('',#12539,#1921);
#1110=LINE('',#12543,#1922);
#1111=LINE('',#12545,#1923);
#1112=LINE('',#12547,#1924);
#1113=LINE('',#12552,#1925);
#1114=LINE('',#12555,#1926);
#1115=LINE('',#12557,#1927);
#1116=LINE('',#12558,#1928);
#1117=LINE('',#12560,#1929);
#1118=LINE('',#12562,#1930);
#1119=LINE('',#12564,#1931);
#1120=LINE('',#12566,#1932);
#1121=LINE('',#12568,#1933);
#1122=LINE('',#12571,#1934);
#1123=LINE('',#12573,#1935);
#1124=LINE('',#12574,#1936);
#1125=LINE('',#12576,#1937);
#1126=LINE('',#12578,#1938);
#1127=LINE('',#12580,#1939);
#1128=LINE('',#12585,#1940);
#1129=LINE('',#12589,#1941);
#1130=LINE('',#12591,#1942);
#1131=LINE('',#12592,#1943);
#1132=LINE('',#12594,#1944);
#1133=LINE('',#12596,#1945);
#1134=LINE('',#12600,#1946);
#1135=LINE('',#12602,#1947);
#1136=LINE('',#12604,#1948);
#1137=LINE('',#12609,#1949);
#1138=LINE('',#12612,#1950);
#1139=LINE('',#12614,#1951);
#1140=LINE('',#12615,#1952);
#1141=LINE('',#12617,#1953);
#1142=LINE('',#12619,#1954);
#1143=LINE('',#12621,#1955);
#1144=LINE('',#12623,#1956);
#1145=LINE('',#12625,#1957);
#1146=LINE('',#12628,#1958);
#1147=LINE('',#12630,#1959);
#1148=LINE('',#12631,#1960);
#1149=LINE('',#12633,#1961);
#1150=LINE('',#12635,#1962);
#1151=LINE('',#12637,#1963);
#1152=LINE('',#12642,#1964);
#1153=LINE('',#12646,#1965);
#1154=LINE('',#12648,#1966);
#1155=LINE('',#12649,#1967);
#1156=LINE('',#12651,#1968);
#1157=LINE('',#12653,#1969);
#1158=LINE('',#12657,#1970);
#1159=LINE('',#12659,#1971);
#1160=LINE('',#12661,#1972);
#1161=LINE('',#12666,#1973);
#1162=LINE('',#12669,#1974);
#1163=LINE('',#12671,#1975);
#1164=LINE('',#12672,#1976);
#1165=LINE('',#12674,#1977);
#1166=LINE('',#12676,#1978);
#1167=LINE('',#12678,#1979);
#1168=LINE('',#12680,#1980);
#1169=LINE('',#12682,#1981);
#1170=LINE('',#12685,#1982);
#1171=LINE('',#12687,#1983);
#1172=LINE('',#12688,#1984);
#1173=LINE('',#12690,#1985);
#1174=LINE('',#12692,#1986);
#1175=LINE('',#12694,#1987);
#1176=LINE('',#12699,#1988);
#1177=LINE('',#12703,#1989);
#1178=LINE('',#12705,#1990);
#1179=LINE('',#12706,#1991);
#1180=LINE('',#12708,#1992);
#1181=LINE('',#12710,#1993);
#1182=LINE('',#12714,#1994);
#1183=LINE('',#12716,#1995);
#1184=LINE('',#12718,#1996);
#1185=LINE('',#12723,#1997);
#1186=LINE('',#12726,#1998);
#1187=LINE('',#12728,#1999);
#1188=LINE('',#12729,#2000);
#1189=LINE('',#12731,#2001);
#1190=LINE('',#12733,#2002);
#1191=LINE('',#12735,#2003);
#1192=LINE('',#12737,#2004);
#1193=LINE('',#12739,#2005);
#1194=LINE('',#12741,#2006);
#1195=LINE('',#12744,#2007);
#1196=LINE('',#12746,#2008);
#1197=LINE('',#12747,#2009);
#1198=LINE('',#12749,#2010);
#1199=LINE('',#12751,#2011);
#1200=LINE('',#12754,#2012);
#1201=LINE('',#12756,#2013);
#1202=LINE('',#12757,#2014);
#1203=LINE('',#12759,#2015);
#1204=LINE('',#12761,#2016);
#1205=LINE('',#12763,#2017);
#1206=LINE('',#12765,#2018);
#1207=LINE('',#12767,#2019);
#1208=LINE('',#12769,#2020);
#1209=LINE('',#12772,#2021);
#1210=LINE('',#12774,#2022);
#1211=LINE('',#12775,#2023);
#1212=LINE('',#12777,#2024);
#1213=LINE('',#12779,#2025);
#1214=LINE('',#12781,#2026);
#1215=LINE('',#12783,#2027);
#1216=LINE('',#12784,#2028);
#1217=LINE('',#12785,#2029);
#1218=LINE('',#12787,#2030);
#1219=LINE('',#12788,#2031);
#1220=LINE('',#12791,#2032);
#1221=LINE('',#12792,#2033);
#1222=LINE('',#12795,#2034);
#1223=LINE('',#12797,#2035);
#1224=LINE('',#12798,#2036);
#1225=LINE('',#12805,#2037);
#1226=LINE('',#12807,#2038);
#1227=LINE('',#12809,#2039);
#1228=LINE('',#12811,#2040);
#1229=LINE('',#12813,#2041);
#1230=LINE('',#12815,#2042);
#1231=LINE('',#12819,#2043);
#1232=LINE('',#12821,#2044);
#1233=LINE('',#12824,#2045);
#1234=LINE('',#12826,#2046);
#1235=LINE('',#12828,#2047);
#1236=LINE('',#12830,#2048);
#1237=LINE('',#12832,#2049);
#1238=LINE('',#12834,#2050);
#1239=LINE('',#12838,#2051);
#1240=LINE('',#12840,#2052);
#1241=VECTOR('',#8429,1000.);
#1242=VECTOR('',#8432,1000.);
#1243=VECTOR('',#8437,1000.);
#1244=VECTOR('',#8440,1000.);
#1245=VECTOR('',#8449,1000.);
#1246=VECTOR('',#8450,1000.);
#1247=VECTOR('',#8453,1000.);
#1248=VECTOR('',#8454,1000.);
#1249=VECTOR('',#8457,1000.);
#1250=VECTOR('',#8458,1000.);
#1251=VECTOR('',#8459,1000.);
#1252=VECTOR('',#8460,1000.);
#1253=VECTOR('',#8463,1000.);
#1254=VECTOR('',#8464,1000.);
#1255=VECTOR('',#8465,1000.);
#1256=VECTOR('',#8468,1000.);
#1257=VECTOR('',#8469,1000.);
#1258=VECTOR('',#8470,1000.);
#1259=VECTOR('',#8471,1000.);
#1260=VECTOR('',#8472,1000.);
#1261=VECTOR('',#8473,1000.);
#1262=VECTOR('',#8474,1000.);
#1263=VECTOR('',#8475,1000.);
#1264=VECTOR('',#8476,1000.);
#1265=VECTOR('',#8477,1000.);
#1266=VECTOR('',#8478,1000.);
#1267=VECTOR('',#8479,1000.);
#1268=VECTOR('',#8480,1000.);
#1269=VECTOR('',#8483,1000.);
#1270=VECTOR('',#8484,1000.);
#1271=VECTOR('',#8485,1000.);
#1272=VECTOR('',#8488,1000.);
#1273=VECTOR('',#8489,1000.);
#1274=VECTOR('',#8490,1000.);
#1275=VECTOR('',#8491,1000.);
#1276=VECTOR('',#8496,1000.);
#1277=VECTOR('',#8499,1000.);
#1278=VECTOR('',#8500,1000.);
#1279=VECTOR('',#8505,1000.);
#1280=VECTOR('',#8512,1000.);
#1281=VECTOR('',#8513,1000.);
#1282=VECTOR('',#8514,1000.);
#1283=VECTOR('',#8517,1000.);
#1284=VECTOR('',#8518,1000.);
#1285=VECTOR('',#8519,1000.);
#1286=VECTOR('',#8520,1000.);
#1287=VECTOR('',#8521,1000.);
#1288=VECTOR('',#8524,1000.);
#1289=VECTOR('',#8525,1000.);
#1290=VECTOR('',#8526,1000.);
#1291=VECTOR('',#8529,1000.);
#1292=VECTOR('',#8530,1000.);
#1293=VECTOR('',#8533,1000.);
#1294=VECTOR('',#8534,1000.);
#1295=VECTOR('',#8537,1000.);
#1296=VECTOR('',#8538,1000.);
#1297=VECTOR('',#8539,1000.);
#1298=VECTOR('',#8540,1000.);
#1299=VECTOR('',#8541,1000.);
#1300=VECTOR('',#8542,1000.);
#1301=VECTOR('',#8543,1000.);
#1302=VECTOR('',#8544,1000.);
#1303=VECTOR('',#8545,1000.);
#1304=VECTOR('',#8548,1000.);
#1305=VECTOR('',#8551,1000.);
#1306=VECTOR('',#8552,1000.);
#1307=VECTOR('',#8555,1000.);
#1308=VECTOR('',#8556,1000.);
#1309=VECTOR('',#8557,1000.);
#1310=VECTOR('',#8558,1000.);
#1311=VECTOR('',#8559,1000.);
#1312=VECTOR('',#8560,1000.);
#1313=VECTOR('',#8561,1000.);
#1314=VECTOR('',#8562,1000.);
#1315=VECTOR('',#8563,1000.);
#1316=VECTOR('',#8564,1000.);
#1317=VECTOR('',#8565,1000.);
#1318=VECTOR('',#8566,1000.);
#1319=VECTOR('',#8567,1000.);
#1320=VECTOR('',#8568,1000.);
#1321=VECTOR('',#8619,1000.);
#1322=VECTOR('',#8620,1000.);
#1323=VECTOR('',#8621,1000.);
#1324=VECTOR('',#8624,1000.);
#1325=VECTOR('',#8625,1000.);
#1326=VECTOR('',#8626,1000.);
#1327=VECTOR('',#8629,1000.);
#1328=VECTOR('',#8630,1000.);
#1329=VECTOR('',#8643,1000.);
#1330=VECTOR('',#8646,1000.);
#1331=VECTOR('',#8653,1000.);
#1332=VECTOR('',#8656,1000.);
#1333=VECTOR('',#8657,1000.);
#1334=VECTOR('',#8658,1000.);
#1335=VECTOR('',#8659,1000.);
#1336=VECTOR('',#8660,1000.);
#1337=VECTOR('',#8663,1000.);
#1338=VECTOR('',#8666,1000.);
#1339=VECTOR('',#8667,1000.);
#1340=VECTOR('',#8670,1000.);
#1341=VECTOR('',#8671,1000.);
#1342=VECTOR('',#8672,1000.);
#1343=VECTOR('',#8673,1000.);
#1344=VECTOR('',#8674,1000.);
#1345=VECTOR('',#8675,1000.);
#1346=VECTOR('',#8676,1000.);
#1347=VECTOR('',#8677,1000.);
#1348=VECTOR('',#8678,1000.);
#1349=VECTOR('',#8679,1000.);
#1350=VECTOR('',#8680,1000.);
#1351=VECTOR('',#8681,1000.);
#1352=VECTOR('',#8684,1000.);
#1353=VECTOR('',#8687,1000.);
#1354=VECTOR('',#8688,1000.);
#1355=VECTOR('',#8691,1000.);
#1356=VECTOR('',#8692,1000.);
#1357=VECTOR('',#8695,1000.);
#1358=VECTOR('',#8696,1000.);
#1359=VECTOR('',#8699,1000.);
#1360=VECTOR('',#8700,1000.);
#1361=VECTOR('',#8701,1000.);
#1362=VECTOR('',#8704,1000.);
#1363=VECTOR('',#8705,1000.);
#1364=VECTOR('',#8708,1000.);
#1365=VECTOR('',#8711,1000.);
#1366=VECTOR('',#8712,1000.);
#1367=VECTOR('',#8719,1000.);
#1368=VECTOR('',#8720,1000.);
#1369=VECTOR('',#8721,1000.);
#1370=VECTOR('',#8722,1000.);
#1371=VECTOR('',#8723,1000.);
#1372=VECTOR('',#8726,1000.);
#1373=VECTOR('',#8727,1000.);
#1374=VECTOR('',#8728,1000.);
#1375=VECTOR('',#8729,1000.);
#1376=VECTOR('',#8730,1000.);
#1377=VECTOR('',#8733,1000.);
#1378=VECTOR('',#8734,1000.);
#1379=VECTOR('',#8735,1000.);
#1380=VECTOR('',#8736,1000.);
#1381=VECTOR('',#8737,1000.);
#1382=VECTOR('',#8740,1000.);
#1383=VECTOR('',#8741,1000.);
#1384=VECTOR('',#8742,1000.);
#1385=VECTOR('',#8743,1000.);
#1386=VECTOR('',#8744,1000.);
#1387=VECTOR('',#8747,1000.);
#1388=VECTOR('',#8748,1000.);
#1389=VECTOR('',#8749,1000.);
#1390=VECTOR('',#8750,1000.);
#1391=VECTOR('',#8751,1000.);
#1392=VECTOR('',#8752,1000.);
#1393=VECTOR('',#8753,1000.);
#1394=VECTOR('',#8754,1000.);
#1395=VECTOR('',#8755,1000.);
#1396=VECTOR('',#8756,1000.);
#1397=VECTOR('',#8757,1000.);
#1398=VECTOR('',#8758,1000.);
#1399=VECTOR('',#8759,1000.);
#1400=VECTOR('',#8760,1000.);
#1401=VECTOR('',#8761,1000.);
#1402=VECTOR('',#8764,1000.);
#1403=VECTOR('',#8765,1000.);
#1404=VECTOR('',#8766,1000.);
#1405=VECTOR('',#8767,1000.);
#1406=VECTOR('',#8768,1000.);
#1407=VECTOR('',#8771,1000.);
#1408=VECTOR('',#8772,1000.);
#1409=VECTOR('',#8773,1000.);
#1410=VECTOR('',#8774,1000.);
#1411=VECTOR('',#8777,1000.);
#1412=VECTOR('',#8778,1000.);
#1413=VECTOR('',#8781,1000.);
#1414=VECTOR('',#8782,1000.);
#1415=VECTOR('',#8783,1000.);
#1416=VECTOR('',#8784,1000.);
#1417=VECTOR('',#8787,1000.);
#1418=VECTOR('',#8788,1000.);
#1419=VECTOR('',#8789,1000.);
#1420=VECTOR('',#8792,1000.);
#1421=VECTOR('',#8795,1000.);
#1422=VECTOR('',#8796,1000.);
#1423=VECTOR('',#8799,1000.);
#1424=VECTOR('',#8802,1000.);
#1425=VECTOR('',#8803,1000.);
#1426=VECTOR('',#8804,1000.);
#1427=VECTOR('',#8805,1000.);
#1428=VECTOR('',#8806,1000.);
#1429=VECTOR('',#8807,1000.);
#1430=VECTOR('',#8808,1000.);
#1431=VECTOR('',#8809,1000.);
#1432=VECTOR('',#8816,1000.);
#1433=VECTOR('',#8817,1000.);
#1434=VECTOR('',#8818,1000.);
#1435=VECTOR('',#8821,1000.);
#1436=VECTOR('',#8822,1000.);
#1437=VECTOR('',#8823,1000.);
#1438=VECTOR('',#8824,1000.);
#1439=VECTOR('',#8825,1000.);
#1440=VECTOR('',#8828,1000.);
#1441=VECTOR('',#8829,1000.);
#1442=VECTOR('',#8830,1000.);
#1443=VECTOR('',#8833,1000.);
#1444=VECTOR('',#8834,1000.);
#1445=VECTOR('',#8835,1000.);
#1446=VECTOR('',#8838,1000.);
#1447=VECTOR('',#8839,1000.);
#1448=VECTOR('',#8844,1000.);
#1449=VECTOR('',#8845,1000.);
#1450=VECTOR('',#8848,1000.);
#1451=VECTOR('',#8849,1000.);
#1452=VECTOR('',#8852,1000.);
#1453=VECTOR('',#8853,1000.);
#1454=VECTOR('',#8856,1000.);
#1455=VECTOR('',#8857,1000.);
#1456=VECTOR('',#8860,1000.);
#1457=VECTOR('',#8861,1000.);
#1458=VECTOR('',#8864,1000.);
#1459=VECTOR('',#8865,1000.);
#1460=VECTOR('',#8866,1000.);
#1461=VECTOR('',#8867,1000.);
#1462=VECTOR('',#8870,1000.);
#1463=VECTOR('',#8871,1000.);
#1464=VECTOR('',#8876,1000.);
#1465=VECTOR('',#8891,1000.);
#1466=VECTOR('',#8892,1000.);
#1467=VECTOR('',#8893,1000.);
#1468=VECTOR('',#8894,1000.);
#1469=VECTOR('',#8895,1000.);
#1470=VECTOR('',#8896,1000.);
#1471=VECTOR('',#8897,1000.);
#1472=VECTOR('',#8898,1000.);
#1473=VECTOR('',#8899,1000.);
#1474=VECTOR('',#8900,1000.);
#1475=VECTOR('',#8901,1000.);
#1476=VECTOR('',#8902,1000.);
#1477=VECTOR('',#8903,1000.);
#1478=VECTOR('',#8904,1000.);
#1479=VECTOR('',#8905,1000.);
#1480=VECTOR('',#8906,1000.);
#1481=VECTOR('',#8907,1000.);
#1482=VECTOR('',#8908,1000.);
#1483=VECTOR('',#8909,1000.);
#1484=VECTOR('',#8910,1000.);
#1485=VECTOR('',#8911,1000.);
#1486=VECTOR('',#8912,1000.);
#1487=VECTOR('',#8913,1000.);
#1488=VECTOR('',#8914,1000.);
#1489=VECTOR('',#8915,1000.);
#1490=VECTOR('',#8916,1000.);
#1491=VECTOR('',#8917,1000.);
#1492=VECTOR('',#8918,1000.);
#1493=VECTOR('',#8919,1000.);
#1494=VECTOR('',#8920,1000.);
#1495=VECTOR('',#8921,1000.);
#1496=VECTOR('',#8922,1000.);
#1497=VECTOR('',#8923,1000.);
#1498=VECTOR('',#8924,1000.);
#1499=VECTOR('',#8941,1000.);
#1500=VECTOR('',#8942,1000.);
#1501=VECTOR('',#8943,1000.);
#1502=VECTOR('',#8944,1000.);
#1503=VECTOR('',#8945,1000.);
#1504=VECTOR('',#8946,1000.);
#1505=VECTOR('',#8947,1000.);
#1506=VECTOR('',#8948,1000.);
#1507=VECTOR('',#8949,1000.);
#1508=VECTOR('',#8950,1000.);
#1509=VECTOR('',#8951,1000.);
#1510=VECTOR('',#8952,1000.);
#1511=VECTOR('',#8953,1000.);
#1512=VECTOR('',#8954,1000.);
#1513=VECTOR('',#8955,1000.);
#1514=VECTOR('',#8956,1000.);
#1515=VECTOR('',#8957,1000.);
#1516=VECTOR('',#8958,1000.);
#1517=VECTOR('',#9003,1000.);
#1518=VECTOR('',#9004,1000.);
#1519=VECTOR('',#9005,1000.);
#1520=VECTOR('',#9008,1000.);
#1521=VECTOR('',#9009,1000.);
#1522=VECTOR('',#9012,1000.);
#1523=VECTOR('',#9013,1000.);
#1524=VECTOR('',#9016,1000.);
#1525=VECTOR('',#9017,1000.);
#1526=VECTOR('',#9020,1000.);
#1527=VECTOR('',#9021,1000.);
#1528=VECTOR('',#9024,1000.);
#1529=VECTOR('',#9027,1000.);
#1530=VECTOR('',#9028,1000.);
#1531=VECTOR('',#9029,1000.);
#1532=VECTOR('',#9032,1000.);
#1533=VECTOR('',#9033,1000.);
#1534=VECTOR('',#9036,1000.);
#1535=VECTOR('',#9037,1000.);
#1536=VECTOR('',#9054,1000.);
#1537=VECTOR('',#9055,1000.);
#1538=VECTOR('',#9056,1000.);
#1539=VECTOR('',#9059,1000.);
#1540=VECTOR('',#9060,1000.);
#1541=VECTOR('',#9061,1000.);
#1542=VECTOR('',#9064,1000.);
#1543=VECTOR('',#9067,1000.);
#1544=VECTOR('',#9068,1000.);
#1545=VECTOR('',#9071,1000.);
#1546=VECTOR('',#9072,1000.);
#1547=VECTOR('',#9075,1000.);
#1548=VECTOR('',#9078,1000.);
#1549=VECTOR('',#9079,1000.);
#1550=VECTOR('',#9080,1000.);
#1551=VECTOR('',#9083,1000.);
#1552=VECTOR('',#9084,1000.);
#1553=VECTOR('',#9087,1000.);
#1554=VECTOR('',#9088,1000.);
#1555=VECTOR('',#9091,1000.);
#1556=VECTOR('',#9092,1000.);
#1557=VECTOR('',#9093,1000.);
#1558=VECTOR('',#9096,1000.);
#1559=VECTOR('',#9097,1000.);
#1560=VECTOR('',#9098,1000.);
#1561=VECTOR('',#9101,1000.);
#1562=VECTOR('',#9104,1000.);
#1563=VECTOR('',#9105,1000.);
#1564=VECTOR('',#9108,1000.);
#1565=VECTOR('',#9109,1000.);
#1566=VECTOR('',#9112,1000.);
#1567=VECTOR('',#9115,1000.);
#1568=VECTOR('',#9116,1000.);
#1569=VECTOR('',#9117,1000.);
#1570=VECTOR('',#9120,1000.);
#1571=VECTOR('',#9121,1000.);
#1572=VECTOR('',#9124,1000.);
#1573=VECTOR('',#9125,1000.);
#1574=VECTOR('',#9170,1000.);
#1575=VECTOR('',#9171,1000.);
#1576=VECTOR('',#9174,1000.);
#1577=VECTOR('',#9177,1000.);
#1578=VECTOR('',#9178,1000.);
#1579=VECTOR('',#9181,1000.);
#1580=VECTOR('',#9182,1000.);
#1581=VECTOR('',#9185,1000.);
#1582=VECTOR('',#9186,1000.);
#1583=VECTOR('',#9189,1000.);
#1584=VECTOR('',#9192,1000.);
#1585=VECTOR('',#9193,1000.);
#1586=VECTOR('',#9194,1000.);
#1587=VECTOR('',#9197,1000.);
#1588=VECTOR('',#9198,1000.);
#1589=VECTOR('',#9199,1000.);
#1590=VECTOR('',#9202,1000.);
#1591=VECTOR('',#9203,1000.);
#1592=VECTOR('',#9206,1000.);
#1593=VECTOR('',#9207,1000.);
#1594=VECTOR('',#9208,1000.);
#1595=VECTOR('',#9211,1000.);
#1596=VECTOR('',#9212,1000.);
#1597=VECTOR('',#9215,1000.);
#1598=VECTOR('',#9216,1000.);
#1599=VECTOR('',#9219,1000.);
#1600=VECTOR('',#9220,1000.);
#1601=VECTOR('',#9223,1000.);
#1602=VECTOR('',#9224,1000.);
#1603=VECTOR('',#9227,1000.);
#1604=VECTOR('',#9228,1000.);
#1605=VECTOR('',#9229,1000.);
#1606=VECTOR('',#9232,1000.);
#1607=VECTOR('',#9233,1000.);
#1608=VECTOR('',#9234,1000.);
#1609=VECTOR('',#9237,1000.);
#1610=VECTOR('',#9238,1000.);
#1611=VECTOR('',#9241,1000.);
#1612=VECTOR('',#9242,1000.);
#1613=VECTOR('',#9245,1000.);
#1614=VECTOR('',#9246,1000.);
#1615=VECTOR('',#9249,1000.);
#1616=VECTOR('',#9252,1000.);
#1617=VECTOR('',#9253,1000.);
#1618=VECTOR('',#9256,1000.);
#1619=VECTOR('',#9257,1000.);
#1620=VECTOR('',#9260,1000.);
#1621=VECTOR('',#9263,1000.);
#1622=VECTOR('',#9264,1000.);
#1623=VECTOR('',#9267,1000.);
#1624=VECTOR('',#9268,1000.);
#1625=VECTOR('',#9271,1000.);
#1626=VECTOR('',#9274,1000.);
#1627=VECTOR('',#9277,1000.);
#1628=VECTOR('',#9278,1000.);
#1629=VECTOR('',#9281,1000.);
#1630=VECTOR('',#9282,1000.);
#1631=VECTOR('',#9285,1000.);
#1632=VECTOR('',#9288,1000.);
#1633=VECTOR('',#9291,1000.);
#1634=VECTOR('',#9294,1000.);
#1635=VECTOR('',#9297,1000.);
#1636=VECTOR('',#9300,1000.);
#1637=VECTOR('',#9303,1000.);
#1638=VECTOR('',#9304,1000.);
#1639=VECTOR('',#9307,1000.);
#1640=VECTOR('',#9308,1000.);
#1641=VECTOR('',#9311,1000.);
#1642=VECTOR('',#9314,1000.);
#1643=VECTOR('',#9317,1000.);
#1644=VECTOR('',#9320,1000.);
#1645=VECTOR('',#9321,1000.);
#1646=VECTOR('',#9322,1000.);
#1647=VECTOR('',#9323,1000.);
#1648=VECTOR('',#9324,1000.);
#1649=VECTOR('',#9325,1000.);
#1650=VECTOR('',#9326,1000.);
#1651=VECTOR('',#9327,1000.);
#1652=VECTOR('',#9328,1000.);
#1653=VECTOR('',#9329,1000.);
#1654=VECTOR('',#9334,1000.);
#1655=VECTOR('',#9335,1000.);
#1656=VECTOR('',#9336,1000.);
#1657=VECTOR('',#9339,1000.);
#1658=VECTOR('',#9340,1000.);
#1659=VECTOR('',#9341,1000.);
#1660=VECTOR('',#9342,1000.);
#1661=VECTOR('',#9345,1000.);
#1662=VECTOR('',#9346,1000.);
#1663=VECTOR('',#9349,1000.);
#1664=VECTOR('',#9350,1000.);
#1665=VECTOR('',#9353,1000.);
#1666=VECTOR('',#9354,1000.);
#1667=VECTOR('',#9355,1000.);
#1668=VECTOR('',#9358,1000.);
#1669=VECTOR('',#9359,1000.);
#1670=VECTOR('',#9360,1000.);
#1671=VECTOR('',#9363,1000.);
#1672=VECTOR('',#9364,1000.);
#1673=VECTOR('',#9365,1000.);
#1674=VECTOR('',#9366,1000.);
#1675=VECTOR('',#9367,1000.);
#1676=VECTOR('',#9368,1000.);
#1677=VECTOR('',#9373,1000.);
#1678=VECTOR('',#9374,1000.);
#1679=VECTOR('',#9377,1000.);
#1680=VECTOR('',#9378,1000.);
#1681=VECTOR('',#9437,1000.);
#1682=VECTOR('',#9438,1000.);
#1683=VECTOR('',#9439,1000.);
#1684=VECTOR('',#9440,1000.);
#1685=VECTOR('',#9447,1000.);
#1686=VECTOR('',#9448,1000.);
#1687=VECTOR('',#9449,1000.);
#1688=VECTOR('',#9450,1000.);
#1689=VECTOR('',#9453,1000.);
#1690=VECTOR('',#9456,1000.);
#1691=VECTOR('',#9459,1000.);
#1692=VECTOR('',#9460,1000.);
#1693=VECTOR('',#9461,1000.);
#1694=VECTOR('',#9462,1000.);
#1695=VECTOR('',#9465,1000.);
#1696=VECTOR('',#9466,1000.);
#1697=VECTOR('',#9467,1000.);
#1698=VECTOR('',#9470,1000.);
#1699=VECTOR('',#9471,1000.);
#1700=VECTOR('',#9472,1000.);
#1701=VECTOR('',#9475,1000.);
#1702=VECTOR('',#9476,1000.);
#1703=VECTOR('',#9477,1000.);
#1704=VECTOR('',#9478,1000.);
#1705=VECTOR('',#9479,1000.);
#1706=VECTOR('',#9480,1000.);
#1707=VECTOR('',#9481,1000.);
#1708=VECTOR('',#9484,1000.);
#1709=VECTOR('',#9485,1000.);
#1710=VECTOR('',#9486,1000.);
#1711=VECTOR('',#9487,1000.);
#1712=VECTOR('',#9488,1000.);
#1713=VECTOR('',#9489,1000.);
#1714=VECTOR('',#9490,1000.);
#1715=VECTOR('',#9493,1000.);
#1716=VECTOR('',#9494,1000.);
#1717=VECTOR('',#9497,1000.);
#1718=VECTOR('',#9498,1000.);
#1719=VECTOR('',#9499,1000.);
#1720=VECTOR('',#9500,1000.);
#1721=VECTOR('',#9503,1000.);
#1722=VECTOR('',#9504,1000.);
#1723=VECTOR('',#9505,1000.);
#1724=VECTOR('',#9508,1000.);
#1725=VECTOR('',#9511,1000.);
#1726=VECTOR('',#9522,1000.);
#1727=VECTOR('',#9523,1000.);
#1728=VECTOR('',#9526,1000.);
#1729=VECTOR('',#9527,1000.);
#1730=VECTOR('',#9530,1000.);
#1731=VECTOR('',#9531,1000.);
#1732=VECTOR('',#9534,1000.);
#1733=VECTOR('',#9535,1000.);
#1734=VECTOR('',#9538,1000.);
#1735=VECTOR('',#9539,1000.);
#1736=VECTOR('',#9542,1000.);
#1737=VECTOR('',#9543,1000.);
#1738=VECTOR('',#9546,1000.);
#1739=VECTOR('',#9547,1000.);
#1740=VECTOR('',#9550,1000.);
#1741=VECTOR('',#9551,1000.);
#1742=VECTOR('',#9554,1000.);
#1743=VECTOR('',#9557,1000.);
#1744=VECTOR('',#9578,1000.);
#1745=VECTOR('',#9581,1000.);
#1746=VECTOR('',#9604,1000.);
#1747=VECTOR('',#9605,1000.);
#1748=VECTOR('',#9606,1000.);
#1749=VECTOR('',#9607,1000.);
#1750=VECTOR('',#9610,1000.);
#1751=VECTOR('',#9613,1000.);
#1752=VECTOR('',#9618,1000.);
#1753=VECTOR('',#9619,1000.);
#1754=VECTOR('',#9620,1000.);
#1755=VECTOR('',#9625,1000.);
#1756=VECTOR('',#9626,1000.);
#1757=VECTOR('',#9627,1000.);
#1758=VECTOR('',#9628,1000.);
#1759=VECTOR('',#9629,1000.);
#1760=VECTOR('',#9630,1000.);
#1761=VECTOR('',#9631,1000.);
#1762=VECTOR('',#9632,1000.);
#1763=VECTOR('',#9633,1000.);
#1764=VECTOR('',#9634,1000.);
#1765=VECTOR('',#9635,1000.);
#1766=VECTOR('',#9636,1000.);
#1767=VECTOR('',#9637,1000.);
#1768=VECTOR('',#9638,1000.);
#1769=VECTOR('',#9641,1000.);
#1770=VECTOR('',#9644,1000.);
#1771=VECTOR('',#9645,1000.);
#1772=VECTOR('',#9646,1000.);
#1773=VECTOR('',#9649,1000.);
#1774=VECTOR('',#9652,1000.);
#1775=VECTOR('',#9655,1000.);
#1776=VECTOR('',#9656,1000.);
#1777=VECTOR('',#9657,1000.);
#1778=VECTOR('',#9660,1000.);
#1779=VECTOR('',#9661,1000.);
#1780=VECTOR('',#9664,1000.);
#1781=VECTOR('',#9665,1000.);
#1782=VECTOR('',#9668,1000.);
#1783=VECTOR('',#9695,1000.);
#1784=VECTOR('',#9698,1000.);
#1785=VECTOR('',#9709,1000.);
#1786=VECTOR('',#9712,1000.);
#1787=VECTOR('',#9749,1000.);
#1788=VECTOR('',#9754,1000.);
#1789=VECTOR('',#9757,1000.);
#1790=VECTOR('',#9764,1000.);
#1791=VECTOR('',#9771,1000.);
#1792=VECTOR('',#9780,1000.);
#1793=VECTOR('',#9781,1000.);
#1794=VECTOR('',#9782,1000.);
#1795=VECTOR('',#9789,1000.);
#1796=VECTOR('',#9790,1000.);
#1797=VECTOR('',#9795,1000.);
#1798=VECTOR('',#9796,1000.);
#1799=VECTOR('',#9805,1000.);
#1800=VECTOR('',#9806,1000.);
#1801=VECTOR('',#9809,1000.);
#1802=VECTOR('',#9810,1000.);
#1803=VECTOR('',#9813,1000.);
#1804=VECTOR('',#9814,1000.);
#1805=VECTOR('',#9817,1000.);
#1806=VECTOR('',#9820,1000.);
#1807=VECTOR('',#9821,1000.);
#1808=VECTOR('',#9824,1000.);
#1809=VECTOR('',#9825,1000.);
#1810=VECTOR('',#9828,1000.);
#1811=VECTOR('',#9829,1000.);
#1812=VECTOR('',#9832,1000.);
#1813=VECTOR('',#9833,1000.);
#1814=VECTOR('',#9836,1000.);
#1815=VECTOR('',#9843,1000.);
#1816=VECTOR('',#9846,1000.);
#1817=VECTOR('',#9847,1000.);
#1818=VECTOR('',#9850,1000.);
#1819=VECTOR('',#9851,1000.);
#1820=VECTOR('',#9854,1000.);
#1821=VECTOR('',#9861,1000.);
#1822=VECTOR('',#9862,1000.);
#1823=VECTOR('',#9865,1000.);
#1824=VECTOR('',#9866,1000.);
#1825=VECTOR('',#9867,1000.);
#1826=VECTOR('',#9868,1000.);
#1827=VECTOR('',#9869,1000.);
#1828=VECTOR('',#9872,1000.);
#1829=VECTOR('',#9873,1000.);
#1830=VECTOR('',#9874,1000.);
#1831=VECTOR('',#9875,1000.);
#1832=VECTOR('',#9876,1000.);
#1833=VECTOR('',#9877,1000.);
#1834=VECTOR('',#9878,1000.);
#1835=VECTOR('',#9881,1000.);
#1836=VECTOR('',#9882,1000.);
#1837=VECTOR('',#9885,1000.);
#1838=VECTOR('',#9886,1000.);
#1839=VECTOR('',#9887,1000.);
#1840=VECTOR('',#9890,1000.);
#1841=VECTOR('',#9891,1000.);
#1842=VECTOR('',#9894,1000.);
#1843=VECTOR('',#9895,1000.);
#1844=VECTOR('',#9898,1000.);
#1845=VECTOR('',#9899,1000.);
#1846=VECTOR('',#9900,1000.);
#1847=VECTOR('',#9901,1000.);
#1848=VECTOR('',#9902,1000.);
#1849=VECTOR('',#9903,1000.);
#1850=VECTOR('',#9904,1000.);
#1851=VECTOR('',#9905,1000.);
#1852=VECTOR('',#9906,1000.);
#1853=VECTOR('',#9907,1000.);
#1854=VECTOR('',#9910,1000.);
#1855=VECTOR('',#9913,1000.);
#1856=VECTOR('',#9916,1000.);
#1857=VECTOR('',#9919,1000.);
#1858=VECTOR('',#9920,1000.);
#1859=VECTOR('',#9923,1000.);
#1860=VECTOR('',#9924,1000.);
#1861=VECTOR('',#9927,1000.);
#1862=VECTOR('',#9930,1000.);
#1863=VECTOR('',#9931,1000.);
#1864=VECTOR('',#9934,1000.);
#1865=VECTOR('',#9939,1000.);
#1866=VECTOR('',#9940,1000.);
#1867=VECTOR('',#9943,1000.);
#1868=VECTOR('',#9946,1000.);
#1869=VECTOR('',#9947,1000.);
#1870=VECTOR('',#9950,1000.);
#1871=VECTOR('',#9953,1000.);
#1872=VECTOR('',#9956,1000.);
#1873=VECTOR('',#9959,1000.);
#1874=VECTOR('',#9962,1000.);
#1875=VECTOR('',#9967,1000.);
#1876=VECTOR('',#9968,1000.);
#1877=VECTOR('',#9971,1000.);
#1878=VECTOR('',#9972,1000.);
#1879=VECTOR('',#9975,1000.);
#1880=VECTOR('',#9982,1000.);
#1881=VECTOR('',#9983,1000.);
#1882=VECTOR('',#9986,1000.);
#1883=VECTOR('',#9987,1000.);
#1884=VECTOR('',#9990,1000.);
#1885=VECTOR('',#9997,1000.);
#1886=VECTOR('',#9998,1000.);
#1887=VECTOR('',#10001,1000.);
#1888=VECTOR('',#10002,1000.);
#1889=VECTOR('',#10005,1000.);
#1890=VECTOR('',#10066,1000.);
#1891=VECTOR('',#10069,1000.);
#1892=VECTOR('',#10072,1000.);
#1893=VECTOR('',#10075,1000.);
#1894=VECTOR('',#10082,1000.);
#1895=VECTOR('',#10089,1000.);
#1896=VECTOR('',#10092,1000.);
#1897=VECTOR('',#10095,1000.);
#1898=VECTOR('',#10098,1000.);
#1899=VECTOR('',#10143,1000.);
#1900=VECTOR('',#10144,1000.);
#1901=VECTOR('',#10153,1000.);
#1902=VECTOR('',#10154,1000.);
#1903=VECTOR('',#10155,1000.);
#1904=VECTOR('',#10156,1000.);
#1905=VECTOR('',#10157,1000.);
#1906=VECTOR('',#10160,1000.);
#1907=VECTOR('',#10161,1000.);
#1908=VECTOR('',#10164,1000.);
#1909=VECTOR('',#10167,1000.);
#1910=VECTOR('',#10168,1000.);
#1911=VECTOR('',#10169,1000.);
#1912=VECTOR('',#10170,1000.);
#1913=VECTOR('',#10173,1000.);
#1914=VECTOR('',#10176,1000.);
#1915=VECTOR('',#10179,1000.);
#1916=VECTOR('',#10182,1000.);
#1917=VECTOR('',#10187,1000.);
#1918=VECTOR('',#10188,1000.);
#1919=VECTOR('',#10189,1000.);
#1920=VECTOR('',#10190,1000.);
#1921=VECTOR('',#10193,1000.);
#1922=VECTOR('',#10198,1000.);
#1923=VECTOR('',#10201,1000.);
#1924=VECTOR('',#10202,1000.);
#1925=VECTOR('',#10211,1000.);
#1926=VECTOR('',#10212,1000.);
#1927=VECTOR('',#10213,1000.);
#1928=VECTOR('',#10214,1000.);
#1929=VECTOR('',#10215,1000.);
#1930=VECTOR('',#10218,1000.);
#1931=VECTOR('',#10219,1000.);
#1932=VECTOR('',#10222,1000.);
#1933=VECTOR('',#10225,1000.);
#1934=VECTOR('',#10226,1000.);
#1935=VECTOR('',#10227,1000.);
#1936=VECTOR('',#10228,1000.);
#1937=VECTOR('',#10231,1000.);
#1938=VECTOR('',#10234,1000.);
#1939=VECTOR('',#10237,1000.);
#1940=VECTOR('',#10240,1000.);
#1941=VECTOR('',#10245,1000.);
#1942=VECTOR('',#10246,1000.);
#1943=VECTOR('',#10247,1000.);
#1944=VECTOR('',#10248,1000.);
#1945=VECTOR('',#10251,1000.);
#1946=VECTOR('',#10256,1000.);
#1947=VECTOR('',#10259,1000.);
#1948=VECTOR('',#10260,1000.);
#1949=VECTOR('',#10269,1000.);
#1950=VECTOR('',#10270,1000.);
#1951=VECTOR('',#10271,1000.);
#1952=VECTOR('',#10272,1000.);
#1953=VECTOR('',#10273,1000.);
#1954=VECTOR('',#10276,1000.);
#1955=VECTOR('',#10277,1000.);
#1956=VECTOR('',#10280,1000.);
#1957=VECTOR('',#10283,1000.);
#1958=VECTOR('',#10284,1000.);
#1959=VECTOR('',#10285,1000.);
#1960=VECTOR('',#10286,1000.);
#1961=VECTOR('',#10289,1000.);
#1962=VECTOR('',#10292,1000.);
#1963=VECTOR('',#10295,1000.);
#1964=VECTOR('',#10298,1000.);
#1965=VECTOR('',#10303,1000.);
#1966=VECTOR('',#10304,1000.);
#1967=VECTOR('',#10305,1000.);
#1968=VECTOR('',#10306,1000.);
#1969=VECTOR('',#10309,1000.);
#1970=VECTOR('',#10314,1000.);
#1971=VECTOR('',#10317,1000.);
#1972=VECTOR('',#10318,1000.);
#1973=VECTOR('',#10327,1000.);
#1974=VECTOR('',#10328,1000.);
#1975=VECTOR('',#10329,1000.);
#1976=VECTOR('',#10330,1000.);
#1977=VECTOR('',#10331,1000.);
#1978=VECTOR('',#10334,1000.);
#1979=VECTOR('',#10335,1000.);
#1980=VECTOR('',#10338,1000.);
#1981=VECTOR('',#10341,1000.);
#1982=VECTOR('',#10342,1000.);
#1983=VECTOR('',#10343,1000.);
#1984=VECTOR('',#10344,1000.);
#1985=VECTOR('',#10347,1000.);
#1986=VECTOR('',#10350,1000.);
#1987=VECTOR('',#10353,1000.);
#1988=VECTOR('',#10356,1000.);
#1989=VECTOR('',#10361,1000.);
#1990=VECTOR('',#10362,1000.);
#1991=VECTOR('',#10363,1000.);
#1992=VECTOR('',#10364,1000.);
#1993=VECTOR('',#10367,1000.);
#1994=VECTOR('',#10372,1000.);
#1995=VECTOR('',#10375,1000.);
#1996=VECTOR('',#10376,1000.);
#1997=VECTOR('',#10385,1000.);
#1998=VECTOR('',#10386,1000.);
#1999=VECTOR('',#10387,1000.);
#2000=VECTOR('',#10388,1000.);
#2001=VECTOR('',#10389,1000.);
#2002=VECTOR('',#10392,1000.);
#2003=VECTOR('',#10393,1000.);
#2004=VECTOR('',#10396,1000.);
#2005=VECTOR('',#10399,1000.);
#2006=VECTOR('',#10402,1000.);
#2007=VECTOR('',#10403,1000.);
#2008=VECTOR('',#10404,1000.);
#2009=VECTOR('',#10405,1000.);
#2010=VECTOR('',#10408,1000.);
#2011=VECTOR('',#10411,1000.);
#2012=VECTOR('',#10412,1000.);
#2013=VECTOR('',#10413,1000.);
#2014=VECTOR('',#10414,1000.);
#2015=VECTOR('',#10415,1000.);
#2016=VECTOR('',#10418,1000.);
#2017=VECTOR('',#10419,1000.);
#2018=VECTOR('',#10422,1000.);
#2019=VECTOR('',#10425,1000.);
#2020=VECTOR('',#10428,1000.);
#2021=VECTOR('',#10429,1000.);
#2022=VECTOR('',#10430,1000.);
#2023=VECTOR('',#10431,1000.);
#2024=VECTOR('',#10434,1000.);
#2025=VECTOR('',#10437,1000.);
#2026=VECTOR('',#10440,1000.);
#2027=VECTOR('',#10443,1000.);
#2028=VECTOR('',#10444,1000.);
#2029=VECTOR('',#10445,1000.);
#2030=VECTOR('',#10448,1000.);
#2031=VECTOR('',#10449,1000.);
#2032=VECTOR('',#10454,1000.);
#2033=VECTOR('',#10455,1000.);
#2034=VECTOR('',#10460,1000.);
#2035=VECTOR('',#10463,1000.);
#2036=VECTOR('',#10464,1000.);
#2037=VECTOR('',#10477,1000.);
#2038=VECTOR('',#10478,1000.);
#2039=VECTOR('',#10479,1000.);
#2040=VECTOR('',#10482,1000.);
#2041=VECTOR('',#10483,1000.);
#2042=VECTOR('',#10484,1000.);
#2043=VECTOR('',#10489,1000.);
#2044=VECTOR('',#10492,1000.);
#2045=VECTOR('',#10497,1000.);
#2046=VECTOR('',#10498,1000.);
#2047=VECTOR('',#10499,1000.);
#2048=VECTOR('',#10502,1000.);
#2049=VECTOR('',#10503,1000.);
#2050=VECTOR('',#10504,1000.);
#2051=VECTOR('',#10509,1000.);
#2052=VECTOR('',#10512,1000.);
#2053=ORIENTED_EDGE('',*,*,#4173,.F.);
#2054=ORIENTED_EDGE('',*,*,#4174,.T.);
#2055=ORIENTED_EDGE('',*,*,#4175,.T.);
#2056=ORIENTED_EDGE('',*,*,#4176,.T.);
#2057=ORIENTED_EDGE('',*,*,#4177,.F.);
#2058=ORIENTED_EDGE('',*,*,#4178,.T.);
#2059=ORIENTED_EDGE('',*,*,#4179,.T.);
#2060=ORIENTED_EDGE('',*,*,#4180,.T.);
#2061=ORIENTED_EDGE('',*,*,#4181,.T.);
#2062=ORIENTED_EDGE('',*,*,#4182,.F.);
#2063=ORIENTED_EDGE('',*,*,#4183,.T.);
#2064=ORIENTED_EDGE('',*,*,#4174,.F.);
#2065=ORIENTED_EDGE('',*,*,#4184,.T.);
#2066=ORIENTED_EDGE('',*,*,#4176,.F.);
#2067=ORIENTED_EDGE('',*,*,#4185,.F.);
#2068=ORIENTED_EDGE('',*,*,#4178,.F.);
#2069=ORIENTED_EDGE('',*,*,#4186,.T.);
#2070=ORIENTED_EDGE('',*,*,#4180,.F.);
#2071=ORIENTED_EDGE('',*,*,#4187,.F.);
#2072=ORIENTED_EDGE('',*,*,#4188,.T.);
#2073=ORIENTED_EDGE('',*,*,#4189,.T.);
#2074=ORIENTED_EDGE('',*,*,#4190,.T.);
#2075=ORIENTED_EDGE('',*,*,#4191,.T.);
#2076=ORIENTED_EDGE('',*,*,#4192,.T.);
#2077=ORIENTED_EDGE('',*,*,#4191,.F.);
#2078=ORIENTED_EDGE('',*,*,#4193,.F.);
#2079=ORIENTED_EDGE('',*,*,#4194,.F.);
#2080=ORIENTED_EDGE('',*,*,#4195,.F.);
#2081=ORIENTED_EDGE('',*,*,#4190,.F.);
#2082=ORIENTED_EDGE('',*,*,#4196,.F.);
#2083=ORIENTED_EDGE('',*,*,#4197,.F.);
#2084=ORIENTED_EDGE('',*,*,#4198,.T.);
#2085=ORIENTED_EDGE('',*,*,#4199,.F.);
#2086=ORIENTED_EDGE('',*,*,#4200,.F.);
#2087=ORIENTED_EDGE('',*,*,#4201,.F.);
#2088=ORIENTED_EDGE('',*,*,#4202,.T.);
#2089=ORIENTED_EDGE('',*,*,#4203,.F.);
#2090=ORIENTED_EDGE('',*,*,#4204,.F.);
#2091=ORIENTED_EDGE('',*,*,#4205,.F.);
#2092=ORIENTED_EDGE('',*,*,#4206,.F.);
#2093=ORIENTED_EDGE('',*,*,#4207,.T.);
#2094=ORIENTED_EDGE('',*,*,#4208,.F.);
#2095=ORIENTED_EDGE('',*,*,#4193,.T.);
#2096=ORIENTED_EDGE('',*,*,#4189,.F.);
#2097=ORIENTED_EDGE('',*,*,#4209,.T.);
#2098=ORIENTED_EDGE('',*,*,#4210,.F.);
#2099=ORIENTED_EDGE('',*,*,#4211,.F.);
#2100=ORIENTED_EDGE('',*,*,#4196,.T.);
#2101=ORIENTED_EDGE('',*,*,#4212,.T.);
#2102=ORIENTED_EDGE('',*,*,#4213,.T.);
#2103=ORIENTED_EDGE('',*,*,#4214,.T.);
#2104=ORIENTED_EDGE('',*,*,#4215,.F.);
#2105=ORIENTED_EDGE('',*,*,#4216,.T.);
#2106=ORIENTED_EDGE('',*,*,#4217,.F.);
#2107=ORIENTED_EDGE('',*,*,#4218,.F.);
#2108=ORIENTED_EDGE('',*,*,#4219,.F.);
#2109=ORIENTED_EDGE('',*,*,#4220,.F.);
#2110=ORIENTED_EDGE('',*,*,#4221,.F.);
#2111=ORIENTED_EDGE('',*,*,#4222,.F.);
#2112=ORIENTED_EDGE('',*,*,#4214,.F.);
#2113=ORIENTED_EDGE('',*,*,#4223,.F.);
#2114=ORIENTED_EDGE('',*,*,#4224,.F.);
#2115=ORIENTED_EDGE('',*,*,#4225,.F.);
#2116=ORIENTED_EDGE('',*,*,#4226,.F.);
#2117=ORIENTED_EDGE('',*,*,#4227,.F.);
#2118=ORIENTED_EDGE('',*,*,#4228,.F.);
#2119=ORIENTED_EDGE('',*,*,#4229,.F.);
#2120=ORIENTED_EDGE('',*,*,#4230,.F.);
#2121=ORIENTED_EDGE('',*,*,#4213,.F.);
#2122=ORIENTED_EDGE('',*,*,#4231,.T.);
#2123=ORIENTED_EDGE('',*,*,#4232,.T.);
#2124=ORIENTED_EDGE('',*,*,#4233,.T.);
#2125=ORIENTED_EDGE('',*,*,#4223,.T.);
#2126=ORIENTED_EDGE('',*,*,#4234,.T.);
#2127=ORIENTED_EDGE('',*,*,#4235,.T.);
#2128=ORIENTED_EDGE('',*,*,#4236,.T.);
#2129=ORIENTED_EDGE('',*,*,#4237,.T.);
#2130=ORIENTED_EDGE('',*,*,#4238,.T.);
#2131=ORIENTED_EDGE('',*,*,#4235,.F.);
#2132=ORIENTED_EDGE('',*,*,#4239,.F.);
#2133=ORIENTED_EDGE('',*,*,#4240,.T.);
#2134=ORIENTED_EDGE('',*,*,#4241,.T.);
#2135=ORIENTED_EDGE('',*,*,#4234,.F.);
#2136=ORIENTED_EDGE('',*,*,#4242,.T.);
#2137=ORIENTED_EDGE('',*,*,#4243,.F.);
#2138=ORIENTED_EDGE('',*,*,#4239,.T.);
#2139=ORIENTED_EDGE('',*,*,#4244,.F.);
#2140=ORIENTED_EDGE('',*,*,#4245,.F.);
#2141=ORIENTED_EDGE('',*,*,#4246,.F.);
#2142=ORIENTED_EDGE('',*,*,#4247,.F.);
#2143=ORIENTED_EDGE('',*,*,#4248,.F.);
#2144=ORIENTED_EDGE('',*,*,#4249,.F.);
#2145=ORIENTED_EDGE('',*,*,#4250,.F.);
#2146=ORIENTED_EDGE('',*,*,#4251,.F.);
#2147=ORIENTED_EDGE('',*,*,#4252,.F.);
#2148=ORIENTED_EDGE('',*,*,#4253,.F.);
#2149=ORIENTED_EDGE('',*,*,#4254,.F.);
#2150=ORIENTED_EDGE('',*,*,#4255,.F.);
#2151=ORIENTED_EDGE('',*,*,#4256,.F.);
#2152=ORIENTED_EDGE('',*,*,#4257,.F.);
#2153=ORIENTED_EDGE('',*,*,#4238,.F.);
#2154=ORIENTED_EDGE('',*,*,#4258,.T.);
#2155=ORIENTED_EDGE('',*,*,#4259,.F.);
#2156=ORIENTED_EDGE('',*,*,#4260,.F.);
#2157=ORIENTED_EDGE('',*,*,#4261,.T.);
#2158=ORIENTED_EDGE('',*,*,#4262,.F.);
#2159=ORIENTED_EDGE('',*,*,#4263,.F.);
#2160=ORIENTED_EDGE('',*,*,#4264,.F.);
#2161=ORIENTED_EDGE('',*,*,#4265,.F.);
#2162=ORIENTED_EDGE('',*,*,#4266,.F.);
#2163=ORIENTED_EDGE('',*,*,#4267,.F.);
#2164=ORIENTED_EDGE('',*,*,#4268,.F.);
#2165=ORIENTED_EDGE('',*,*,#4269,.F.);
#2166=ORIENTED_EDGE('',*,*,#4270,.F.);
#2167=ORIENTED_EDGE('',*,*,#4218,.T.);
#2168=ORIENTED_EDGE('',*,*,#4271,.F.);
#2169=ORIENTED_EDGE('',*,*,#4272,.F.);
#2170=ORIENTED_EDGE('',*,*,#4228,.T.);
#2171=ORIENTED_EDGE('',*,*,#4273,.F.);
#2172=ORIENTED_EDGE('',*,*,#4274,.F.);
#2173=ORIENTED_EDGE('',*,*,#4275,.F.);
#2174=ORIENTED_EDGE('',*,*,#4242,.F.);
#2175=ORIENTED_EDGE('',*,*,#4276,.T.);
#2176=ORIENTED_EDGE('',*,*,#4277,.T.);
#2177=ORIENTED_EDGE('',*,*,#4278,.T.);
#2178=ORIENTED_EDGE('',*,*,#4279,.F.);
#2179=ORIENTED_EDGE('',*,*,#4280,.F.);
#2180=ORIENTED_EDGE('',*,*,#4281,.F.);
#2181=ORIENTED_EDGE('',*,*,#4282,.F.);
#2182=ORIENTED_EDGE('',*,*,#4283,.F.);
#2183=ORIENTED_EDGE('',*,*,#4284,.F.);
#2184=ORIENTED_EDGE('',*,*,#4285,.F.);
#2185=ORIENTED_EDGE('',*,*,#4286,.F.);
#2186=ORIENTED_EDGE('',*,*,#4287,.F.);
#2187=ORIENTED_EDGE('',*,*,#4288,.F.);
#2188=ORIENTED_EDGE('',*,*,#4289,.F.);
#2189=ORIENTED_EDGE('',*,*,#4290,.F.);
#2190=ORIENTED_EDGE('',*,*,#4291,.F.);
#2191=ORIENTED_EDGE('',*,*,#4292,.F.);
#2192=ORIENTED_EDGE('',*,*,#4293,.T.);
#2193=ORIENTED_EDGE('',*,*,#4294,.T.);
#2194=ORIENTED_EDGE('',*,*,#4295,.T.);
#2195=ORIENTED_EDGE('',*,*,#4296,.T.);
#2196=ORIENTED_EDGE('',*,*,#4297,.T.);
#2197=ORIENTED_EDGE('',*,*,#4298,.F.);
#2198=ORIENTED_EDGE('',*,*,#4299,.T.);
#2199=ORIENTED_EDGE('',*,*,#4216,.F.);
#2200=ORIENTED_EDGE('',*,*,#4300,.F.);
#2201=ORIENTED_EDGE('',*,*,#4301,.F.);
#2202=ORIENTED_EDGE('',*,*,#4302,.F.);
#2203=ORIENTED_EDGE('',*,*,#4273,.T.);
#2204=ORIENTED_EDGE('',*,*,#4227,.T.);
#2205=ORIENTED_EDGE('',*,*,#4303,.T.);
#2206=ORIENTED_EDGE('',*,*,#4304,.T.);
#2207=ORIENTED_EDGE('',*,*,#4305,.T.);
#2208=ORIENTED_EDGE('',*,*,#4305,.F.);
#2209=ORIENTED_EDGE('',*,*,#4306,.T.);
#2210=ORIENTED_EDGE('',*,*,#4307,.F.);
#2211=ORIENTED_EDGE('',*,*,#4274,.T.);
#2212=ORIENTED_EDGE('',*,*,#4276,.F.);
#2213=ORIENTED_EDGE('',*,*,#4308,.F.);
#2214=ORIENTED_EDGE('',*,*,#4277,.F.);
#2215=ORIENTED_EDGE('',*,*,#4309,.F.);
#2216=ORIENTED_EDGE('',*,*,#4310,.F.);
#2217=ORIENTED_EDGE('',*,*,#4311,.F.);
#2218=ORIENTED_EDGE('',*,*,#4312,.F.);
#2219=ORIENTED_EDGE('',*,*,#4209,.F.);
#2220=ORIENTED_EDGE('',*,*,#4188,.F.);
#2221=ORIENTED_EDGE('',*,*,#4313,.F.);
#2222=ORIENTED_EDGE('',*,*,#4314,.F.);
#2223=ORIENTED_EDGE('',*,*,#4315,.F.);
#2224=ORIENTED_EDGE('',*,*,#4316,.F.);
#2225=ORIENTED_EDGE('',*,*,#4261,.F.);
#2226=ORIENTED_EDGE('',*,*,#4317,.F.);
#2227=ORIENTED_EDGE('',*,*,#4318,.F.);
#2228=ORIENTED_EDGE('',*,*,#4258,.F.);
#2229=ORIENTED_EDGE('',*,*,#4237,.F.);
#2230=ORIENTED_EDGE('',*,*,#4319,.F.);
#2231=ORIENTED_EDGE('',*,*,#4320,.F.);
#2232=ORIENTED_EDGE('',*,*,#4229,.T.);
#2233=ORIENTED_EDGE('',*,*,#4272,.T.);
#2234=ORIENTED_EDGE('',*,*,#4321,.T.);
#2235=ORIENTED_EDGE('',*,*,#4225,.T.);
#2236=ORIENTED_EDGE('',*,*,#4322,.T.);
#2237=ORIENTED_EDGE('',*,*,#4323,.T.);
#2238=ORIENTED_EDGE('',*,*,#4324,.T.);
#2239=ORIENTED_EDGE('',*,*,#4325,.T.);
#2240=ORIENTED_EDGE('',*,*,#4326,.T.);
#2241=ORIENTED_EDGE('',*,*,#4224,.T.);
#2242=ORIENTED_EDGE('',*,*,#4233,.F.);
#2243=ORIENTED_EDGE('',*,*,#4327,.F.);
#2244=ORIENTED_EDGE('',*,*,#4322,.F.);
#2245=ORIENTED_EDGE('',*,*,#4226,.T.);
#2246=ORIENTED_EDGE('',*,*,#4326,.F.);
#2247=ORIENTED_EDGE('',*,*,#4328,.F.);
#2248=ORIENTED_EDGE('',*,*,#4329,.F.);
#2249=ORIENTED_EDGE('',*,*,#4303,.F.);
#2250=ORIENTED_EDGE('',*,*,#4212,.F.);
#2251=ORIENTED_EDGE('',*,*,#4302,.T.);
#2252=ORIENTED_EDGE('',*,*,#4330,.F.);
#2253=ORIENTED_EDGE('',*,*,#4331,.T.);
#2254=ORIENTED_EDGE('',*,*,#4332,.F.);
#2255=ORIENTED_EDGE('',*,*,#4333,.T.);
#2256=ORIENTED_EDGE('',*,*,#4334,.T.);
#2257=ORIENTED_EDGE('',*,*,#4335,.F.);
#2258=ORIENTED_EDGE('',*,*,#4336,.F.);
#2259=ORIENTED_EDGE('',*,*,#4337,.T.);
#2260=ORIENTED_EDGE('',*,*,#4338,.T.);
#2261=ORIENTED_EDGE('',*,*,#4339,.F.);
#2262=ORIENTED_EDGE('',*,*,#4340,.T.);
#2263=ORIENTED_EDGE('',*,*,#4341,.F.);
#2264=ORIENTED_EDGE('',*,*,#4231,.F.);
#2265=ORIENTED_EDGE('',*,*,#4304,.F.);
#2266=ORIENTED_EDGE('',*,*,#4329,.T.);
#2267=ORIENTED_EDGE('',*,*,#4342,.T.);
#2268=ORIENTED_EDGE('',*,*,#4306,.F.);
#2269=ORIENTED_EDGE('',*,*,#4219,.T.);
#2270=ORIENTED_EDGE('',*,*,#4270,.T.);
#2271=ORIENTED_EDGE('',*,*,#4343,.F.);
#2272=ORIENTED_EDGE('',*,*,#4344,.T.);
#2273=ORIENTED_EDGE('',*,*,#4222,.T.);
#2274=ORIENTED_EDGE('',*,*,#4345,.F.);
#2275=ORIENTED_EDGE('',*,*,#4346,.T.);
#2276=ORIENTED_EDGE('',*,*,#4300,.T.);
#2277=ORIENTED_EDGE('',*,*,#4215,.T.);
#2278=ORIENTED_EDGE('',*,*,#4316,.T.);
#2279=ORIENTED_EDGE('',*,*,#4347,.T.);
#2280=ORIENTED_EDGE('',*,*,#4348,.F.);
#2281=ORIENTED_EDGE('',*,*,#4262,.T.);
#2282=ORIENTED_EDGE('',*,*,#4315,.T.);
#2283=ORIENTED_EDGE('',*,*,#4349,.T.);
#2284=ORIENTED_EDGE('',*,*,#4350,.T.);
#2285=ORIENTED_EDGE('',*,*,#4351,.F.);
#2286=ORIENTED_EDGE('',*,*,#4347,.F.);
#2287=ORIENTED_EDGE('',*,*,#4314,.T.);
#2288=ORIENTED_EDGE('',*,*,#4352,.T.);
#2289=ORIENTED_EDGE('',*,*,#4353,.T.);
#2290=ORIENTED_EDGE('',*,*,#4349,.F.);
#2291=ORIENTED_EDGE('',*,*,#4313,.T.);
#2292=ORIENTED_EDGE('',*,*,#4192,.F.);
#2293=ORIENTED_EDGE('',*,*,#4195,.T.);
#2294=ORIENTED_EDGE('',*,*,#4354,.T.);
#2295=ORIENTED_EDGE('',*,*,#4352,.F.);
#2296=ORIENTED_EDGE('',*,*,#4312,.T.);
#2297=ORIENTED_EDGE('',*,*,#4355,.F.);
#2298=ORIENTED_EDGE('',*,*,#4356,.F.);
#2299=ORIENTED_EDGE('',*,*,#4210,.T.);
#2300=ORIENTED_EDGE('',*,*,#4278,.F.);
#2301=ORIENTED_EDGE('',*,*,#4357,.F.);
#2302=ORIENTED_EDGE('',*,*,#4358,.T.);
#2303=ORIENTED_EDGE('',*,*,#4359,.T.);
#2304=ORIENTED_EDGE('',*,*,#4360,.T.);
#2305=ORIENTED_EDGE('',*,*,#4361,.T.);
#2306=ORIENTED_EDGE('',*,*,#4362,.T.);
#2307=ORIENTED_EDGE('',*,*,#4361,.F.);
#2308=ORIENTED_EDGE('',*,*,#4363,.F.);
#2309=ORIENTED_EDGE('',*,*,#4364,.F.);
#2310=ORIENTED_EDGE('',*,*,#4365,.T.);
#2311=ORIENTED_EDGE('',*,*,#4324,.F.);
#2312=ORIENTED_EDGE('',*,*,#4366,.F.);
#2313=ORIENTED_EDGE('',*,*,#4367,.F.);
#2314=ORIENTED_EDGE('',*,*,#4368,.T.);
#2315=ORIENTED_EDGE('',*,*,#4369,.T.);
#2316=ORIENTED_EDGE('',*,*,#4370,.T.);
#2317=ORIENTED_EDGE('',*,*,#4371,.T.);
#2318=ORIENTED_EDGE('',*,*,#4372,.T.);
#2319=ORIENTED_EDGE('',*,*,#4372,.F.);
#2320=ORIENTED_EDGE('',*,*,#4373,.T.);
#2321=ORIENTED_EDGE('',*,*,#4374,.F.);
#2322=ORIENTED_EDGE('',*,*,#4375,.F.);
#2323=ORIENTED_EDGE('',*,*,#4376,.T.);
#2324=ORIENTED_EDGE('',*,*,#4377,.F.);
#2325=ORIENTED_EDGE('',*,*,#4378,.F.);
#2326=ORIENTED_EDGE('',*,*,#4379,.T.);
#2327=ORIENTED_EDGE('',*,*,#4380,.T.);
#2328=ORIENTED_EDGE('',*,*,#4381,.T.);
#2329=ORIENTED_EDGE('',*,*,#4382,.F.);
#2330=ORIENTED_EDGE('',*,*,#4383,.T.);
#2331=ORIENTED_EDGE('',*,*,#4384,.T.);
#2332=ORIENTED_EDGE('',*,*,#4385,.F.);
#2333=ORIENTED_EDGE('',*,*,#4359,.F.);
#2334=ORIENTED_EDGE('',*,*,#4386,.F.);
#2335=ORIENTED_EDGE('',*,*,#4387,.F.);
#2336=ORIENTED_EDGE('',*,*,#4388,.F.);
#2337=ORIENTED_EDGE('',*,*,#4389,.F.);
#2338=ORIENTED_EDGE('',*,*,#4373,.F.);
#2339=ORIENTED_EDGE('',*,*,#4371,.F.);
#2340=ORIENTED_EDGE('',*,*,#4390,.F.);
#2341=ORIENTED_EDGE('',*,*,#4391,.F.);
#2342=ORIENTED_EDGE('',*,*,#4392,.F.);
#2343=ORIENTED_EDGE('',*,*,#4393,.T.);
#2344=ORIENTED_EDGE('',*,*,#4394,.T.);
#2345=ORIENTED_EDGE('',*,*,#4395,.T.);
#2346=ORIENTED_EDGE('',*,*,#4396,.T.);
#2347=ORIENTED_EDGE('',*,*,#4387,.T.);
#2348=ORIENTED_EDGE('',*,*,#4397,.T.);
#2349=ORIENTED_EDGE('',*,*,#4393,.F.);
#2350=ORIENTED_EDGE('',*,*,#4398,.F.);
#2351=ORIENTED_EDGE('',*,*,#4399,.T.);
#2352=ORIENTED_EDGE('',*,*,#4400,.T.);
#2353=ORIENTED_EDGE('',*,*,#4401,.T.);
#2354=ORIENTED_EDGE('',*,*,#4358,.F.);
#2355=ORIENTED_EDGE('',*,*,#4402,.T.);
#2356=ORIENTED_EDGE('',*,*,#4403,.T.);
#2357=ORIENTED_EDGE('',*,*,#4398,.T.);
#2358=ORIENTED_EDGE('',*,*,#4397,.F.);
#2359=ORIENTED_EDGE('',*,*,#4386,.T.);
#2360=ORIENTED_EDGE('',*,*,#4404,.T.);
#2361=ORIENTED_EDGE('',*,*,#4405,.T.);
#2362=ORIENTED_EDGE('',*,*,#4406,.T.);
#2363=ORIENTED_EDGE('',*,*,#4374,.T.);
#2364=ORIENTED_EDGE('',*,*,#4389,.T.);
#2365=ORIENTED_EDGE('',*,*,#4407,.T.);
#2366=ORIENTED_EDGE('',*,*,#4406,.F.);
#2367=ORIENTED_EDGE('',*,*,#4408,.T.);
#2368=ORIENTED_EDGE('',*,*,#4409,.F.);
#2369=ORIENTED_EDGE('',*,*,#4410,.T.);
#2370=ORIENTED_EDGE('',*,*,#4375,.T.);
#2371=ORIENTED_EDGE('',*,*,#4243,.T.);
#2372=ORIENTED_EDGE('',*,*,#4275,.T.);
#2373=ORIENTED_EDGE('',*,*,#4307,.T.);
#2374=ORIENTED_EDGE('',*,*,#4411,.T.);
#2375=ORIENTED_EDGE('',*,*,#4396,.F.);
#2376=ORIENTED_EDGE('',*,*,#4412,.T.);
#2377=ORIENTED_EDGE('',*,*,#4244,.T.);
#2378=ORIENTED_EDGE('',*,*,#4413,.T.);
#2379=ORIENTED_EDGE('',*,*,#4407,.F.);
#2380=ORIENTED_EDGE('',*,*,#4388,.T.);
#2381=ORIENTED_EDGE('',*,*,#4395,.F.);
#2382=ORIENTED_EDGE('',*,*,#4414,.T.);
#2383=ORIENTED_EDGE('',*,*,#4415,.F.);
#2384=ORIENTED_EDGE('',*,*,#4245,.T.);
#2385=ORIENTED_EDGE('',*,*,#4412,.F.);
#2386=ORIENTED_EDGE('',*,*,#4411,.F.);
#2387=ORIENTED_EDGE('',*,*,#4342,.F.);
#2388=ORIENTED_EDGE('',*,*,#4328,.T.);
#2389=ORIENTED_EDGE('',*,*,#4325,.F.);
#2390=ORIENTED_EDGE('',*,*,#4365,.F.);
#2391=ORIENTED_EDGE('',*,*,#4416,.F.);
#2392=ORIENTED_EDGE('',*,*,#4417,.F.);
#2393=ORIENTED_EDGE('',*,*,#4418,.F.);
#2394=ORIENTED_EDGE('',*,*,#4419,.F.);
#2395=ORIENTED_EDGE('',*,*,#4420,.F.);
#2396=ORIENTED_EDGE('',*,*,#4421,.F.);
#2397=ORIENTED_EDGE('',*,*,#4422,.F.);
#2398=ORIENTED_EDGE('',*,*,#4423,.T.);
#2399=ORIENTED_EDGE('',*,*,#4240,.F.);
#2400=ORIENTED_EDGE('',*,*,#4297,.F.);
#2401=ORIENTED_EDGE('',*,*,#4424,.F.);
#2402=ORIENTED_EDGE('',*,*,#4425,.T.);
#2403=ORIENTED_EDGE('',*,*,#4426,.T.);
#2404=ORIENTED_EDGE('',*,*,#4427,.T.);
#2405=ORIENTED_EDGE('',*,*,#4391,.T.);
#2406=ORIENTED_EDGE('',*,*,#4426,.F.);
#2407=ORIENTED_EDGE('',*,*,#4428,.F.);
#2408=ORIENTED_EDGE('',*,*,#4429,.F.);
#2409=ORIENTED_EDGE('',*,*,#4430,.F.);
#2410=ORIENTED_EDGE('',*,*,#4431,.F.);
#2411=ORIENTED_EDGE('',*,*,#4432,.F.);
#2412=ORIENTED_EDGE('',*,*,#4433,.F.);
#2413=ORIENTED_EDGE('',*,*,#4434,.F.);
#2414=ORIENTED_EDGE('',*,*,#4435,.F.);
#2415=ORIENTED_EDGE('',*,*,#4436,.F.);
#2416=ORIENTED_EDGE('',*,*,#4437,.F.);
#2417=ORIENTED_EDGE('',*,*,#4438,.F.);
#2418=ORIENTED_EDGE('',*,*,#4439,.T.);
#2419=ORIENTED_EDGE('',*,*,#4419,.T.);
#2420=ORIENTED_EDGE('',*,*,#4437,.T.);
#2421=ORIENTED_EDGE('',*,*,#4440,.T.);
#2422=ORIENTED_EDGE('',*,*,#4438,.T.);
#2423=ORIENTED_EDGE('',*,*,#4418,.T.);
#2424=ORIENTED_EDGE('',*,*,#4434,.T.);
#2425=ORIENTED_EDGE('',*,*,#4430,.T.);
#2426=ORIENTED_EDGE('',*,*,#4441,.T.);
#2427=ORIENTED_EDGE('',*,*,#4442,.T.);
#2428=ORIENTED_EDGE('',*,*,#4436,.T.);
#2429=ORIENTED_EDGE('',*,*,#4429,.T.);
#2430=ORIENTED_EDGE('',*,*,#4443,.T.);
#2431=ORIENTED_EDGE('',*,*,#4444,.T.);
#2432=ORIENTED_EDGE('',*,*,#4435,.T.);
#2433=ORIENTED_EDGE('',*,*,#4417,.T.);
#2434=ORIENTED_EDGE('',*,*,#4445,.T.);
#2435=ORIENTED_EDGE('',*,*,#4431,.T.);
#2436=ORIENTED_EDGE('',*,*,#4433,.T.);
#2437=ORIENTED_EDGE('',*,*,#4446,.T.);
#2438=ORIENTED_EDGE('',*,*,#4440,.F.);
#2439=ORIENTED_EDGE('',*,*,#4442,.F.);
#2440=ORIENTED_EDGE('',*,*,#4447,.F.);
#2441=ORIENTED_EDGE('',*,*,#4448,.F.);
#2442=ORIENTED_EDGE('',*,*,#4449,.T.);
#2443=ORIENTED_EDGE('',*,*,#4450,.T.);
#2444=ORIENTED_EDGE('',*,*,#4420,.T.);
#2445=ORIENTED_EDGE('',*,*,#4439,.F.);
#2446=ORIENTED_EDGE('',*,*,#4448,.T.);
#2447=ORIENTED_EDGE('',*,*,#4369,.F.);
#2448=ORIENTED_EDGE('',*,*,#4451,.F.);
#2449=ORIENTED_EDGE('',*,*,#4452,.T.);
#2450=ORIENTED_EDGE('',*,*,#4453,.F.);
#2451=ORIENTED_EDGE('',*,*,#4421,.T.);
#2452=ORIENTED_EDGE('',*,*,#4450,.F.);
#2453=ORIENTED_EDGE('',*,*,#4454,.F.);
#2454=ORIENTED_EDGE('',*,*,#4416,.T.);
#2455=ORIENTED_EDGE('',*,*,#4364,.T.);
#2456=ORIENTED_EDGE('',*,*,#4455,.T.);
#2457=ORIENTED_EDGE('',*,*,#4456,.T.);
#2458=ORIENTED_EDGE('',*,*,#4443,.F.);
#2459=ORIENTED_EDGE('',*,*,#4428,.T.);
#2460=ORIENTED_EDGE('',*,*,#4425,.F.);
#2461=ORIENTED_EDGE('',*,*,#4390,.T.);
#2462=ORIENTED_EDGE('',*,*,#4370,.F.);
#2463=ORIENTED_EDGE('',*,*,#4454,.T.);
#2464=ORIENTED_EDGE('',*,*,#4449,.F.);
#2465=ORIENTED_EDGE('',*,*,#4447,.T.);
#2466=ORIENTED_EDGE('',*,*,#4441,.F.);
#2467=ORIENTED_EDGE('',*,*,#4363,.T.);
#2468=ORIENTED_EDGE('',*,*,#4360,.F.);
#2469=ORIENTED_EDGE('',*,*,#4392,.T.);
#2470=ORIENTED_EDGE('',*,*,#4427,.F.);
#2471=ORIENTED_EDGE('',*,*,#4432,.T.);
#2472=ORIENTED_EDGE('',*,*,#4445,.F.);
#2473=ORIENTED_EDGE('',*,*,#4457,.T.);
#2474=ORIENTED_EDGE('',*,*,#4455,.F.);
#2475=ORIENTED_EDGE('',*,*,#4458,.T.);
#2476=ORIENTED_EDGE('',*,*,#4459,.T.);
#2477=ORIENTED_EDGE('',*,*,#4460,.F.);
#2478=ORIENTED_EDGE('',*,*,#4461,.T.);
#2479=ORIENTED_EDGE('',*,*,#4183,.F.);
#2480=ORIENTED_EDGE('',*,*,#4462,.F.);
#2481=ORIENTED_EDGE('',*,*,#4463,.F.);
#2482=ORIENTED_EDGE('',*,*,#4464,.F.);
#2483=ORIENTED_EDGE('',*,*,#4465,.F.);
#2484=ORIENTED_EDGE('',*,*,#4466,.F.);
#2485=ORIENTED_EDGE('',*,*,#4467,.F.);
#2486=ORIENTED_EDGE('',*,*,#4468,.F.);
#2487=ORIENTED_EDGE('',*,*,#4469,.F.);
#2488=ORIENTED_EDGE('',*,*,#4470,.F.);
#2489=ORIENTED_EDGE('',*,*,#4471,.F.);
#2490=ORIENTED_EDGE('',*,*,#4399,.F.);
#2491=ORIENTED_EDGE('',*,*,#4403,.F.);
#2492=ORIENTED_EDGE('',*,*,#4472,.F.);
#2493=ORIENTED_EDGE('',*,*,#4473,.F.);
#2494=ORIENTED_EDGE('',*,*,#4474,.F.);
#2495=ORIENTED_EDGE('',*,*,#4475,.F.);
#2496=ORIENTED_EDGE('',*,*,#4476,.F.);
#2497=ORIENTED_EDGE('',*,*,#4477,.F.);
#2498=ORIENTED_EDGE('',*,*,#4478,.F.);
#2499=ORIENTED_EDGE('',*,*,#4479,.F.);
#2500=ORIENTED_EDGE('',*,*,#4480,.F.);
#2501=ORIENTED_EDGE('',*,*,#4376,.F.);
#2502=ORIENTED_EDGE('',*,*,#4410,.F.);
#2503=ORIENTED_EDGE('',*,*,#4481,.F.);
#2504=ORIENTED_EDGE('',*,*,#4482,.F.);
#2505=ORIENTED_EDGE('',*,*,#4483,.F.);
#2506=ORIENTED_EDGE('',*,*,#4484,.F.);
#2507=ORIENTED_EDGE('',*,*,#4485,.F.);
#2508=ORIENTED_EDGE('',*,*,#4486,.F.);
#2509=ORIENTED_EDGE('',*,*,#4487,.F.);
#2510=ORIENTED_EDGE('',*,*,#4488,.F.);
#2511=ORIENTED_EDGE('',*,*,#4489,.F.);
#2512=ORIENTED_EDGE('',*,*,#4490,.F.);
#2513=ORIENTED_EDGE('',*,*,#4491,.F.);
#2514=ORIENTED_EDGE('',*,*,#4492,.F.);
#2515=ORIENTED_EDGE('',*,*,#4493,.F.);
#2516=ORIENTED_EDGE('',*,*,#4494,.F.);
#2517=ORIENTED_EDGE('',*,*,#4495,.F.);
#2518=ORIENTED_EDGE('',*,*,#4496,.F.);
#2519=ORIENTED_EDGE('',*,*,#4497,.F.);
#2520=ORIENTED_EDGE('',*,*,#4498,.F.);
#2521=ORIENTED_EDGE('',*,*,#4499,.F.);
#2522=ORIENTED_EDGE('',*,*,#4500,.F.);
#2523=ORIENTED_EDGE('',*,*,#4501,.F.);
#2524=ORIENTED_EDGE('',*,*,#4502,.F.);
#2525=ORIENTED_EDGE('',*,*,#4503,.F.);
#2526=ORIENTED_EDGE('',*,*,#4504,.F.);
#2527=ORIENTED_EDGE('',*,*,#4505,.F.);
#2528=ORIENTED_EDGE('',*,*,#4506,.F.);
#2529=ORIENTED_EDGE('',*,*,#4507,.F.);
#2530=ORIENTED_EDGE('',*,*,#4508,.F.);
#2531=ORIENTED_EDGE('',*,*,#4509,.F.);
#2532=ORIENTED_EDGE('',*,*,#4510,.F.);
#2533=ORIENTED_EDGE('',*,*,#4511,.F.);
#2534=ORIENTED_EDGE('',*,*,#4512,.F.);
#2535=ORIENTED_EDGE('',*,*,#4513,.F.);
#2536=ORIENTED_EDGE('',*,*,#4514,.F.);
#2537=ORIENTED_EDGE('',*,*,#4515,.F.);
#2538=ORIENTED_EDGE('',*,*,#4516,.F.);
#2539=ORIENTED_EDGE('',*,*,#4517,.F.);
#2540=ORIENTED_EDGE('',*,*,#4518,.F.);
#2541=ORIENTED_EDGE('',*,*,#4519,.F.);
#2542=ORIENTED_EDGE('',*,*,#4520,.F.);
#2543=ORIENTED_EDGE('',*,*,#4521,.F.);
#2544=ORIENTED_EDGE('',*,*,#4522,.F.);
#2545=ORIENTED_EDGE('',*,*,#4523,.F.);
#2546=ORIENTED_EDGE('',*,*,#4459,.F.);
#2547=ORIENTED_EDGE('',*,*,#4524,.T.);
#2548=ORIENTED_EDGE('',*,*,#4525,.T.);
#2549=ORIENTED_EDGE('',*,*,#4526,.T.);
#2550=ORIENTED_EDGE('',*,*,#4527,.T.);
#2551=ORIENTED_EDGE('',*,*,#4458,.F.);
#2552=ORIENTED_EDGE('',*,*,#4528,.T.);
#2553=ORIENTED_EDGE('',*,*,#4497,.T.);
#2554=ORIENTED_EDGE('',*,*,#4529,.T.);
#2555=ORIENTED_EDGE('',*,*,#4530,.T.);
#2556=ORIENTED_EDGE('',*,*,#4531,.T.);
#2557=ORIENTED_EDGE('',*,*,#4532,.T.);
#2558=ORIENTED_EDGE('',*,*,#4528,.F.);
#2559=ORIENTED_EDGE('',*,*,#4533,.T.);
#2560=ORIENTED_EDGE('',*,*,#4523,.T.);
#2561=ORIENTED_EDGE('',*,*,#4534,.T.);
#2562=ORIENTED_EDGE('',*,*,#4533,.F.);
#2563=ORIENTED_EDGE('',*,*,#4535,.T.);
#2564=ORIENTED_EDGE('',*,*,#4498,.T.);
#2565=ORIENTED_EDGE('',*,*,#4536,.T.);
#2566=ORIENTED_EDGE('',*,*,#4535,.F.);
#2567=ORIENTED_EDGE('',*,*,#4517,.T.);
#2568=ORIENTED_EDGE('',*,*,#4537,.T.);
#2569=ORIENTED_EDGE('',*,*,#4538,.T.);
#2570=ORIENTED_EDGE('',*,*,#4539,.F.);
#2571=ORIENTED_EDGE('',*,*,#4522,.T.);
#2572=ORIENTED_EDGE('',*,*,#4540,.T.);
#2573=ORIENTED_EDGE('',*,*,#4541,.T.);
#2574=ORIENTED_EDGE('',*,*,#4537,.F.);
#2575=ORIENTED_EDGE('',*,*,#4521,.T.);
#2576=ORIENTED_EDGE('',*,*,#4542,.T.);
#2577=ORIENTED_EDGE('',*,*,#4543,.T.);
#2578=ORIENTED_EDGE('',*,*,#4540,.F.);
#2579=ORIENTED_EDGE('',*,*,#4544,.T.);
#2580=ORIENTED_EDGE('',*,*,#4542,.F.);
#2581=ORIENTED_EDGE('',*,*,#4520,.T.);
#2582=ORIENTED_EDGE('',*,*,#4545,.T.);
#2583=ORIENTED_EDGE('',*,*,#4546,.T.);
#2584=ORIENTED_EDGE('',*,*,#4545,.F.);
#2585=ORIENTED_EDGE('',*,*,#4519,.T.);
#2586=ORIENTED_EDGE('',*,*,#4547,.T.);
#2587=ORIENTED_EDGE('',*,*,#4548,.T.);
#2588=ORIENTED_EDGE('',*,*,#4547,.F.);
#2589=ORIENTED_EDGE('',*,*,#4518,.T.);
#2590=ORIENTED_EDGE('',*,*,#4539,.T.);
#2591=ORIENTED_EDGE('',*,*,#4546,.F.);
#2592=ORIENTED_EDGE('',*,*,#4549,.F.);
#2593=ORIENTED_EDGE('',*,*,#4550,.F.);
#2594=ORIENTED_EDGE('',*,*,#4551,.T.);
#2595=ORIENTED_EDGE('',*,*,#4548,.F.);
#2596=ORIENTED_EDGE('',*,*,#4552,.F.);
#2597=ORIENTED_EDGE('',*,*,#4553,.F.);
#2598=ORIENTED_EDGE('',*,*,#4549,.T.);
#2599=ORIENTED_EDGE('',*,*,#4538,.F.);
#2600=ORIENTED_EDGE('',*,*,#4554,.F.);
#2601=ORIENTED_EDGE('',*,*,#4555,.F.);
#2602=ORIENTED_EDGE('',*,*,#4552,.T.);
#2603=ORIENTED_EDGE('',*,*,#4499,.T.);
#2604=ORIENTED_EDGE('',*,*,#4556,.T.);
#2605=ORIENTED_EDGE('',*,*,#4556,.F.);
#2606=ORIENTED_EDGE('',*,*,#4557,.T.);
#2607=ORIENTED_EDGE('',*,*,#4558,.T.);
#2608=ORIENTED_EDGE('',*,*,#4559,.T.);
#2609=ORIENTED_EDGE('',*,*,#4560,.T.);
#2610=ORIENTED_EDGE('',*,*,#4513,.T.);
#2611=ORIENTED_EDGE('',*,*,#4561,.T.);
#2612=ORIENTED_EDGE('',*,*,#4562,.T.);
#2613=ORIENTED_EDGE('',*,*,#4563,.F.);
#2614=ORIENTED_EDGE('',*,*,#4564,.T.);
#2615=ORIENTED_EDGE('',*,*,#4565,.T.);
#2616=ORIENTED_EDGE('',*,*,#4511,.T.);
#2617=ORIENTED_EDGE('',*,*,#4566,.T.);
#2618=ORIENTED_EDGE('',*,*,#4512,.T.);
#2619=ORIENTED_EDGE('',*,*,#4565,.F.);
#2620=ORIENTED_EDGE('',*,*,#4567,.T.);
#2621=ORIENTED_EDGE('',*,*,#4561,.F.);
#2622=ORIENTED_EDGE('',*,*,#4568,.T.);
#2623=ORIENTED_EDGE('',*,*,#4566,.F.);
#2624=ORIENTED_EDGE('',*,*,#4516,.T.);
#2625=ORIENTED_EDGE('',*,*,#4569,.T.);
#2626=ORIENTED_EDGE('',*,*,#4570,.T.);
#2627=ORIENTED_EDGE('',*,*,#4569,.F.);
#2628=ORIENTED_EDGE('',*,*,#4515,.T.);
#2629=ORIENTED_EDGE('',*,*,#4571,.T.);
#2630=ORIENTED_EDGE('',*,*,#4572,.T.);
#2631=ORIENTED_EDGE('',*,*,#4571,.F.);
#2632=ORIENTED_EDGE('',*,*,#4514,.T.);
#2633=ORIENTED_EDGE('',*,*,#4563,.T.);
#2634=ORIENTED_EDGE('',*,*,#4562,.F.);
#2635=ORIENTED_EDGE('',*,*,#4573,.F.);
#2636=ORIENTED_EDGE('',*,*,#4574,.F.);
#2637=ORIENTED_EDGE('',*,*,#4575,.T.);
#2638=ORIENTED_EDGE('',*,*,#4567,.F.);
#2639=ORIENTED_EDGE('',*,*,#4576,.F.);
#2640=ORIENTED_EDGE('',*,*,#4577,.F.);
#2641=ORIENTED_EDGE('',*,*,#4573,.T.);
#2642=ORIENTED_EDGE('',*,*,#4564,.F.);
#2643=ORIENTED_EDGE('',*,*,#4578,.F.);
#2644=ORIENTED_EDGE('',*,*,#4579,.F.);
#2645=ORIENTED_EDGE('',*,*,#4576,.T.);
#2646=ORIENTED_EDGE('',*,*,#4507,.T.);
#2647=ORIENTED_EDGE('',*,*,#4580,.T.);
#2648=ORIENTED_EDGE('',*,*,#4581,.T.);
#2649=ORIENTED_EDGE('',*,*,#4582,.F.);
#2650=ORIENTED_EDGE('',*,*,#4583,.T.);
#2651=ORIENTED_EDGE('',*,*,#4584,.T.);
#2652=ORIENTED_EDGE('',*,*,#4505,.T.);
#2653=ORIENTED_EDGE('',*,*,#4585,.T.);
#2654=ORIENTED_EDGE('',*,*,#4506,.T.);
#2655=ORIENTED_EDGE('',*,*,#4584,.F.);
#2656=ORIENTED_EDGE('',*,*,#4586,.T.);
#2657=ORIENTED_EDGE('',*,*,#4580,.F.);
#2658=ORIENTED_EDGE('',*,*,#4587,.T.);
#2659=ORIENTED_EDGE('',*,*,#4585,.F.);
#2660=ORIENTED_EDGE('',*,*,#4510,.T.);
#2661=ORIENTED_EDGE('',*,*,#4588,.T.);
#2662=ORIENTED_EDGE('',*,*,#4589,.T.);
#2663=ORIENTED_EDGE('',*,*,#4588,.F.);
#2664=ORIENTED_EDGE('',*,*,#4509,.T.);
#2665=ORIENTED_EDGE('',*,*,#4590,.T.);
#2666=ORIENTED_EDGE('',*,*,#4591,.T.);
#2667=ORIENTED_EDGE('',*,*,#4590,.F.);
#2668=ORIENTED_EDGE('',*,*,#4508,.T.);
#2669=ORIENTED_EDGE('',*,*,#4582,.T.);
#2670=ORIENTED_EDGE('',*,*,#4581,.F.);
#2671=ORIENTED_EDGE('',*,*,#4592,.F.);
#2672=ORIENTED_EDGE('',*,*,#4593,.F.);
#2673=ORIENTED_EDGE('',*,*,#4594,.T.);
#2674=ORIENTED_EDGE('',*,*,#4586,.F.);
#2675=ORIENTED_EDGE('',*,*,#4595,.F.);
#2676=ORIENTED_EDGE('',*,*,#4596,.F.);
#2677=ORIENTED_EDGE('',*,*,#4592,.T.);
#2678=ORIENTED_EDGE('',*,*,#4583,.F.);
#2679=ORIENTED_EDGE('',*,*,#4597,.F.);
#2680=ORIENTED_EDGE('',*,*,#4598,.F.);
#2681=ORIENTED_EDGE('',*,*,#4595,.T.);
#2682=ORIENTED_EDGE('',*,*,#4504,.T.);
#2683=ORIENTED_EDGE('',*,*,#4599,.T.);
#2684=ORIENTED_EDGE('',*,*,#4599,.F.);
#2685=ORIENTED_EDGE('',*,*,#4600,.T.);
#2686=ORIENTED_EDGE('',*,*,#4601,.T.);
#2687=ORIENTED_EDGE('',*,*,#4602,.T.);
#2688=ORIENTED_EDGE('',*,*,#4603,.T.);
#2689=ORIENTED_EDGE('',*,*,#4500,.T.);
#2690=ORIENTED_EDGE('',*,*,#4604,.T.);
#2691=ORIENTED_EDGE('',*,*,#4605,.T.);
#2692=ORIENTED_EDGE('',*,*,#4606,.T.);
#2693=ORIENTED_EDGE('',*,*,#4607,.T.);
#2694=ORIENTED_EDGE('',*,*,#4608,.T.);
#2695=ORIENTED_EDGE('',*,*,#4604,.F.);
#2696=ORIENTED_EDGE('',*,*,#4503,.T.);
#2697=ORIENTED_EDGE('',*,*,#4609,.T.);
#2698=ORIENTED_EDGE('',*,*,#4610,.T.);
#2699=ORIENTED_EDGE('',*,*,#4611,.T.);
#2700=ORIENTED_EDGE('',*,*,#4612,.T.);
#2701=ORIENTED_EDGE('',*,*,#4613,.T.);
#2702=ORIENTED_EDGE('',*,*,#4609,.F.);
#2703=ORIENTED_EDGE('',*,*,#4478,.T.);
#2704=ORIENTED_EDGE('',*,*,#4614,.T.);
#2705=ORIENTED_EDGE('',*,*,#4199,.T.);
#2706=ORIENTED_EDGE('',*,*,#4615,.T.);
#2707=ORIENTED_EDGE('',*,*,#4368,.F.);
#2708=ORIENTED_EDGE('',*,*,#4377,.T.);
#2709=ORIENTED_EDGE('',*,*,#4480,.T.);
#2710=ORIENTED_EDGE('',*,*,#4616,.T.);
#2711=ORIENTED_EDGE('',*,*,#4451,.T.);
#2712=ORIENTED_EDGE('',*,*,#4477,.T.);
#2713=ORIENTED_EDGE('',*,*,#4617,.T.);
#2714=ORIENTED_EDGE('',*,*,#4618,.T.);
#2715=ORIENTED_EDGE('',*,*,#4614,.F.);
#2716=ORIENTED_EDGE('',*,*,#4476,.T.);
#2717=ORIENTED_EDGE('',*,*,#4619,.T.);
#2718=ORIENTED_EDGE('',*,*,#4620,.T.);
#2719=ORIENTED_EDGE('',*,*,#4617,.F.);
#2720=ORIENTED_EDGE('',*,*,#4475,.T.);
#2721=ORIENTED_EDGE('',*,*,#4621,.T.);
#2722=ORIENTED_EDGE('',*,*,#4622,.T.);
#2723=ORIENTED_EDGE('',*,*,#4619,.F.);
#2724=ORIENTED_EDGE('',*,*,#4474,.T.);
#2725=ORIENTED_EDGE('',*,*,#4623,.T.);
#2726=ORIENTED_EDGE('',*,*,#4339,.T.);
#2727=ORIENTED_EDGE('',*,*,#4621,.F.);
#2728=ORIENTED_EDGE('',*,*,#4624,.T.);
#2729=ORIENTED_EDGE('',*,*,#4625,.T.);
#2730=ORIENTED_EDGE('',*,*,#4482,.T.);
#2731=ORIENTED_EDGE('',*,*,#4626,.T.);
#2732=ORIENTED_EDGE('',*,*,#4627,.T.);
#2733=ORIENTED_EDGE('',*,*,#4628,.T.);
#2734=ORIENTED_EDGE('',*,*,#4486,.T.);
#2735=ORIENTED_EDGE('',*,*,#4629,.T.);
#2736=ORIENTED_EDGE('',*,*,#4630,.T.);
#2737=ORIENTED_EDGE('',*,*,#4631,.T.);
#2738=ORIENTED_EDGE('',*,*,#4487,.T.);
#2739=ORIENTED_EDGE('',*,*,#4628,.F.);
#2740=ORIENTED_EDGE('',*,*,#4470,.T.);
#2741=ORIENTED_EDGE('',*,*,#4632,.T.);
#2742=ORIENTED_EDGE('',*,*,#4633,.T.);
#2743=ORIENTED_EDGE('',*,*,#4634,.T.);
#2744=ORIENTED_EDGE('',*,*,#4635,.T.);
#2745=ORIENTED_EDGE('',*,*,#4636,.T.);
#2746=ORIENTED_EDGE('',*,*,#4488,.T.);
#2747=ORIENTED_EDGE('',*,*,#4631,.F.);
#2748=ORIENTED_EDGE('',*,*,#4469,.T.);
#2749=ORIENTED_EDGE('',*,*,#4637,.T.);
#2750=ORIENTED_EDGE('',*,*,#4638,.T.);
#2751=ORIENTED_EDGE('',*,*,#4632,.F.);
#2752=ORIENTED_EDGE('',*,*,#4468,.T.);
#2753=ORIENTED_EDGE('',*,*,#4639,.T.);
#2754=ORIENTED_EDGE('',*,*,#4640,.T.);
#2755=ORIENTED_EDGE('',*,*,#4637,.F.);
#2756=ORIENTED_EDGE('',*,*,#4467,.T.);
#2757=ORIENTED_EDGE('',*,*,#4641,.T.);
#2758=ORIENTED_EDGE('',*,*,#4642,.T.);
#2759=ORIENTED_EDGE('',*,*,#4639,.F.);
#2760=ORIENTED_EDGE('',*,*,#4465,.T.);
#2761=ORIENTED_EDGE('',*,*,#4643,.T.);
#2762=ORIENTED_EDGE('',*,*,#4644,.T.);
#2763=ORIENTED_EDGE('',*,*,#4645,.T.);
#2764=ORIENTED_EDGE('',*,*,#4463,.T.);
#2765=ORIENTED_EDGE('',*,*,#4646,.T.);
#2766=ORIENTED_EDGE('',*,*,#4647,.T.);
#2767=ORIENTED_EDGE('',*,*,#4648,.T.);
#2768=ORIENTED_EDGE('',*,*,#4496,.T.);
#2769=ORIENTED_EDGE('',*,*,#4649,.T.);
#2770=ORIENTED_EDGE('',*,*,#4650,.T.);
#2771=ORIENTED_EDGE('',*,*,#4646,.F.);
#2772=ORIENTED_EDGE('',*,*,#4651,.T.);
#2773=ORIENTED_EDGE('',*,*,#4649,.F.);
#2774=ORIENTED_EDGE('',*,*,#4495,.T.);
#2775=ORIENTED_EDGE('',*,*,#4652,.T.);
#2776=ORIENTED_EDGE('',*,*,#4653,.T.);
#2777=ORIENTED_EDGE('',*,*,#4652,.F.);
#2778=ORIENTED_EDGE('',*,*,#4494,.T.);
#2779=ORIENTED_EDGE('',*,*,#4654,.T.);
#2780=ORIENTED_EDGE('',*,*,#4464,.T.);
#2781=ORIENTED_EDGE('',*,*,#4648,.F.);
#2782=ORIENTED_EDGE('',*,*,#4655,.T.);
#2783=ORIENTED_EDGE('',*,*,#4643,.F.);
#2784=ORIENTED_EDGE('',*,*,#4656,.T.);
#2785=ORIENTED_EDGE('',*,*,#4654,.F.);
#2786=ORIENTED_EDGE('',*,*,#4493,.T.);
#2787=ORIENTED_EDGE('',*,*,#4657,.T.);
#2788=ORIENTED_EDGE('',*,*,#4658,.T.);
#2789=ORIENTED_EDGE('',*,*,#4657,.F.);
#2790=ORIENTED_EDGE('',*,*,#4492,.T.);
#2791=ORIENTED_EDGE('',*,*,#4659,.T.);
#2792=ORIENTED_EDGE('',*,*,#4466,.T.);
#2793=ORIENTED_EDGE('',*,*,#4645,.F.);
#2794=ORIENTED_EDGE('',*,*,#4660,.T.);
#2795=ORIENTED_EDGE('',*,*,#4641,.F.);
#2796=ORIENTED_EDGE('',*,*,#4661,.T.);
#2797=ORIENTED_EDGE('',*,*,#4659,.F.);
#2798=ORIENTED_EDGE('',*,*,#4491,.T.);
#2799=ORIENTED_EDGE('',*,*,#4662,.T.);
#2800=ORIENTED_EDGE('',*,*,#4663,.T.);
#2801=ORIENTED_EDGE('',*,*,#4662,.F.);
#2802=ORIENTED_EDGE('',*,*,#4490,.T.);
#2803=ORIENTED_EDGE('',*,*,#4664,.T.);
#2804=ORIENTED_EDGE('',*,*,#4665,.T.);
#2805=ORIENTED_EDGE('',*,*,#4664,.F.);
#2806=ORIENTED_EDGE('',*,*,#4489,.T.);
#2807=ORIENTED_EDGE('',*,*,#4636,.F.);
#2808=ORIENTED_EDGE('',*,*,#4471,.T.);
#2809=ORIENTED_EDGE('',*,*,#4634,.F.);
#2810=ORIENTED_EDGE('',*,*,#4666,.T.);
#2811=ORIENTED_EDGE('',*,*,#4400,.F.);
#2812=ORIENTED_EDGE('',*,*,#4667,.T.);
#2813=ORIENTED_EDGE('',*,*,#4629,.F.);
#2814=ORIENTED_EDGE('',*,*,#4485,.T.);
#2815=ORIENTED_EDGE('',*,*,#4668,.T.);
#2816=ORIENTED_EDGE('',*,*,#4669,.T.);
#2817=ORIENTED_EDGE('',*,*,#4668,.F.);
#2818=ORIENTED_EDGE('',*,*,#4484,.T.);
#2819=ORIENTED_EDGE('',*,*,#4670,.T.);
#2820=ORIENTED_EDGE('',*,*,#4362,.F.);
#2821=ORIENTED_EDGE('',*,*,#4367,.T.);
#2822=ORIENTED_EDGE('',*,*,#4671,.T.);
#2823=ORIENTED_EDGE('',*,*,#4472,.T.);
#2824=ORIENTED_EDGE('',*,*,#4402,.F.);
#2825=ORIENTED_EDGE('',*,*,#4672,.T.);
#2826=ORIENTED_EDGE('',*,*,#4670,.F.);
#2827=ORIENTED_EDGE('',*,*,#4483,.T.);
#2828=ORIENTED_EDGE('',*,*,#4625,.F.);
#2829=ORIENTED_EDGE('',*,*,#4473,.T.);
#2830=ORIENTED_EDGE('',*,*,#4671,.F.);
#2831=ORIENTED_EDGE('',*,*,#4673,.T.);
#2832=ORIENTED_EDGE('',*,*,#4623,.F.);
#2833=ORIENTED_EDGE('',*,*,#4674,.T.);
#2834=ORIENTED_EDGE('',*,*,#4626,.F.);
#2835=ORIENTED_EDGE('',*,*,#4481,.T.);
#2836=ORIENTED_EDGE('',*,*,#4409,.T.);
#2837=ORIENTED_EDGE('',*,*,#4675,.T.);
#2838=ORIENTED_EDGE('',*,*,#4616,.F.);
#2839=ORIENTED_EDGE('',*,*,#4479,.T.);
#2840=ORIENTED_EDGE('',*,*,#4615,.F.);
#2841=ORIENTED_EDGE('',*,*,#4675,.F.);
#2842=ORIENTED_EDGE('',*,*,#4198,.F.);
#2843=ORIENTED_EDGE('',*,*,#4676,.F.);
#2844=ORIENTED_EDGE('',*,*,#4452,.F.);
#2845=ORIENTED_EDGE('',*,*,#4618,.F.);
#2846=ORIENTED_EDGE('',*,*,#4677,.F.);
#2847=ORIENTED_EDGE('',*,*,#4678,.T.);
#2848=ORIENTED_EDGE('',*,*,#4200,.T.);
#2849=ORIENTED_EDGE('',*,*,#4620,.F.);
#2850=ORIENTED_EDGE('',*,*,#4679,.F.);
#2851=ORIENTED_EDGE('',*,*,#4680,.T.);
#2852=ORIENTED_EDGE('',*,*,#4677,.T.);
#2853=ORIENTED_EDGE('',*,*,#4622,.F.);
#2854=ORIENTED_EDGE('',*,*,#4338,.F.);
#2855=ORIENTED_EDGE('',*,*,#4681,.T.);
#2856=ORIENTED_EDGE('',*,*,#4679,.T.);
#2857=ORIENTED_EDGE('',*,*,#4673,.F.);
#2858=ORIENTED_EDGE('',*,*,#4366,.T.);
#2859=ORIENTED_EDGE('',*,*,#4682,.F.);
#2860=ORIENTED_EDGE('',*,*,#4340,.F.);
#2861=ORIENTED_EDGE('',*,*,#4394,.F.);
#2862=ORIENTED_EDGE('',*,*,#4401,.F.);
#2863=ORIENTED_EDGE('',*,*,#4683,.F.);
#2864=ORIENTED_EDGE('',*,*,#4684,.T.);
#2865=ORIENTED_EDGE('',*,*,#4685,.T.);
#2866=ORIENTED_EDGE('',*,*,#4686,.F.);
#2867=ORIENTED_EDGE('',*,*,#4687,.T.);
#2868=ORIENTED_EDGE('',*,*,#4688,.T.);
#2869=ORIENTED_EDGE('',*,*,#4689,.T.);
#2870=ORIENTED_EDGE('',*,*,#4690,.F.);
#2871=ORIENTED_EDGE('',*,*,#4691,.F.);
#2872=ORIENTED_EDGE('',*,*,#4692,.T.);
#2873=ORIENTED_EDGE('',*,*,#4693,.T.);
#2874=ORIENTED_EDGE('',*,*,#4694,.T.);
#2875=ORIENTED_EDGE('',*,*,#4414,.F.);
#2876=ORIENTED_EDGE('',*,*,#4695,.T.);
#2877=ORIENTED_EDGE('',*,*,#4666,.F.);
#2878=ORIENTED_EDGE('',*,*,#4696,.F.);
#2879=ORIENTED_EDGE('',*,*,#4697,.F.);
#2880=ORIENTED_EDGE('',*,*,#4698,.T.);
#2881=ORIENTED_EDGE('',*,*,#4699,.T.);
#2882=ORIENTED_EDGE('',*,*,#4683,.T.);
#2883=ORIENTED_EDGE('',*,*,#4633,.F.);
#2884=ORIENTED_EDGE('',*,*,#4700,.T.);
#2885=ORIENTED_EDGE('',*,*,#4701,.F.);
#2886=ORIENTED_EDGE('',*,*,#4702,.F.);
#2887=ORIENTED_EDGE('',*,*,#4703,.F.);
#2888=ORIENTED_EDGE('',*,*,#4696,.T.);
#2889=ORIENTED_EDGE('',*,*,#4638,.F.);
#2890=ORIENTED_EDGE('',*,*,#4704,.F.);
#2891=ORIENTED_EDGE('',*,*,#4705,.F.);
#2892=ORIENTED_EDGE('',*,*,#4700,.F.);
#2893=ORIENTED_EDGE('',*,*,#4640,.F.);
#2894=ORIENTED_EDGE('',*,*,#4706,.F.);
#2895=ORIENTED_EDGE('',*,*,#4707,.F.);
#2896=ORIENTED_EDGE('',*,*,#4704,.T.);
#2897=ORIENTED_EDGE('',*,*,#4642,.F.);
#2898=ORIENTED_EDGE('',*,*,#4708,.F.);
#2899=ORIENTED_EDGE('',*,*,#4709,.F.);
#2900=ORIENTED_EDGE('',*,*,#4710,.F.);
#2901=ORIENTED_EDGE('',*,*,#4706,.T.);
#2902=ORIENTED_EDGE('',*,*,#4660,.F.);
#2903=ORIENTED_EDGE('',*,*,#4711,.T.);
#2904=ORIENTED_EDGE('',*,*,#4712,.F.);
#2905=ORIENTED_EDGE('',*,*,#4713,.F.);
#2906=ORIENTED_EDGE('',*,*,#4708,.T.);
#2907=ORIENTED_EDGE('',*,*,#4644,.F.);
#2908=ORIENTED_EDGE('',*,*,#4714,.T.);
#2909=ORIENTED_EDGE('',*,*,#4715,.F.);
#2910=ORIENTED_EDGE('',*,*,#4716,.T.);
#2911=ORIENTED_EDGE('',*,*,#4249,.T.);
#2912=ORIENTED_EDGE('',*,*,#4717,.F.);
#2913=ORIENTED_EDGE('',*,*,#4718,.F.);
#2914=ORIENTED_EDGE('',*,*,#4719,.F.);
#2915=ORIENTED_EDGE('',*,*,#4711,.F.);
#2916=ORIENTED_EDGE('',*,*,#4720,.T.);
#2917=ORIENTED_EDGE('',*,*,#4655,.F.);
#2918=ORIENTED_EDGE('',*,*,#4721,.T.);
#2919=ORIENTED_EDGE('',*,*,#4722,.T.);
#2920=ORIENTED_EDGE('',*,*,#4714,.F.);
#2921=ORIENTED_EDGE('',*,*,#4647,.F.);
#2922=ORIENTED_EDGE('',*,*,#4723,.T.);
#2923=ORIENTED_EDGE('',*,*,#4724,.T.);
#2924=ORIENTED_EDGE('',*,*,#4721,.F.);
#2925=ORIENTED_EDGE('',*,*,#4725,.T.);
#2926=ORIENTED_EDGE('',*,*,#4460,.T.);
#2927=ORIENTED_EDGE('',*,*,#4726,.T.);
#2928=ORIENTED_EDGE('',*,*,#4727,.T.);
#2929=ORIENTED_EDGE('',*,*,#4725,.F.);
#2930=ORIENTED_EDGE('',*,*,#4728,.T.);
#2931=ORIENTED_EDGE('',*,*,#4501,.T.);
#2932=ORIENTED_EDGE('',*,*,#4729,.T.);
#2933=ORIENTED_EDGE('',*,*,#4728,.F.);
#2934=ORIENTED_EDGE('',*,*,#4730,.T.);
#2935=ORIENTED_EDGE('',*,*,#4502,.T.);
#2936=ORIENTED_EDGE('',*,*,#4731,.T.);
#2937=ORIENTED_EDGE('',*,*,#4730,.F.);
#2938=ORIENTED_EDGE('',*,*,#4732,.T.);
#2939=ORIENTED_EDGE('',*,*,#4181,.F.);
#2940=ORIENTED_EDGE('',*,*,#4733,.T.);
#2941=ORIENTED_EDGE('',*,*,#4695,.F.);
#2942=ORIENTED_EDGE('',*,*,#4733,.F.);
#2943=ORIENTED_EDGE('',*,*,#4734,.T.);
#2944=ORIENTED_EDGE('',*,*,#4720,.F.);
#2945=ORIENTED_EDGE('',*,*,#4734,.F.);
#2946=ORIENTED_EDGE('',*,*,#4735,.T.);
#2947=ORIENTED_EDGE('',*,*,#4736,.F.);
#2948=ORIENTED_EDGE('',*,*,#4735,.F.);
#2949=ORIENTED_EDGE('',*,*,#4737,.T.);
#2950=ORIENTED_EDGE('',*,*,#4738,.F.);
#2951=ORIENTED_EDGE('',*,*,#4737,.F.);
#2952=ORIENTED_EDGE('',*,*,#4739,.F.);
#2953=ORIENTED_EDGE('',*,*,#4740,.F.);
#2954=ORIENTED_EDGE('',*,*,#4741,.T.);
#2955=ORIENTED_EDGE('',*,*,#4742,.F.);
#2956=ORIENTED_EDGE('',*,*,#4743,.F.);
#2957=ORIENTED_EDGE('',*,*,#4744,.T.);
#2958=ORIENTED_EDGE('',*,*,#4740,.T.);
#2959=ORIENTED_EDGE('',*,*,#4742,.T.);
#2960=ORIENTED_EDGE('',*,*,#4745,.T.);
#2961=ORIENTED_EDGE('',*,*,#4746,.T.);
#2962=ORIENTED_EDGE('',*,*,#4747,.T.);
#2963=ORIENTED_EDGE('',*,*,#4748,.T.);
#2964=ORIENTED_EDGE('',*,*,#4699,.F.);
#2965=ORIENTED_EDGE('',*,*,#4749,.F.);
#2966=ORIENTED_EDGE('',*,*,#4684,.F.);
#2967=ORIENTED_EDGE('',*,*,#4698,.F.);
#2968=ORIENTED_EDGE('',*,*,#4750,.F.);
#2969=ORIENTED_EDGE('',*,*,#4685,.F.);
#2970=ORIENTED_EDGE('',*,*,#4749,.T.);
#2971=ORIENTED_EDGE('',*,*,#4746,.F.);
#2972=ORIENTED_EDGE('',*,*,#4751,.F.);
#2973=ORIENTED_EDGE('',*,*,#4752,.T.);
#2974=ORIENTED_EDGE('',*,*,#4753,.F.);
#2975=ORIENTED_EDGE('',*,*,#4754,.F.);
#2976=ORIENTED_EDGE('',*,*,#4755,.F.);
#2977=ORIENTED_EDGE('',*,*,#4752,.F.);
#2978=ORIENTED_EDGE('',*,*,#4756,.F.);
#2979=ORIENTED_EDGE('',*,*,#4757,.T.);
#2980=ORIENTED_EDGE('',*,*,#4758,.F.);
#2981=ORIENTED_EDGE('',*,*,#4759,.F.);
#2982=ORIENTED_EDGE('',*,*,#4757,.F.);
#2983=ORIENTED_EDGE('',*,*,#4760,.F.);
#2984=ORIENTED_EDGE('',*,*,#4630,.F.);
#2985=ORIENTED_EDGE('',*,*,#4761,.T.);
#2986=ORIENTED_EDGE('',*,*,#4762,.F.);
#2987=ORIENTED_EDGE('',*,*,#4763,.F.);
#2988=ORIENTED_EDGE('',*,*,#4764,.F.);
#2989=ORIENTED_EDGE('',*,*,#4253,.T.);
#2990=ORIENTED_EDGE('',*,*,#4765,.F.);
#2991=ORIENTED_EDGE('',*,*,#4766,.T.);
#2992=ORIENTED_EDGE('',*,*,#4767,.F.);
#2993=ORIENTED_EDGE('',*,*,#4736,.T.);
#2994=ORIENTED_EDGE('',*,*,#4405,.F.);
#2995=ORIENTED_EDGE('',*,*,#4768,.F.);
#2996=ORIENTED_EDGE('',*,*,#4769,.T.);
#2997=ORIENTED_EDGE('',*,*,#4770,.T.);
#2998=ORIENTED_EDGE('',*,*,#4771,.T.);
#2999=ORIENTED_EDGE('',*,*,#4772,.F.);
#3000=ORIENTED_EDGE('',*,*,#4773,.T.);
#3001=ORIENTED_EDGE('',*,*,#4760,.T.);
#3002=ORIENTED_EDGE('',*,*,#4756,.T.);
#3003=ORIENTED_EDGE('',*,*,#4751,.T.);
#3004=ORIENTED_EDGE('',*,*,#4745,.F.);
#3005=ORIENTED_EDGE('',*,*,#4741,.F.);
#3006=ORIENTED_EDGE('',*,*,#4744,.F.);
#3007=ORIENTED_EDGE('',*,*,#4774,.T.);
#3008=ORIENTED_EDGE('',*,*,#4408,.F.);
#3009=ORIENTED_EDGE('',*,*,#4738,.T.);
#3010=ORIENTED_EDGE('',*,*,#4754,.T.);
#3011=ORIENTED_EDGE('',*,*,#4775,.F.);
#3012=ORIENTED_EDGE('',*,*,#4776,.F.);
#3013=ORIENTED_EDGE('',*,*,#4747,.F.);
#3014=ORIENTED_EDGE('',*,*,#4777,.F.);
#3015=ORIENTED_EDGE('',*,*,#4778,.F.);
#3016=ORIENTED_EDGE('',*,*,#4779,.F.);
#3017=ORIENTED_EDGE('',*,*,#4780,.F.);
#3018=ORIENTED_EDGE('',*,*,#4687,.F.);
#3019=ORIENTED_EDGE('',*,*,#4781,.F.);
#3020=ORIENTED_EDGE('',*,*,#4782,.F.);
#3021=ORIENTED_EDGE('',*,*,#4689,.F.);
#3022=ORIENTED_EDGE('',*,*,#4783,.T.);
#3023=ORIENTED_EDGE('',*,*,#4784,.F.);
#3024=ORIENTED_EDGE('',*,*,#4783,.F.);
#3025=ORIENTED_EDGE('',*,*,#4688,.F.);
#3026=ORIENTED_EDGE('',*,*,#4780,.T.);
#3027=ORIENTED_EDGE('',*,*,#4750,.T.);
#3028=ORIENTED_EDGE('',*,*,#4697,.T.);
#3029=ORIENTED_EDGE('',*,*,#4785,.T.);
#3030=ORIENTED_EDGE('',*,*,#4777,.T.);
#3031=ORIENTED_EDGE('',*,*,#4686,.T.);
#3032=ORIENTED_EDGE('',*,*,#4732,.F.);
#3033=ORIENTED_EDGE('',*,*,#4230,.T.);
#3034=ORIENTED_EDGE('',*,*,#4731,.F.);
#3035=ORIENTED_EDGE('',*,*,#4308,.T.);
#3036=ORIENTED_EDGE('',*,*,#4729,.F.);
#3037=ORIENTED_EDGE('',*,*,#4309,.T.);
#3038=ORIENTED_EDGE('',*,*,#4727,.F.);
#3039=ORIENTED_EDGE('',*,*,#4320,.T.);
#3040=ORIENTED_EDGE('',*,*,#4650,.F.);
#3041=ORIENTED_EDGE('',*,*,#4786,.T.);
#3042=ORIENTED_EDGE('',*,*,#4787,.T.);
#3043=ORIENTED_EDGE('',*,*,#4723,.F.);
#3044=ORIENTED_EDGE('',*,*,#4651,.F.);
#3045=ORIENTED_EDGE('',*,*,#4788,.T.);
#3046=ORIENTED_EDGE('',*,*,#4789,.T.);
#3047=ORIENTED_EDGE('',*,*,#4786,.F.);
#3048=ORIENTED_EDGE('',*,*,#4653,.F.);
#3049=ORIENTED_EDGE('',*,*,#4790,.T.);
#3050=ORIENTED_EDGE('',*,*,#4791,.T.);
#3051=ORIENTED_EDGE('',*,*,#4788,.F.);
#3052=ORIENTED_EDGE('',*,*,#4656,.F.);
#3053=ORIENTED_EDGE('',*,*,#4792,.T.);
#3054=ORIENTED_EDGE('',*,*,#4793,.T.);
#3055=ORIENTED_EDGE('',*,*,#4790,.F.);
#3056=ORIENTED_EDGE('',*,*,#4658,.F.);
#3057=ORIENTED_EDGE('',*,*,#4794,.T.);
#3058=ORIENTED_EDGE('',*,*,#4795,.T.);
#3059=ORIENTED_EDGE('',*,*,#4792,.F.);
#3060=ORIENTED_EDGE('',*,*,#4661,.F.);
#3061=ORIENTED_EDGE('',*,*,#4796,.T.);
#3062=ORIENTED_EDGE('',*,*,#4797,.T.);
#3063=ORIENTED_EDGE('',*,*,#4794,.F.);
#3064=ORIENTED_EDGE('',*,*,#4663,.F.);
#3065=ORIENTED_EDGE('',*,*,#4798,.F.);
#3066=ORIENTED_EDGE('',*,*,#4799,.T.);
#3067=ORIENTED_EDGE('',*,*,#4796,.F.);
#3068=ORIENTED_EDGE('',*,*,#4665,.F.);
#3069=ORIENTED_EDGE('',*,*,#4800,.T.);
#3070=ORIENTED_EDGE('',*,*,#4801,.T.);
#3071=ORIENTED_EDGE('',*,*,#4798,.T.);
#3072=ORIENTED_EDGE('',*,*,#4802,.T.);
#3073=ORIENTED_EDGE('',*,*,#4185,.T.);
#3074=ORIENTED_EDGE('',*,*,#4803,.T.);
#3075=ORIENTED_EDGE('',*,*,#4804,.T.);
#3076=ORIENTED_EDGE('',*,*,#4805,.T.);
#3077=ORIENTED_EDGE('',*,*,#4187,.T.);
#3078=ORIENTED_EDGE('',*,*,#4806,.T.);
#3079=ORIENTED_EDGE('',*,*,#4807,.T.);
#3080=ORIENTED_EDGE('',*,*,#4807,.F.);
#3081=ORIENTED_EDGE('',*,*,#4808,.F.);
#3082=ORIENTED_EDGE('',*,*,#4809,.T.);
#3083=ORIENTED_EDGE('',*,*,#4806,.F.);
#3084=ORIENTED_EDGE('',*,*,#4179,.F.);
#3085=ORIENTED_EDGE('',*,*,#4805,.F.);
#3086=ORIENTED_EDGE('',*,*,#4808,.T.);
#3087=ORIENTED_EDGE('',*,*,#4804,.F.);
#3088=ORIENTED_EDGE('',*,*,#4810,.F.);
#3089=ORIENTED_EDGE('',*,*,#4811,.T.);
#3090=ORIENTED_EDGE('',*,*,#4802,.F.);
#3091=ORIENTED_EDGE('',*,*,#4810,.T.);
#3092=ORIENTED_EDGE('',*,*,#4803,.F.);
#3093=ORIENTED_EDGE('',*,*,#4175,.F.);
#3094=ORIENTED_EDGE('',*,*,#4327,.T.);
#3095=ORIENTED_EDGE('',*,*,#4232,.F.);
#3096=ORIENTED_EDGE('',*,*,#4341,.T.);
#3097=ORIENTED_EDGE('',*,*,#4682,.T.);
#3098=ORIENTED_EDGE('',*,*,#4323,.F.);
#3099=ORIENTED_EDGE('',*,*,#4676,.T.);
#3100=ORIENTED_EDGE('',*,*,#4197,.T.);
#3101=ORIENTED_EDGE('',*,*,#4211,.T.);
#3102=ORIENTED_EDGE('',*,*,#4356,.T.);
#3103=ORIENTED_EDGE('',*,*,#4812,.T.);
#3104=ORIENTED_EDGE('',*,*,#4311,.T.);
#3105=ORIENTED_EDGE('',*,*,#4310,.T.);
#3106=ORIENTED_EDGE('',*,*,#4813,.T.);
#3107=ORIENTED_EDGE('',*,*,#4422,.T.);
#3108=ORIENTED_EDGE('',*,*,#4453,.T.);
#3109=ORIENTED_EDGE('',*,*,#4812,.F.);
#3110=ORIENTED_EDGE('',*,*,#4355,.T.);
#3111=ORIENTED_EDGE('',*,*,#4444,.F.);
#3112=ORIENTED_EDGE('',*,*,#4456,.F.);
#3113=ORIENTED_EDGE('',*,*,#4457,.F.);
#3114=ORIENTED_EDGE('',*,*,#4446,.F.);
#3115=ORIENTED_EDGE('',*,*,#4319,.T.);
#3116=ORIENTED_EDGE('',*,*,#4236,.F.);
#3117=ORIENTED_EDGE('',*,*,#4241,.F.);
#3118=ORIENTED_EDGE('',*,*,#4423,.F.);
#3119=ORIENTED_EDGE('',*,*,#4813,.F.);
#3120=ORIENTED_EDGE('',*,*,#4296,.F.);
#3121=ORIENTED_EDGE('',*,*,#4814,.F.);
#3122=ORIENTED_EDGE('',*,*,#4295,.F.);
#3123=ORIENTED_EDGE('',*,*,#4815,.F.);
#3124=ORIENTED_EDGE('',*,*,#4294,.F.);
#3125=ORIENTED_EDGE('',*,*,#4816,.F.);
#3126=ORIENTED_EDGE('',*,*,#4293,.F.);
#3127=ORIENTED_EDGE('',*,*,#4817,.F.);
#3128=ORIENTED_EDGE('',*,*,#4722,.F.);
#3129=ORIENTED_EDGE('',*,*,#4724,.F.);
#3130=ORIENTED_EDGE('',*,*,#4787,.F.);
#3131=ORIENTED_EDGE('',*,*,#4789,.F.);
#3132=ORIENTED_EDGE('',*,*,#4791,.F.);
#3133=ORIENTED_EDGE('',*,*,#4793,.F.);
#3134=ORIENTED_EDGE('',*,*,#4795,.F.);
#3135=ORIENTED_EDGE('',*,*,#4797,.F.);
#3136=ORIENTED_EDGE('',*,*,#4799,.F.);
#3137=ORIENTED_EDGE('',*,*,#4801,.F.);
#3138=ORIENTED_EDGE('',*,*,#4818,.F.);
#3139=ORIENTED_EDGE('',*,*,#4766,.F.);
#3140=ORIENTED_EDGE('',*,*,#4819,.F.);
#3141=ORIENTED_EDGE('',*,*,#4820,.T.);
#3142=ORIENTED_EDGE('',*,*,#4821,.T.);
#3143=ORIENTED_EDGE('',*,*,#4715,.T.);
#3144=ORIENTED_EDGE('',*,*,#4357,.T.);
#3145=ORIENTED_EDGE('',*,*,#4424,.T.);
#3146=ORIENTED_EDGE('',*,*,#4814,.T.);
#3147=ORIENTED_EDGE('',*,*,#4815,.T.);
#3148=ORIENTED_EDGE('',*,*,#4816,.T.);
#3149=ORIENTED_EDGE('',*,*,#4817,.T.);
#3150=ORIENTED_EDGE('',*,*,#4252,.T.);
#3151=ORIENTED_EDGE('',*,*,#4822,.F.);
#3152=ORIENTED_EDGE('',*,*,#4819,.T.);
#3153=ORIENTED_EDGE('',*,*,#4765,.T.);
#3154=ORIENTED_EDGE('',*,*,#4251,.T.);
#3155=ORIENTED_EDGE('',*,*,#4823,.F.);
#3156=ORIENTED_EDGE('',*,*,#4820,.F.);
#3157=ORIENTED_EDGE('',*,*,#4822,.T.);
#3158=ORIENTED_EDGE('',*,*,#4250,.T.);
#3159=ORIENTED_EDGE('',*,*,#4716,.F.);
#3160=ORIENTED_EDGE('',*,*,#4821,.F.);
#3161=ORIENTED_EDGE('',*,*,#4823,.T.);
#3162=ORIENTED_EDGE('',*,*,#4627,.F.);
#3163=ORIENTED_EDGE('',*,*,#4824,.T.);
#3164=ORIENTED_EDGE('',*,*,#4825,.F.);
#3165=ORIENTED_EDGE('',*,*,#4826,.F.);
#3166=ORIENTED_EDGE('',*,*,#4761,.F.);
#3167=ORIENTED_EDGE('',*,*,#4635,.F.);
#3168=ORIENTED_EDGE('',*,*,#4767,.T.);
#3169=ORIENTED_EDGE('',*,*,#4818,.T.);
#3170=ORIENTED_EDGE('',*,*,#4800,.F.);
#3171=ORIENTED_EDGE('',*,*,#4762,.T.);
#3172=ORIENTED_EDGE('',*,*,#4826,.T.);
#3173=ORIENTED_EDGE('',*,*,#4827,.F.);
#3174=ORIENTED_EDGE('',*,*,#4828,.F.);
#3175=ORIENTED_EDGE('',*,*,#4829,.F.);
#3176=ORIENTED_EDGE('',*,*,#4830,.F.);
#3177=ORIENTED_EDGE('',*,*,#4831,.T.);
#3178=ORIENTED_EDGE('',*,*,#4832,.F.);
#3179=ORIENTED_EDGE('',*,*,#4833,.F.);
#3180=ORIENTED_EDGE('',*,*,#4834,.F.);
#3181=ORIENTED_EDGE('',*,*,#4835,.F.);
#3182=ORIENTED_EDGE('',*,*,#4836,.T.);
#3183=ORIENTED_EDGE('',*,*,#4204,.T.);
#3184=ORIENTED_EDGE('',*,*,#4837,.F.);
#3185=ORIENTED_EDGE('',*,*,#4838,.F.);
#3186=ORIENTED_EDGE('',*,*,#4839,.F.);
#3187=ORIENTED_EDGE('',*,*,#4840,.F.);
#3188=ORIENTED_EDGE('',*,*,#4825,.T.);
#3189=ORIENTED_EDGE('',*,*,#4841,.F.);
#3190=ORIENTED_EDGE('',*,*,#4827,.T.);
#3191=ORIENTED_EDGE('',*,*,#4782,.T.);
#3192=ORIENTED_EDGE('',*,*,#4842,.F.);
#3193=ORIENTED_EDGE('',*,*,#4843,.T.);
#3194=ORIENTED_EDGE('',*,*,#4718,.T.);
#3195=ORIENTED_EDGE('',*,*,#4844,.F.);
#3196=ORIENTED_EDGE('',*,*,#4690,.T.);
#3197=ORIENTED_EDGE('',*,*,#4717,.T.);
#3198=ORIENTED_EDGE('',*,*,#4248,.T.);
#3199=ORIENTED_EDGE('',*,*,#4845,.F.);
#3200=ORIENTED_EDGE('',*,*,#4844,.T.);
#3201=ORIENTED_EDGE('',*,*,#4674,.F.);
#3202=ORIENTED_EDGE('',*,*,#4774,.F.);
#3203=ORIENTED_EDGE('',*,*,#4743,.T.);
#3204=ORIENTED_EDGE('',*,*,#4739,.T.);
#3205=ORIENTED_EDGE('',*,*,#4748,.F.);
#3206=ORIENTED_EDGE('',*,*,#4846,.T.);
#3207=ORIENTED_EDGE('',*,*,#4667,.F.);
#3208=ORIENTED_EDGE('',*,*,#4847,.T.);
#3209=ORIENTED_EDGE('',*,*,#4848,.F.);
#3210=ORIENTED_EDGE('',*,*,#4849,.F.);
#3211=ORIENTED_EDGE('',*,*,#4824,.F.);
#3212=ORIENTED_EDGE('',*,*,#4669,.F.);
#3213=ORIENTED_EDGE('',*,*,#4850,.F.);
#3214=ORIENTED_EDGE('',*,*,#4851,.F.);
#3215=ORIENTED_EDGE('',*,*,#4847,.F.);
#3216=ORIENTED_EDGE('',*,*,#4672,.F.);
#3217=ORIENTED_EDGE('',*,*,#4852,.F.);
#3218=ORIENTED_EDGE('',*,*,#4853,.F.);
#3219=ORIENTED_EDGE('',*,*,#4850,.T.);
#3220=ORIENTED_EDGE('',*,*,#4404,.F.);
#3221=ORIENTED_EDGE('',*,*,#4413,.F.);
#3222=ORIENTED_EDGE('',*,*,#4257,.T.);
#3223=ORIENTED_EDGE('',*,*,#4854,.T.);
#3224=ORIENTED_EDGE('',*,*,#4855,.T.);
#3225=ORIENTED_EDGE('',*,*,#4768,.T.);
#3226=ORIENTED_EDGE('',*,*,#4856,.T.);
#3227=ORIENTED_EDGE('',*,*,#4292,.T.);
#3228=ORIENTED_EDGE('',*,*,#4857,.F.);
#3229=ORIENTED_EDGE('',*,*,#4856,.F.);
#3230=ORIENTED_EDGE('',*,*,#4858,.T.);
#3231=ORIENTED_EDGE('',*,*,#4279,.T.);
#3232=ORIENTED_EDGE('',*,*,#4859,.F.);
#3233=ORIENTED_EDGE('',*,*,#4858,.F.);
#3234=ORIENTED_EDGE('',*,*,#4290,.T.);
#3235=ORIENTED_EDGE('',*,*,#4860,.T.);
#3236=ORIENTED_EDGE('',*,*,#4861,.T.);
#3237=ORIENTED_EDGE('',*,*,#4862,.F.);
#3238=ORIENTED_EDGE('',*,*,#4863,.T.);
#3239=ORIENTED_EDGE('',*,*,#4860,.F.);
#3240=ORIENTED_EDGE('',*,*,#4291,.T.);
#3241=ORIENTED_EDGE('',*,*,#4862,.T.);
#3242=ORIENTED_EDGE('',*,*,#4863,.F.);
#3243=ORIENTED_EDGE('',*,*,#4864,.F.);
#3244=ORIENTED_EDGE('',*,*,#4865,.T.);
#3245=ORIENTED_EDGE('',*,*,#4866,.F.);
#3246=ORIENTED_EDGE('',*,*,#4280,.T.);
#3247=ORIENTED_EDGE('',*,*,#4867,.T.);
#3248=ORIENTED_EDGE('',*,*,#4868,.T.);
#3249=ORIENTED_EDGE('',*,*,#4869,.F.);
#3250=ORIENTED_EDGE('',*,*,#4870,.T.);
#3251=ORIENTED_EDGE('',*,*,#4867,.F.);
#3252=ORIENTED_EDGE('',*,*,#4281,.T.);
#3253=ORIENTED_EDGE('',*,*,#4869,.T.);
#3254=ORIENTED_EDGE('',*,*,#4870,.F.);
#3255=ORIENTED_EDGE('',*,*,#4871,.F.);
#3256=ORIENTED_EDGE('',*,*,#4872,.T.);
#3257=ORIENTED_EDGE('',*,*,#4873,.F.);
#3258=ORIENTED_EDGE('',*,*,#4287,.T.);
#3259=ORIENTED_EDGE('',*,*,#4874,.T.);
#3260=ORIENTED_EDGE('',*,*,#4875,.T.);
#3261=ORIENTED_EDGE('',*,*,#4876,.F.);
#3262=ORIENTED_EDGE('',*,*,#4286,.T.);
#3263=ORIENTED_EDGE('',*,*,#4877,.T.);
#3264=ORIENTED_EDGE('',*,*,#4878,.T.);
#3265=ORIENTED_EDGE('',*,*,#4874,.F.);
#3266=ORIENTED_EDGE('',*,*,#4285,.T.);
#3267=ORIENTED_EDGE('',*,*,#4879,.T.);
#3268=ORIENTED_EDGE('',*,*,#4880,.T.);
#3269=ORIENTED_EDGE('',*,*,#4877,.F.);
#3270=ORIENTED_EDGE('',*,*,#4284,.T.);
#3271=ORIENTED_EDGE('',*,*,#4881,.T.);
#3272=ORIENTED_EDGE('',*,*,#4882,.T.);
#3273=ORIENTED_EDGE('',*,*,#4879,.F.);
#3274=ORIENTED_EDGE('',*,*,#4283,.T.);
#3275=ORIENTED_EDGE('',*,*,#4883,.T.);
#3276=ORIENTED_EDGE('',*,*,#4884,.T.);
#3277=ORIENTED_EDGE('',*,*,#4881,.F.);
#3278=ORIENTED_EDGE('',*,*,#4885,.T.);
#3279=ORIENTED_EDGE('',*,*,#4883,.F.);
#3280=ORIENTED_EDGE('',*,*,#4282,.T.);
#3281=ORIENTED_EDGE('',*,*,#4886,.T.);
#3282=ORIENTED_EDGE('',*,*,#4887,.T.);
#3283=ORIENTED_EDGE('',*,*,#4886,.F.);
#3284=ORIENTED_EDGE('',*,*,#4289,.T.);
#3285=ORIENTED_EDGE('',*,*,#4888,.T.);
#3286=ORIENTED_EDGE('',*,*,#4889,.T.);
#3287=ORIENTED_EDGE('',*,*,#4888,.F.);
#3288=ORIENTED_EDGE('',*,*,#4288,.T.);
#3289=ORIENTED_EDGE('',*,*,#4876,.T.);
#3290=ORIENTED_EDGE('',*,*,#4890,.T.);
#3291=ORIENTED_EDGE('',*,*,#4885,.F.);
#3292=ORIENTED_EDGE('',*,*,#4891,.T.);
#3293=ORIENTED_EDGE('',*,*,#4892,.T.);
#3294=ORIENTED_EDGE('',*,*,#4893,.T.);
#3295=ORIENTED_EDGE('',*,*,#4894,.T.);
#3296=ORIENTED_EDGE('',*,*,#4895,.T.);
#3297=ORIENTED_EDGE('',*,*,#4887,.F.);
#3298=ORIENTED_EDGE('',*,*,#4896,.F.);
#3299=ORIENTED_EDGE('',*,*,#4897,.T.);
#3300=ORIENTED_EDGE('',*,*,#4891,.F.);
#3301=ORIENTED_EDGE('',*,*,#4898,.T.);
#3302=ORIENTED_EDGE('',*,*,#4889,.F.);
#3303=ORIENTED_EDGE('',*,*,#4899,.T.);
#3304=ORIENTED_EDGE('',*,*,#4900,.T.);
#3305=ORIENTED_EDGE('',*,*,#4901,.T.);
#3306=ORIENTED_EDGE('',*,*,#4902,.T.);
#3307=ORIENTED_EDGE('',*,*,#4896,.T.);
#3308=ORIENTED_EDGE('',*,*,#4875,.F.);
#3309=ORIENTED_EDGE('',*,*,#4903,.F.);
#3310=ORIENTED_EDGE('',*,*,#4904,.T.);
#3311=ORIENTED_EDGE('',*,*,#4899,.F.);
#3312=ORIENTED_EDGE('',*,*,#4905,.T.);
#3313=ORIENTED_EDGE('',*,*,#4906,.T.);
#3314=ORIENTED_EDGE('',*,*,#4907,.T.);
#3315=ORIENTED_EDGE('',*,*,#4246,.T.);
#3316=ORIENTED_EDGE('',*,*,#4415,.T.);
#3317=ORIENTED_EDGE('',*,*,#4906,.F.);
#3318=ORIENTED_EDGE('',*,*,#4908,.T.);
#3319=ORIENTED_EDGE('',*,*,#4909,.T.);
#3320=ORIENTED_EDGE('',*,*,#4692,.F.);
#3321=ORIENTED_EDGE('',*,*,#4910,.F.);
#3322=ORIENTED_EDGE('',*,*,#4905,.F.);
#3323=ORIENTED_EDGE('',*,*,#4694,.F.);
#3324=ORIENTED_EDGE('',*,*,#4911,.T.);
#3325=ORIENTED_EDGE('',*,*,#4908,.F.);
#3326=ORIENTED_EDGE('',*,*,#4855,.F.);
#3327=ORIENTED_EDGE('',*,*,#4912,.T.);
#3328=ORIENTED_EDGE('',*,*,#4913,.T.);
#3329=ORIENTED_EDGE('',*,*,#4907,.F.);
#3330=ORIENTED_EDGE('',*,*,#4910,.T.);
#3331=ORIENTED_EDGE('',*,*,#4691,.T.);
#3332=ORIENTED_EDGE('',*,*,#4845,.T.);
#3333=ORIENTED_EDGE('',*,*,#4247,.T.);
#3334=ORIENTED_EDGE('',*,*,#4764,.T.);
#3335=ORIENTED_EDGE('',*,*,#4914,.T.);
#3336=ORIENTED_EDGE('',*,*,#4915,.T.);
#3337=ORIENTED_EDGE('',*,*,#4254,.T.);
#3338=ORIENTED_EDGE('',*,*,#4854,.F.);
#3339=ORIENTED_EDGE('',*,*,#4256,.T.);
#3340=ORIENTED_EDGE('',*,*,#4916,.T.);
#3341=ORIENTED_EDGE('',*,*,#4917,.T.);
#3342=ORIENTED_EDGE('',*,*,#4912,.F.);
#3343=ORIENTED_EDGE('',*,*,#4772,.T.);
#3344=ORIENTED_EDGE('',*,*,#4916,.F.);
#3345=ORIENTED_EDGE('',*,*,#4255,.T.);
#3346=ORIENTED_EDGE('',*,*,#4915,.F.);
#3347=ORIENTED_EDGE('',*,*,#4913,.F.);
#3348=ORIENTED_EDGE('',*,*,#4918,.T.);
#3349=ORIENTED_EDGE('',*,*,#4919,.T.);
#3350=ORIENTED_EDGE('',*,*,#4769,.F.);
#3351=ORIENTED_EDGE('',*,*,#4263,.T.);
#3352=ORIENTED_EDGE('',*,*,#4348,.T.);
#3353=ORIENTED_EDGE('',*,*,#4920,.T.);
#3354=ORIENTED_EDGE('',*,*,#4921,.F.);
#3355=ORIENTED_EDGE('',*,*,#4206,.T.);
#3356=ORIENTED_EDGE('',*,*,#4922,.T.);
#3357=ORIENTED_EDGE('',*,*,#4923,.T.);
#3358=ORIENTED_EDGE('',*,*,#4264,.T.);
#3359=ORIENTED_EDGE('',*,*,#4921,.T.);
#3360=ORIENTED_EDGE('',*,*,#4318,.T.);
#3361=ORIENTED_EDGE('',*,*,#4924,.T.);
#3362=ORIENTED_EDGE('',*,*,#4259,.T.);
#3363=ORIENTED_EDGE('',*,*,#4925,.F.);
#3364=ORIENTED_EDGE('',*,*,#4926,.T.);
#3365=ORIENTED_EDGE('',*,*,#4265,.T.);
#3366=ORIENTED_EDGE('',*,*,#4923,.F.);
#3367=ORIENTED_EDGE('',*,*,#4927,.T.);
#3368=ORIENTED_EDGE('',*,*,#4928,.T.);
#3369=ORIENTED_EDGE('',*,*,#4266,.T.);
#3370=ORIENTED_EDGE('',*,*,#4926,.F.);
#3371=ORIENTED_EDGE('',*,*,#4929,.T.);
#3372=ORIENTED_EDGE('',*,*,#4930,.T.);
#3373=ORIENTED_EDGE('',*,*,#4267,.T.);
#3374=ORIENTED_EDGE('',*,*,#4928,.F.);
#3375=ORIENTED_EDGE('',*,*,#4332,.T.);
#3376=ORIENTED_EDGE('',*,*,#4931,.T.);
#3377=ORIENTED_EDGE('',*,*,#4268,.T.);
#3378=ORIENTED_EDGE('',*,*,#4930,.F.);
#3379=ORIENTED_EDGE('',*,*,#4932,.T.);
#3380=ORIENTED_EDGE('',*,*,#4933,.T.);
#3381=ORIENTED_EDGE('',*,*,#4343,.T.);
#3382=ORIENTED_EDGE('',*,*,#4269,.T.);
#3383=ORIENTED_EDGE('',*,*,#4931,.F.);
#3384=ORIENTED_EDGE('',*,*,#4217,.T.);
#3385=ORIENTED_EDGE('',*,*,#4321,.F.);
#3386=ORIENTED_EDGE('',*,*,#4271,.T.);
#3387=ORIENTED_EDGE('',*,*,#4317,.T.);
#3388=ORIENTED_EDGE('',*,*,#4260,.T.);
#3389=ORIENTED_EDGE('',*,*,#4924,.F.);
#3390=ORIENTED_EDGE('',*,*,#4920,.F.);
#3391=ORIENTED_EDGE('',*,*,#4351,.T.);
#3392=ORIENTED_EDGE('',*,*,#4934,.F.);
#3393=ORIENTED_EDGE('',*,*,#4207,.F.);
#3394=ORIENTED_EDGE('',*,*,#4221,.T.);
#3395=ORIENTED_EDGE('',*,*,#4935,.T.);
#3396=ORIENTED_EDGE('',*,*,#4936,.T.);
#3397=ORIENTED_EDGE('',*,*,#4345,.T.);
#3398=ORIENTED_EDGE('',*,*,#4937,.F.);
#3399=ORIENTED_EDGE('',*,*,#4938,.T.);
#3400=ORIENTED_EDGE('',*,*,#4330,.T.);
#3401=ORIENTED_EDGE('',*,*,#4301,.T.);
#3402=ORIENTED_EDGE('',*,*,#4346,.F.);
#3403=ORIENTED_EDGE('',*,*,#4936,.F.);
#3404=ORIENTED_EDGE('',*,*,#4933,.F.);
#3405=ORIENTED_EDGE('',*,*,#4331,.F.);
#3406=ORIENTED_EDGE('',*,*,#4938,.F.);
#3407=ORIENTED_EDGE('',*,*,#4939,.F.);
#3408=ORIENTED_EDGE('',*,*,#4220,.T.);
#3409=ORIENTED_EDGE('',*,*,#4344,.F.);
#3410=ORIENTED_EDGE('',*,*,#4939,.T.);
#3411=ORIENTED_EDGE('',*,*,#4937,.T.);
#3412=ORIENTED_EDGE('',*,*,#4935,.F.);
#3413=ORIENTED_EDGE('',*,*,#4354,.F.);
#3414=ORIENTED_EDGE('',*,*,#4194,.T.);
#3415=ORIENTED_EDGE('',*,*,#4208,.T.);
#3416=ORIENTED_EDGE('',*,*,#4934,.T.);
#3417=ORIENTED_EDGE('',*,*,#4350,.F.);
#3418=ORIENTED_EDGE('',*,*,#4353,.F.);
#3419=ORIENTED_EDGE('',*,*,#4927,.F.);
#3420=ORIENTED_EDGE('',*,*,#4940,.T.);
#3421=ORIENTED_EDGE('',*,*,#4680,.F.);
#3422=ORIENTED_EDGE('',*,*,#4941,.F.);
#3423=ORIENTED_EDGE('',*,*,#4925,.T.);
#3424=ORIENTED_EDGE('',*,*,#4922,.F.);
#3425=ORIENTED_EDGE('',*,*,#4205,.T.);
#3426=ORIENTED_EDGE('',*,*,#4836,.F.);
#3427=ORIENTED_EDGE('',*,*,#4942,.F.);
#3428=ORIENTED_EDGE('',*,*,#4943,.F.);
#3429=ORIENTED_EDGE('',*,*,#4201,.T.);
#3430=ORIENTED_EDGE('',*,*,#4678,.F.);
#3431=ORIENTED_EDGE('',*,*,#4940,.F.);
#3432=ORIENTED_EDGE('',*,*,#4944,.F.);
#3433=ORIENTED_EDGE('',*,*,#4831,.F.);
#3434=ORIENTED_EDGE('',*,*,#4945,.F.);
#3435=ORIENTED_EDGE('',*,*,#4946,.F.);
#3436=ORIENTED_EDGE('',*,*,#4929,.F.);
#3437=ORIENTED_EDGE('',*,*,#4941,.T.);
#3438=ORIENTED_EDGE('',*,*,#4681,.F.);
#3439=ORIENTED_EDGE('',*,*,#4337,.F.);
#3440=ORIENTED_EDGE('',*,*,#4947,.F.);
#3441=ORIENTED_EDGE('',*,*,#4948,.F.);
#3442=ORIENTED_EDGE('',*,*,#4949,.F.);
#3443=ORIENTED_EDGE('',*,*,#4333,.F.);
#3444=ORIENTED_EDGE('',*,*,#4932,.F.);
#3445=ORIENTED_EDGE('',*,*,#4950,.F.);
#3446=ORIENTED_EDGE('',*,*,#4951,.F.);
#3447=ORIENTED_EDGE('',*,*,#4952,.F.);
#3448=ORIENTED_EDGE('',*,*,#4953,.F.);
#3449=ORIENTED_EDGE('',*,*,#4945,.T.);
#3450=ORIENTED_EDGE('',*,*,#4830,.T.);
#3451=ORIENTED_EDGE('',*,*,#4954,.F.);
#3452=ORIENTED_EDGE('',*,*,#4955,.T.);
#3453=ORIENTED_EDGE('',*,*,#4951,.T.);
#3454=ORIENTED_EDGE('',*,*,#4956,.T.);
#3455=ORIENTED_EDGE('',*,*,#4957,.F.);
#3456=ORIENTED_EDGE('',*,*,#4958,.F.);
#3457=ORIENTED_EDGE('',*,*,#4942,.T.);
#3458=ORIENTED_EDGE('',*,*,#4835,.T.);
#3459=ORIENTED_EDGE('',*,*,#4959,.F.);
#3460=ORIENTED_EDGE('',*,*,#4960,.F.);
#3461=ORIENTED_EDGE('',*,*,#4947,.T.);
#3462=ORIENTED_EDGE('',*,*,#4336,.T.);
#3463=ORIENTED_EDGE('',*,*,#4961,.F.);
#3464=ORIENTED_EDGE('',*,*,#4962,.F.);
#3465=ORIENTED_EDGE('',*,*,#4719,.T.);
#3466=ORIENTED_EDGE('',*,*,#4843,.F.);
#3467=ORIENTED_EDGE('',*,*,#4963,.F.);
#3468=ORIENTED_EDGE('',*,*,#4964,.F.);
#3469=ORIENTED_EDGE('',*,*,#4965,.T.);
#3470=ORIENTED_EDGE('',*,*,#4334,.F.);
#3471=ORIENTED_EDGE('',*,*,#4949,.T.);
#3472=ORIENTED_EDGE('',*,*,#4966,.T.);
#3473=ORIENTED_EDGE('',*,*,#4967,.T.);
#3474=ORIENTED_EDGE('',*,*,#4968,.T.);
#3475=ORIENTED_EDGE('',*,*,#4969,.T.);
#3476=ORIENTED_EDGE('',*,*,#4952,.T.);
#3477=ORIENTED_EDGE('',*,*,#4958,.T.);
#3478=ORIENTED_EDGE('',*,*,#4970,.T.);
#3479=ORIENTED_EDGE('',*,*,#4971,.F.);
#3480=ORIENTED_EDGE('',*,*,#4972,.F.);
#3481=ORIENTED_EDGE('',*,*,#4712,.T.);
#3482=ORIENTED_EDGE('',*,*,#4849,.T.);
#3483=ORIENTED_EDGE('',*,*,#4973,.F.);
#3484=ORIENTED_EDGE('',*,*,#4828,.T.);
#3485=ORIENTED_EDGE('',*,*,#4841,.T.);
#3486=ORIENTED_EDGE('',*,*,#4713,.T.);
#3487=ORIENTED_EDGE('',*,*,#4972,.T.);
#3488=ORIENTED_EDGE('',*,*,#4974,.T.);
#3489=ORIENTED_EDGE('',*,*,#4971,.T.);
#3490=ORIENTED_EDGE('',*,*,#4975,.F.);
#3491=ORIENTED_EDGE('',*,*,#4709,.T.);
#3492=ORIENTED_EDGE('',*,*,#4974,.F.);
#3493=ORIENTED_EDGE('',*,*,#4759,.T.);
#3494=ORIENTED_EDGE('',*,*,#4976,.T.);
#3495=ORIENTED_EDGE('',*,*,#4839,.T.);
#3496=ORIENTED_EDGE('',*,*,#4977,.T.);
#3497=ORIENTED_EDGE('',*,*,#4775,.T.);
#3498=ORIENTED_EDGE('',*,*,#4753,.T.);
#3499=ORIENTED_EDGE('',*,*,#4755,.T.);
#3500=ORIENTED_EDGE('',*,*,#4838,.T.);
#3501=ORIENTED_EDGE('',*,*,#4978,.F.);
#3502=ORIENTED_EDGE('',*,*,#4979,.T.);
#3503=ORIENTED_EDGE('',*,*,#4977,.F.);
#3504=ORIENTED_EDGE('',*,*,#4624,.F.);
#3505=ORIENTED_EDGE('',*,*,#4846,.F.);
#3506=ORIENTED_EDGE('',*,*,#4776,.T.);
#3507=ORIENTED_EDGE('',*,*,#4979,.F.);
#3508=ORIENTED_EDGE('',*,*,#4980,.F.);
#3509=ORIENTED_EDGE('',*,*,#4852,.T.);
#3510=ORIENTED_EDGE('',*,*,#4779,.T.);
#3511=ORIENTED_EDGE('',*,*,#4981,.T.);
#3512=ORIENTED_EDGE('',*,*,#4982,.T.);
#3513=ORIENTED_EDGE('',*,*,#4963,.T.);
#3514=ORIENTED_EDGE('',*,*,#4842,.T.);
#3515=ORIENTED_EDGE('',*,*,#4781,.T.);
#3516=ORIENTED_EDGE('',*,*,#4784,.T.);
#3517=ORIENTED_EDGE('',*,*,#4702,.T.);
#3518=ORIENTED_EDGE('',*,*,#4983,.F.);
#3519=ORIENTED_EDGE('',*,*,#4964,.T.);
#3520=ORIENTED_EDGE('',*,*,#4982,.F.);
#3521=ORIENTED_EDGE('',*,*,#4778,.T.);
#3522=ORIENTED_EDGE('',*,*,#4785,.F.);
#3523=ORIENTED_EDGE('',*,*,#4703,.T.);
#3524=ORIENTED_EDGE('',*,*,#4981,.F.);
#3525=ORIENTED_EDGE('',*,*,#4944,.T.);
#3526=ORIENTED_EDGE('',*,*,#4984,.T.);
#3527=ORIENTED_EDGE('',*,*,#4985,.F.);
#3528=ORIENTED_EDGE('',*,*,#4832,.T.);
#3529=ORIENTED_EDGE('',*,*,#4946,.T.);
#3530=ORIENTED_EDGE('',*,*,#4955,.F.);
#3531=ORIENTED_EDGE('',*,*,#4986,.F.);
#3532=ORIENTED_EDGE('',*,*,#4984,.F.);
#3533=ORIENTED_EDGE('',*,*,#4950,.T.);
#3534=ORIENTED_EDGE('',*,*,#4987,.F.);
#3535=ORIENTED_EDGE('',*,*,#4988,.F.);
#3536=ORIENTED_EDGE('',*,*,#4956,.F.);
#3537=ORIENTED_EDGE('',*,*,#4953,.T.);
#3538=ORIENTED_EDGE('',*,*,#4969,.F.);
#3539=ORIENTED_EDGE('',*,*,#4989,.F.);
#3540=ORIENTED_EDGE('',*,*,#4987,.T.);
#3541=ORIENTED_EDGE('',*,*,#4973,.T.);
#3542=ORIENTED_EDGE('',*,*,#4848,.T.);
#3543=ORIENTED_EDGE('',*,*,#4851,.T.);
#3544=ORIENTED_EDGE('',*,*,#4990,.F.);
#3545=ORIENTED_EDGE('',*,*,#4833,.T.);
#3546=ORIENTED_EDGE('',*,*,#4985,.T.);
#3547=ORIENTED_EDGE('',*,*,#4986,.T.);
#3548=ORIENTED_EDGE('',*,*,#4954,.T.);
#3549=ORIENTED_EDGE('',*,*,#4829,.T.);
#3550=ORIENTED_EDGE('',*,*,#4975,.T.);
#3551=ORIENTED_EDGE('',*,*,#4970,.F.);
#3552=ORIENTED_EDGE('',*,*,#4957,.T.);
#3553=ORIENTED_EDGE('',*,*,#4988,.T.);
#3554=ORIENTED_EDGE('',*,*,#4989,.T.);
#3555=ORIENTED_EDGE('',*,*,#4968,.F.);
#3556=ORIENTED_EDGE('',*,*,#4991,.T.);
#3557=ORIENTED_EDGE('',*,*,#4707,.T.);
#3558=ORIENTED_EDGE('',*,*,#4710,.T.);
#3559=ORIENTED_EDGE('',*,*,#4948,.T.);
#3560=ORIENTED_EDGE('',*,*,#4962,.T.);
#3561=ORIENTED_EDGE('',*,*,#4992,.F.);
#3562=ORIENTED_EDGE('',*,*,#4966,.F.);
#3563=ORIENTED_EDGE('',*,*,#4943,.T.);
#3564=ORIENTED_EDGE('',*,*,#4960,.T.);
#3565=ORIENTED_EDGE('',*,*,#4993,.F.);
#3566=ORIENTED_EDGE('',*,*,#4202,.F.);
#3567=ORIENTED_EDGE('',*,*,#4978,.T.);
#3568=ORIENTED_EDGE('',*,*,#4837,.T.);
#3569=ORIENTED_EDGE('',*,*,#4203,.T.);
#3570=ORIENTED_EDGE('',*,*,#4993,.T.);
#3571=ORIENTED_EDGE('',*,*,#4959,.T.);
#3572=ORIENTED_EDGE('',*,*,#4834,.T.);
#3573=ORIENTED_EDGE('',*,*,#4990,.T.);
#3574=ORIENTED_EDGE('',*,*,#4853,.T.);
#3575=ORIENTED_EDGE('',*,*,#4980,.T.);
#3576=ORIENTED_EDGE('',*,*,#4541,.F.);
#3577=ORIENTED_EDGE('',*,*,#4994,.F.);
#3578=ORIENTED_EDGE('',*,*,#4995,.F.);
#3579=ORIENTED_EDGE('',*,*,#4554,.T.);
#3580=ORIENTED_EDGE('',*,*,#4543,.F.);
#3581=ORIENTED_EDGE('',*,*,#4996,.F.);
#3582=ORIENTED_EDGE('',*,*,#4997,.F.);
#3583=ORIENTED_EDGE('',*,*,#4994,.T.);
#3584=ORIENTED_EDGE('',*,*,#4544,.F.);
#3585=ORIENTED_EDGE('',*,*,#4551,.F.);
#3586=ORIENTED_EDGE('',*,*,#4998,.F.);
#3587=ORIENTED_EDGE('',*,*,#4996,.T.);
#3588=ORIENTED_EDGE('',*,*,#4998,.T.);
#3589=ORIENTED_EDGE('',*,*,#4550,.T.);
#3590=ORIENTED_EDGE('',*,*,#4553,.T.);
#3591=ORIENTED_EDGE('',*,*,#4555,.T.);
#3592=ORIENTED_EDGE('',*,*,#4995,.T.);
#3593=ORIENTED_EDGE('',*,*,#4997,.T.);
#3594=ORIENTED_EDGE('',*,*,#4999,.F.);
#3595=ORIENTED_EDGE('',*,*,#4572,.F.);
#3596=ORIENTED_EDGE('',*,*,#4575,.F.);
#3597=ORIENTED_EDGE('',*,*,#5000,.F.);
#3598=ORIENTED_EDGE('',*,*,#5001,.T.);
#3599=ORIENTED_EDGE('',*,*,#4570,.F.);
#3600=ORIENTED_EDGE('',*,*,#5001,.F.);
#3601=ORIENTED_EDGE('',*,*,#5002,.F.);
#3602=ORIENTED_EDGE('',*,*,#5003,.T.);
#3603=ORIENTED_EDGE('',*,*,#4568,.F.);
#3604=ORIENTED_EDGE('',*,*,#5003,.F.);
#3605=ORIENTED_EDGE('',*,*,#5004,.F.);
#3606=ORIENTED_EDGE('',*,*,#4578,.T.);
#3607=ORIENTED_EDGE('',*,*,#4574,.T.);
#3608=ORIENTED_EDGE('',*,*,#4577,.T.);
#3609=ORIENTED_EDGE('',*,*,#4579,.T.);
#3610=ORIENTED_EDGE('',*,*,#5004,.T.);
#3611=ORIENTED_EDGE('',*,*,#5002,.T.);
#3612=ORIENTED_EDGE('',*,*,#5000,.T.);
#3613=ORIENTED_EDGE('',*,*,#5005,.F.);
#3614=ORIENTED_EDGE('',*,*,#4591,.F.);
#3615=ORIENTED_EDGE('',*,*,#4594,.F.);
#3616=ORIENTED_EDGE('',*,*,#5006,.F.);
#3617=ORIENTED_EDGE('',*,*,#5007,.T.);
#3618=ORIENTED_EDGE('',*,*,#4589,.F.);
#3619=ORIENTED_EDGE('',*,*,#5007,.F.);
#3620=ORIENTED_EDGE('',*,*,#5008,.F.);
#3621=ORIENTED_EDGE('',*,*,#5009,.T.);
#3622=ORIENTED_EDGE('',*,*,#4587,.F.);
#3623=ORIENTED_EDGE('',*,*,#5009,.F.);
#3624=ORIENTED_EDGE('',*,*,#5010,.F.);
#3625=ORIENTED_EDGE('',*,*,#4597,.T.);
#3626=ORIENTED_EDGE('',*,*,#4593,.T.);
#3627=ORIENTED_EDGE('',*,*,#4596,.T.);
#3628=ORIENTED_EDGE('',*,*,#4598,.T.);
#3629=ORIENTED_EDGE('',*,*,#5010,.T.);
#3630=ORIENTED_EDGE('',*,*,#5008,.T.);
#3631=ORIENTED_EDGE('',*,*,#5006,.T.);
#3632=ORIENTED_EDGE('',*,*,#5011,.F.);
#3633=ORIENTED_EDGE('',*,*,#4983,.T.);
#3634=ORIENTED_EDGE('',*,*,#4701,.T.);
#3635=ORIENTED_EDGE('',*,*,#4705,.T.);
#3636=ORIENTED_EDGE('',*,*,#4991,.F.);
#3637=ORIENTED_EDGE('',*,*,#4967,.F.);
#3638=ORIENTED_EDGE('',*,*,#4992,.T.);
#3639=ORIENTED_EDGE('',*,*,#4961,.T.);
#3640=ORIENTED_EDGE('',*,*,#4335,.T.);
#3641=ORIENTED_EDGE('',*,*,#4965,.F.);
#3642=ORIENTED_EDGE('',*,*,#4770,.F.);
#3643=ORIENTED_EDGE('',*,*,#4919,.F.);
#3644=ORIENTED_EDGE('',*,*,#5012,.F.);
#3645=ORIENTED_EDGE('',*,*,#4917,.F.);
#3646=ORIENTED_EDGE('',*,*,#4771,.F.);
#3647=ORIENTED_EDGE('',*,*,#5012,.T.);
#3648=ORIENTED_EDGE('',*,*,#4918,.F.);
#3649=ORIENTED_EDGE('',*,*,#5013,.F.);
#3650=ORIENTED_EDGE('',*,*,#5014,.F.);
#3651=ORIENTED_EDGE('',*,*,#5015,.F.);
#3652=ORIENTED_EDGE('',*,*,#4865,.F.);
#3653=ORIENTED_EDGE('',*,*,#4693,.F.);
#3654=ORIENTED_EDGE('',*,*,#4909,.F.);
#3655=ORIENTED_EDGE('',*,*,#4911,.F.);
#3656=ORIENTED_EDGE('',*,*,#4892,.F.);
#3657=ORIENTED_EDGE('',*,*,#4897,.F.);
#3658=ORIENTED_EDGE('',*,*,#4902,.F.);
#3659=ORIENTED_EDGE('',*,*,#5016,.F.);
#3660=ORIENTED_EDGE('',*,*,#5017,.F.);
#3661=ORIENTED_EDGE('',*,*,#5018,.F.);
#3662=ORIENTED_EDGE('',*,*,#4900,.F.);
#3663=ORIENTED_EDGE('',*,*,#4904,.F.);
#3664=ORIENTED_EDGE('',*,*,#5019,.F.);
#3665=ORIENTED_EDGE('',*,*,#5020,.F.);
#3666=ORIENTED_EDGE('',*,*,#5021,.F.);
#3667=ORIENTED_EDGE('',*,*,#5022,.F.);
#3668=ORIENTED_EDGE('',*,*,#5023,.F.);
#3669=ORIENTED_EDGE('',*,*,#5024,.F.);
#3670=ORIENTED_EDGE('',*,*,#4894,.F.);
#3671=ORIENTED_EDGE('',*,*,#5025,.F.);
#3672=ORIENTED_EDGE('',*,*,#5026,.F.);
#3673=ORIENTED_EDGE('',*,*,#5027,.F.);
#3674=ORIENTED_EDGE('',*,*,#5028,.F.);
#3675=ORIENTED_EDGE('',*,*,#4872,.F.);
#3676=ORIENTED_EDGE('',*,*,#5029,.T.);
#3677=ORIENTED_EDGE('',*,*,#5030,.T.);
#3678=ORIENTED_EDGE('',*,*,#5031,.F.);
#3679=ORIENTED_EDGE('',*,*,#5032,.T.);
#3680=ORIENTED_EDGE('',*,*,#5033,.T.);
#3681=ORIENTED_EDGE('',*,*,#5034,.T.);
#3682=ORIENTED_EDGE('',*,*,#5035,.F.);
#3683=ORIENTED_EDGE('',*,*,#5036,.T.);
#3684=ORIENTED_EDGE('',*,*,#4861,.F.);
#3685=ORIENTED_EDGE('',*,*,#4866,.T.);
#3686=ORIENTED_EDGE('',*,*,#5015,.T.);
#3687=ORIENTED_EDGE('',*,*,#5037,.T.);
#3688=ORIENTED_EDGE('',*,*,#5013,.T.);
#3689=ORIENTED_EDGE('',*,*,#4864,.T.);
#3690=ORIENTED_EDGE('',*,*,#5038,.T.);
#3691=ORIENTED_EDGE('',*,*,#4878,.F.);
#3692=ORIENTED_EDGE('',*,*,#5039,.T.);
#3693=ORIENTED_EDGE('',*,*,#5021,.T.);
#3694=ORIENTED_EDGE('',*,*,#5040,.T.);
#3695=ORIENTED_EDGE('',*,*,#5017,.T.);
#3696=ORIENTED_EDGE('',*,*,#4903,.T.);
#3697=ORIENTED_EDGE('',*,*,#4901,.F.);
#3698=ORIENTED_EDGE('',*,*,#5018,.T.);
#3699=ORIENTED_EDGE('',*,*,#5040,.F.);
#3700=ORIENTED_EDGE('',*,*,#5020,.T.);
#3701=ORIENTED_EDGE('',*,*,#5041,.F.);
#3702=ORIENTED_EDGE('',*,*,#5025,.T.);
#3703=ORIENTED_EDGE('',*,*,#4893,.F.);
#3704=ORIENTED_EDGE('',*,*,#5016,.T.);
#3705=ORIENTED_EDGE('',*,*,#5042,.T.);
#3706=ORIENTED_EDGE('',*,*,#5043,.T.);
#3707=ORIENTED_EDGE('',*,*,#5044,.T.);
#3708=ORIENTED_EDGE('',*,*,#5045,.F.);
#3709=ORIENTED_EDGE('',*,*,#5046,.T.);
#3710=ORIENTED_EDGE('',*,*,#5047,.T.);
#3711=ORIENTED_EDGE('',*,*,#5048,.T.);
#3712=ORIENTED_EDGE('',*,*,#5049,.F.);
#3713=ORIENTED_EDGE('',*,*,#5050,.T.);
#3714=ORIENTED_EDGE('',*,*,#4868,.F.);
#3715=ORIENTED_EDGE('',*,*,#4873,.T.);
#3716=ORIENTED_EDGE('',*,*,#5028,.T.);
#3717=ORIENTED_EDGE('',*,*,#5051,.T.);
#3718=ORIENTED_EDGE('',*,*,#5026,.T.);
#3719=ORIENTED_EDGE('',*,*,#4871,.T.);
#3720=ORIENTED_EDGE('',*,*,#4758,.T.);
#3721=ORIENTED_EDGE('',*,*,#4773,.F.);
#3722=ORIENTED_EDGE('',*,*,#4914,.F.);
#3723=ORIENTED_EDGE('',*,*,#4763,.T.);
#3724=ORIENTED_EDGE('',*,*,#4840,.T.);
#3725=ORIENTED_EDGE('',*,*,#4976,.F.);
#3726=ORIENTED_EDGE('',*,*,#5052,.F.);
#3727=ORIENTED_EDGE('',*,*,#5053,.T.);
#3728=ORIENTED_EDGE('',*,*,#5005,.T.);
#3729=ORIENTED_EDGE('',*,*,#5053,.F.);
#3730=ORIENTED_EDGE('',*,*,#5054,.F.);
#3731=ORIENTED_EDGE('',*,*,#5055,.T.);
#3732=ORIENTED_EDGE('',*,*,#5011,.T.);
#3733=ORIENTED_EDGE('',*,*,#5055,.F.);
#3734=ORIENTED_EDGE('',*,*,#5054,.T.);
#3735=ORIENTED_EDGE('',*,*,#5056,.F.);
#3736=ORIENTED_EDGE('',*,*,#5052,.T.);
#3737=ORIENTED_EDGE('',*,*,#5057,.F.);
#3738=ORIENTED_EDGE('',*,*,#5051,.F.);
#3739=ORIENTED_EDGE('',*,*,#5027,.T.);
#3740=ORIENTED_EDGE('',*,*,#5057,.T.);
#3741=ORIENTED_EDGE('',*,*,#5037,.F.);
#3742=ORIENTED_EDGE('',*,*,#5014,.T.);
#3743=ORIENTED_EDGE('',*,*,#5056,.T.);
#3744=ORIENTED_EDGE('',*,*,#5058,.T.);
#3745=ORIENTED_EDGE('',*,*,#5042,.F.);
#3746=ORIENTED_EDGE('',*,*,#5058,.F.);
#3747=ORIENTED_EDGE('',*,*,#5059,.F.);
#3748=ORIENTED_EDGE('',*,*,#5060,.T.);
#3749=ORIENTED_EDGE('',*,*,#4882,.F.);
#3750=ORIENTED_EDGE('',*,*,#5061,.T.);
#3751=ORIENTED_EDGE('',*,*,#5023,.T.);
#3752=ORIENTED_EDGE('',*,*,#5041,.T.);
#3753=ORIENTED_EDGE('',*,*,#5019,.T.);
#3754=ORIENTED_EDGE('',*,*,#5062,.T.);
#3755=ORIENTED_EDGE('',*,*,#4999,.T.);
#3756=ORIENTED_EDGE('',*,*,#5059,.T.);
#3757=ORIENTED_EDGE('',*,*,#4880,.F.);
#3758=ORIENTED_EDGE('',*,*,#5062,.F.);
#3759=ORIENTED_EDGE('',*,*,#5022,.T.);
#3760=ORIENTED_EDGE('',*,*,#5039,.F.);
#3761=ORIENTED_EDGE('',*,*,#4884,.F.);
#3762=ORIENTED_EDGE('',*,*,#4895,.F.);
#3763=ORIENTED_EDGE('',*,*,#5024,.T.);
#3764=ORIENTED_EDGE('',*,*,#5061,.F.);
#3765=ORIENTED_EDGE('',*,*,#5063,.T.);
#3766=ORIENTED_EDGE('',*,*,#5064,.T.);
#3767=ORIENTED_EDGE('',*,*,#5065,.T.);
#3768=ORIENTED_EDGE('',*,*,#5066,.T.);
#3769=ORIENTED_EDGE('',*,*,#5067,.F.);
#3770=ORIENTED_EDGE('',*,*,#4607,.F.);
#3771=ORIENTED_EDGE('',*,*,#5068,.F.);
#3772=ORIENTED_EDGE('',*,*,#5069,.F.);
#3773=ORIENTED_EDGE('',*,*,#4606,.F.);
#3774=ORIENTED_EDGE('',*,*,#5065,.F.);
#3775=ORIENTED_EDGE('',*,*,#5070,.F.);
#3776=ORIENTED_EDGE('',*,*,#5071,.T.);
#3777=ORIENTED_EDGE('',*,*,#5072,.T.);
#3778=ORIENTED_EDGE('',*,*,#5073,.T.);
#3779=ORIENTED_EDGE('',*,*,#5069,.T.);
#3780=ORIENTED_EDGE('',*,*,#5074,.F.);
#3781=ORIENTED_EDGE('',*,*,#4608,.F.);
#3782=ORIENTED_EDGE('',*,*,#5073,.F.);
#3783=ORIENTED_EDGE('',*,*,#5075,.F.);
#3784=ORIENTED_EDGE('',*,*,#5066,.F.);
#3785=ORIENTED_EDGE('',*,*,#4605,.F.);
#3786=ORIENTED_EDGE('',*,*,#5076,.F.);
#3787=ORIENTED_EDGE('',*,*,#5038,.F.);
#3788=ORIENTED_EDGE('',*,*,#5077,.T.);
#3789=ORIENTED_EDGE('',*,*,#5078,.T.);
#3790=ORIENTED_EDGE('',*,*,#5079,.T.);
#3791=ORIENTED_EDGE('',*,*,#5080,.T.);
#3792=ORIENTED_EDGE('',*,*,#5077,.F.);
#3793=ORIENTED_EDGE('',*,*,#5081,.T.);
#3794=ORIENTED_EDGE('',*,*,#5082,.T.);
#3795=ORIENTED_EDGE('',*,*,#5074,.T.);
#3796=ORIENTED_EDGE('',*,*,#5068,.T.);
#3797=ORIENTED_EDGE('',*,*,#5070,.T.);
#3798=ORIENTED_EDGE('',*,*,#5064,.F.);
#3799=ORIENTED_EDGE('',*,*,#5083,.T.);
#3800=ORIENTED_EDGE('',*,*,#5084,.F.);
#3801=ORIENTED_EDGE('',*,*,#5080,.F.);
#3802=ORIENTED_EDGE('',*,*,#5085,.T.);
#3803=ORIENTED_EDGE('',*,*,#5086,.T.);
#3804=ORIENTED_EDGE('',*,*,#5081,.F.);
#3805=ORIENTED_EDGE('',*,*,#5087,.F.);
#3806=ORIENTED_EDGE('',*,*,#5071,.F.);
#3807=ORIENTED_EDGE('',*,*,#5082,.F.);
#3808=ORIENTED_EDGE('',*,*,#5086,.F.);
#3809=ORIENTED_EDGE('',*,*,#5079,.F.);
#3810=ORIENTED_EDGE('',*,*,#5088,.T.);
#3811=ORIENTED_EDGE('',*,*,#5089,.T.);
#3812=ORIENTED_EDGE('',*,*,#5067,.T.);
#3813=ORIENTED_EDGE('',*,*,#5076,.T.);
#3814=ORIENTED_EDGE('',*,*,#5075,.T.);
#3815=ORIENTED_EDGE('',*,*,#5072,.F.);
#3816=ORIENTED_EDGE('',*,*,#5087,.T.);
#3817=ORIENTED_EDGE('',*,*,#5085,.F.);
#3818=ORIENTED_EDGE('',*,*,#5078,.F.);
#3819=ORIENTED_EDGE('',*,*,#5084,.T.);
#3820=ORIENTED_EDGE('',*,*,#5090,.T.);
#3821=ORIENTED_EDGE('',*,*,#5088,.F.);
#3822=ORIENTED_EDGE('',*,*,#5090,.F.);
#3823=ORIENTED_EDGE('',*,*,#5083,.F.);
#3824=ORIENTED_EDGE('',*,*,#5063,.F.);
#3825=ORIENTED_EDGE('',*,*,#5089,.F.);
#3826=ORIENTED_EDGE('',*,*,#5091,.T.);
#3827=ORIENTED_EDGE('',*,*,#5092,.T.);
#3828=ORIENTED_EDGE('',*,*,#5093,.T.);
#3829=ORIENTED_EDGE('',*,*,#5094,.T.);
#3830=ORIENTED_EDGE('',*,*,#5095,.F.);
#3831=ORIENTED_EDGE('',*,*,#4612,.F.);
#3832=ORIENTED_EDGE('',*,*,#5096,.F.);
#3833=ORIENTED_EDGE('',*,*,#5097,.F.);
#3834=ORIENTED_EDGE('',*,*,#4611,.F.);
#3835=ORIENTED_EDGE('',*,*,#5093,.F.);
#3836=ORIENTED_EDGE('',*,*,#5098,.F.);
#3837=ORIENTED_EDGE('',*,*,#5099,.T.);
#3838=ORIENTED_EDGE('',*,*,#5100,.T.);
#3839=ORIENTED_EDGE('',*,*,#5101,.T.);
#3840=ORIENTED_EDGE('',*,*,#5097,.T.);
#3841=ORIENTED_EDGE('',*,*,#5102,.F.);
#3842=ORIENTED_EDGE('',*,*,#4613,.F.);
#3843=ORIENTED_EDGE('',*,*,#5101,.F.);
#3844=ORIENTED_EDGE('',*,*,#5103,.F.);
#3845=ORIENTED_EDGE('',*,*,#5094,.F.);
#3846=ORIENTED_EDGE('',*,*,#4610,.F.);
#3847=ORIENTED_EDGE('',*,*,#5104,.F.);
#3848=ORIENTED_EDGE('',*,*,#5060,.F.);
#3849=ORIENTED_EDGE('',*,*,#5105,.T.);
#3850=ORIENTED_EDGE('',*,*,#5106,.T.);
#3851=ORIENTED_EDGE('',*,*,#5107,.T.);
#3852=ORIENTED_EDGE('',*,*,#5108,.T.);
#3853=ORIENTED_EDGE('',*,*,#5105,.F.);
#3854=ORIENTED_EDGE('',*,*,#5109,.T.);
#3855=ORIENTED_EDGE('',*,*,#5110,.T.);
#3856=ORIENTED_EDGE('',*,*,#5102,.T.);
#3857=ORIENTED_EDGE('',*,*,#5096,.T.);
#3858=ORIENTED_EDGE('',*,*,#5098,.T.);
#3859=ORIENTED_EDGE('',*,*,#5092,.F.);
#3860=ORIENTED_EDGE('',*,*,#5111,.T.);
#3861=ORIENTED_EDGE('',*,*,#5112,.F.);
#3862=ORIENTED_EDGE('',*,*,#5108,.F.);
#3863=ORIENTED_EDGE('',*,*,#5113,.T.);
#3864=ORIENTED_EDGE('',*,*,#5114,.T.);
#3865=ORIENTED_EDGE('',*,*,#5109,.F.);
#3866=ORIENTED_EDGE('',*,*,#5115,.F.);
#3867=ORIENTED_EDGE('',*,*,#5099,.F.);
#3868=ORIENTED_EDGE('',*,*,#5110,.F.);
#3869=ORIENTED_EDGE('',*,*,#5114,.F.);
#3870=ORIENTED_EDGE('',*,*,#5107,.F.);
#3871=ORIENTED_EDGE('',*,*,#5116,.T.);
#3872=ORIENTED_EDGE('',*,*,#5117,.T.);
#3873=ORIENTED_EDGE('',*,*,#5095,.T.);
#3874=ORIENTED_EDGE('',*,*,#5104,.T.);
#3875=ORIENTED_EDGE('',*,*,#5103,.T.);
#3876=ORIENTED_EDGE('',*,*,#5100,.F.);
#3877=ORIENTED_EDGE('',*,*,#5115,.T.);
#3878=ORIENTED_EDGE('',*,*,#5113,.F.);
#3879=ORIENTED_EDGE('',*,*,#5106,.F.);
#3880=ORIENTED_EDGE('',*,*,#5112,.T.);
#3881=ORIENTED_EDGE('',*,*,#5118,.T.);
#3882=ORIENTED_EDGE('',*,*,#5116,.F.);
#3883=ORIENTED_EDGE('',*,*,#5118,.F.);
#3884=ORIENTED_EDGE('',*,*,#5111,.F.);
#3885=ORIENTED_EDGE('',*,*,#5091,.F.);
#3886=ORIENTED_EDGE('',*,*,#5117,.F.);
#3887=ORIENTED_EDGE('',*,*,#5119,.T.);
#3888=ORIENTED_EDGE('',*,*,#5120,.T.);
#3889=ORIENTED_EDGE('',*,*,#5121,.T.);
#3890=ORIENTED_EDGE('',*,*,#5122,.T.);
#3891=ORIENTED_EDGE('',*,*,#5123,.F.);
#3892=ORIENTED_EDGE('',*,*,#4526,.F.);
#3893=ORIENTED_EDGE('',*,*,#5124,.F.);
#3894=ORIENTED_EDGE('',*,*,#5125,.F.);
#3895=ORIENTED_EDGE('',*,*,#4525,.F.);
#3896=ORIENTED_EDGE('',*,*,#5121,.F.);
#3897=ORIENTED_EDGE('',*,*,#5126,.F.);
#3898=ORIENTED_EDGE('',*,*,#5127,.T.);
#3899=ORIENTED_EDGE('',*,*,#5128,.T.);
#3900=ORIENTED_EDGE('',*,*,#5129,.T.);
#3901=ORIENTED_EDGE('',*,*,#5125,.T.);
#3902=ORIENTED_EDGE('',*,*,#5130,.F.);
#3903=ORIENTED_EDGE('',*,*,#4527,.F.);
#3904=ORIENTED_EDGE('',*,*,#5129,.F.);
#3905=ORIENTED_EDGE('',*,*,#5131,.F.);
#3906=ORIENTED_EDGE('',*,*,#5122,.F.);
#3907=ORIENTED_EDGE('',*,*,#4524,.F.);
#3908=ORIENTED_EDGE('',*,*,#5132,.F.);
#3909=ORIENTED_EDGE('',*,*,#4890,.F.);
#3910=ORIENTED_EDGE('',*,*,#5133,.T.);
#3911=ORIENTED_EDGE('',*,*,#5134,.T.);
#3912=ORIENTED_EDGE('',*,*,#5135,.T.);
#3913=ORIENTED_EDGE('',*,*,#5136,.T.);
#3914=ORIENTED_EDGE('',*,*,#5133,.F.);
#3915=ORIENTED_EDGE('',*,*,#5137,.T.);
#3916=ORIENTED_EDGE('',*,*,#5138,.T.);
#3917=ORIENTED_EDGE('',*,*,#5130,.T.);
#3918=ORIENTED_EDGE('',*,*,#5124,.T.);
#3919=ORIENTED_EDGE('',*,*,#5126,.T.);
#3920=ORIENTED_EDGE('',*,*,#5120,.F.);
#3921=ORIENTED_EDGE('',*,*,#5139,.T.);
#3922=ORIENTED_EDGE('',*,*,#5140,.F.);
#3923=ORIENTED_EDGE('',*,*,#5136,.F.);
#3924=ORIENTED_EDGE('',*,*,#5141,.T.);
#3925=ORIENTED_EDGE('',*,*,#5142,.T.);
#3926=ORIENTED_EDGE('',*,*,#5137,.F.);
#3927=ORIENTED_EDGE('',*,*,#5143,.F.);
#3928=ORIENTED_EDGE('',*,*,#5127,.F.);
#3929=ORIENTED_EDGE('',*,*,#5138,.F.);
#3930=ORIENTED_EDGE('',*,*,#5142,.F.);
#3931=ORIENTED_EDGE('',*,*,#5135,.F.);
#3932=ORIENTED_EDGE('',*,*,#5144,.T.);
#3933=ORIENTED_EDGE('',*,*,#5145,.T.);
#3934=ORIENTED_EDGE('',*,*,#5123,.T.);
#3935=ORIENTED_EDGE('',*,*,#5132,.T.);
#3936=ORIENTED_EDGE('',*,*,#5131,.T.);
#3937=ORIENTED_EDGE('',*,*,#5128,.F.);
#3938=ORIENTED_EDGE('',*,*,#5143,.T.);
#3939=ORIENTED_EDGE('',*,*,#5141,.F.);
#3940=ORIENTED_EDGE('',*,*,#5134,.F.);
#3941=ORIENTED_EDGE('',*,*,#5140,.T.);
#3942=ORIENTED_EDGE('',*,*,#5146,.T.);
#3943=ORIENTED_EDGE('',*,*,#5144,.F.);
#3944=ORIENTED_EDGE('',*,*,#5146,.F.);
#3945=ORIENTED_EDGE('',*,*,#5139,.F.);
#3946=ORIENTED_EDGE('',*,*,#5119,.F.);
#3947=ORIENTED_EDGE('',*,*,#5145,.F.);
#3948=ORIENTED_EDGE('',*,*,#5147,.T.);
#3949=ORIENTED_EDGE('',*,*,#5148,.T.);
#3950=ORIENTED_EDGE('',*,*,#5149,.T.);
#3951=ORIENTED_EDGE('',*,*,#5150,.T.);
#3952=ORIENTED_EDGE('',*,*,#5151,.F.);
#3953=ORIENTED_EDGE('',*,*,#4531,.F.);
#3954=ORIENTED_EDGE('',*,*,#5152,.F.);
#3955=ORIENTED_EDGE('',*,*,#5153,.F.);
#3956=ORIENTED_EDGE('',*,*,#4530,.F.);
#3957=ORIENTED_EDGE('',*,*,#5149,.F.);
#3958=ORIENTED_EDGE('',*,*,#5154,.F.);
#3959=ORIENTED_EDGE('',*,*,#5155,.T.);
#3960=ORIENTED_EDGE('',*,*,#5156,.T.);
#3961=ORIENTED_EDGE('',*,*,#5157,.T.);
#3962=ORIENTED_EDGE('',*,*,#5153,.T.);
#3963=ORIENTED_EDGE('',*,*,#5158,.F.);
#3964=ORIENTED_EDGE('',*,*,#4532,.F.);
#3965=ORIENTED_EDGE('',*,*,#5157,.F.);
#3966=ORIENTED_EDGE('',*,*,#5159,.F.);
#3967=ORIENTED_EDGE('',*,*,#5150,.F.);
#3968=ORIENTED_EDGE('',*,*,#4529,.F.);
#3969=ORIENTED_EDGE('',*,*,#5160,.F.);
#3970=ORIENTED_EDGE('',*,*,#4898,.F.);
#3971=ORIENTED_EDGE('',*,*,#5161,.T.);
#3972=ORIENTED_EDGE('',*,*,#5162,.T.);
#3973=ORIENTED_EDGE('',*,*,#5163,.T.);
#3974=ORIENTED_EDGE('',*,*,#5164,.T.);
#3975=ORIENTED_EDGE('',*,*,#5161,.F.);
#3976=ORIENTED_EDGE('',*,*,#5165,.T.);
#3977=ORIENTED_EDGE('',*,*,#5166,.T.);
#3978=ORIENTED_EDGE('',*,*,#5158,.T.);
#3979=ORIENTED_EDGE('',*,*,#5152,.T.);
#3980=ORIENTED_EDGE('',*,*,#5154,.T.);
#3981=ORIENTED_EDGE('',*,*,#5148,.F.);
#3982=ORIENTED_EDGE('',*,*,#5167,.T.);
#3983=ORIENTED_EDGE('',*,*,#5168,.F.);
#3984=ORIENTED_EDGE('',*,*,#5164,.F.);
#3985=ORIENTED_EDGE('',*,*,#5169,.T.);
#3986=ORIENTED_EDGE('',*,*,#5170,.T.);
#3987=ORIENTED_EDGE('',*,*,#5165,.F.);
#3988=ORIENTED_EDGE('',*,*,#5171,.F.);
#3989=ORIENTED_EDGE('',*,*,#5155,.F.);
#3990=ORIENTED_EDGE('',*,*,#5166,.F.);
#3991=ORIENTED_EDGE('',*,*,#5170,.F.);
#3992=ORIENTED_EDGE('',*,*,#5163,.F.);
#3993=ORIENTED_EDGE('',*,*,#5172,.T.);
#3994=ORIENTED_EDGE('',*,*,#5173,.T.);
#3995=ORIENTED_EDGE('',*,*,#5151,.T.);
#3996=ORIENTED_EDGE('',*,*,#5160,.T.);
#3997=ORIENTED_EDGE('',*,*,#5159,.T.);
#3998=ORIENTED_EDGE('',*,*,#5156,.F.);
#3999=ORIENTED_EDGE('',*,*,#5171,.T.);
#4000=ORIENTED_EDGE('',*,*,#5169,.F.);
#4001=ORIENTED_EDGE('',*,*,#5162,.F.);
#4002=ORIENTED_EDGE('',*,*,#5168,.T.);
#4003=ORIENTED_EDGE('',*,*,#5174,.T.);
#4004=ORIENTED_EDGE('',*,*,#5172,.F.);
#4005=ORIENTED_EDGE('',*,*,#5174,.F.);
#4006=ORIENTED_EDGE('',*,*,#5167,.F.);
#4007=ORIENTED_EDGE('',*,*,#5147,.F.);
#4008=ORIENTED_EDGE('',*,*,#5173,.F.);
#4009=ORIENTED_EDGE('',*,*,#5175,.T.);
#4010=ORIENTED_EDGE('',*,*,#5176,.T.);
#4011=ORIENTED_EDGE('',*,*,#5177,.T.);
#4012=ORIENTED_EDGE('',*,*,#5178,.T.);
#4013=ORIENTED_EDGE('',*,*,#5179,.F.);
#4014=ORIENTED_EDGE('',*,*,#5180,.F.);
#4015=ORIENTED_EDGE('',*,*,#4603,.F.);
#4016=ORIENTED_EDGE('',*,*,#5181,.F.);
#4017=ORIENTED_EDGE('',*,*,#4602,.F.);
#4018=ORIENTED_EDGE('',*,*,#5177,.F.);
#4019=ORIENTED_EDGE('',*,*,#5182,.F.);
#4020=ORIENTED_EDGE('',*,*,#4601,.F.);
#4021=ORIENTED_EDGE('',*,*,#5183,.F.);
#4022=ORIENTED_EDGE('',*,*,#5178,.F.);
#4023=ORIENTED_EDGE('',*,*,#5184,.T.);
#4024=ORIENTED_EDGE('',*,*,#5185,.T.);
#4025=ORIENTED_EDGE('',*,*,#5186,.T.);
#4026=ORIENTED_EDGE('',*,*,#5180,.T.);
#4027=ORIENTED_EDGE('',*,*,#5187,.F.);
#4028=ORIENTED_EDGE('',*,*,#5188,.F.);
#4029=ORIENTED_EDGE('',*,*,#4600,.F.);
#4030=ORIENTED_EDGE('',*,*,#5186,.F.);
#4031=ORIENTED_EDGE('',*,*,#5189,.T.);
#4032=ORIENTED_EDGE('',*,*,#5190,.T.);
#4033=ORIENTED_EDGE('',*,*,#5191,.T.);
#4034=ORIENTED_EDGE('',*,*,#5192,.T.);
#4035=ORIENTED_EDGE('',*,*,#5193,.F.);
#4036=ORIENTED_EDGE('',*,*,#5194,.F.);
#4037=ORIENTED_EDGE('',*,*,#4560,.F.);
#4038=ORIENTED_EDGE('',*,*,#5195,.F.);
#4039=ORIENTED_EDGE('',*,*,#4559,.F.);
#4040=ORIENTED_EDGE('',*,*,#5191,.F.);
#4041=ORIENTED_EDGE('',*,*,#5196,.F.);
#4042=ORIENTED_EDGE('',*,*,#4558,.F.);
#4043=ORIENTED_EDGE('',*,*,#5197,.F.);
#4044=ORIENTED_EDGE('',*,*,#5192,.F.);
#4045=ORIENTED_EDGE('',*,*,#5198,.T.);
#4046=ORIENTED_EDGE('',*,*,#5199,.T.);
#4047=ORIENTED_EDGE('',*,*,#5200,.T.);
#4048=ORIENTED_EDGE('',*,*,#5194,.T.);
#4049=ORIENTED_EDGE('',*,*,#5201,.F.);
#4050=ORIENTED_EDGE('',*,*,#4557,.F.);
#4051=ORIENTED_EDGE('',*,*,#5200,.F.);
#4052=ORIENTED_EDGE('',*,*,#5202,.F.);
#4053=ORIENTED_EDGE('',*,*,#5203,.T.);
#4054=ORIENTED_EDGE('',*,*,#5032,.F.);
#4055=ORIENTED_EDGE('',*,*,#5204,.T.);
#4056=ORIENTED_EDGE('',*,*,#5046,.F.);
#4057=ORIENTED_EDGE('',*,*,#5205,.F.);
#4058=ORIENTED_EDGE('',*,*,#5049,.T.);
#4059=ORIENTED_EDGE('',*,*,#5206,.T.);
#4060=ORIENTED_EDGE('',*,*,#5201,.T.);
#4061=ORIENTED_EDGE('',*,*,#5195,.T.);
#4062=ORIENTED_EDGE('',*,*,#5196,.T.);
#4063=ORIENTED_EDGE('',*,*,#5190,.F.);
#4064=ORIENTED_EDGE('',*,*,#5207,.T.);
#4065=ORIENTED_EDGE('',*,*,#5043,.F.);
#4066=ORIENTED_EDGE('',*,*,#5204,.F.);
#4067=ORIENTED_EDGE('',*,*,#5045,.T.);
#4068=ORIENTED_EDGE('',*,*,#5208,.T.);
#4069=ORIENTED_EDGE('',*,*,#5193,.T.);
#4070=ORIENTED_EDGE('',*,*,#5197,.T.);
#4071=ORIENTED_EDGE('',*,*,#5202,.T.);
#4072=ORIENTED_EDGE('',*,*,#5199,.F.);
#4073=ORIENTED_EDGE('',*,*,#5209,.T.);
#4074=ORIENTED_EDGE('',*,*,#5047,.F.);
#4075=ORIENTED_EDGE('',*,*,#5044,.F.);
#4076=ORIENTED_EDGE('',*,*,#5207,.F.);
#4077=ORIENTED_EDGE('',*,*,#5189,.F.);
#4078=ORIENTED_EDGE('',*,*,#5208,.F.);
#4079=ORIENTED_EDGE('',*,*,#5184,.F.);
#4080=ORIENTED_EDGE('',*,*,#5210,.F.);
#4081=ORIENTED_EDGE('',*,*,#5034,.F.);
#4082=ORIENTED_EDGE('',*,*,#5211,.F.);
#4083=ORIENTED_EDGE('',*,*,#5206,.F.);
#4084=ORIENTED_EDGE('',*,*,#5048,.F.);
#4085=ORIENTED_EDGE('',*,*,#5209,.F.);
#4086=ORIENTED_EDGE('',*,*,#5198,.F.);
#4087=ORIENTED_EDGE('',*,*,#5203,.F.);
#4088=ORIENTED_EDGE('',*,*,#5031,.T.);
#4089=ORIENTED_EDGE('',*,*,#5212,.T.);
#4090=ORIENTED_EDGE('',*,*,#5179,.T.);
#4091=ORIENTED_EDGE('',*,*,#5183,.T.);
#4092=ORIENTED_EDGE('',*,*,#5188,.T.);
#4093=ORIENTED_EDGE('',*,*,#5185,.F.);
#4094=ORIENTED_EDGE('',*,*,#5211,.T.);
#4095=ORIENTED_EDGE('',*,*,#5033,.F.);
#4096=ORIENTED_EDGE('',*,*,#5213,.F.);
#4097=ORIENTED_EDGE('',*,*,#5035,.T.);
#4098=ORIENTED_EDGE('',*,*,#5210,.T.);
#4099=ORIENTED_EDGE('',*,*,#5187,.T.);
#4100=ORIENTED_EDGE('',*,*,#5181,.T.);
#4101=ORIENTED_EDGE('',*,*,#5182,.T.);
#4102=ORIENTED_EDGE('',*,*,#5176,.F.);
#4103=ORIENTED_EDGE('',*,*,#5214,.T.);
#4104=ORIENTED_EDGE('',*,*,#5029,.F.);
#4105=ORIENTED_EDGE('',*,*,#5214,.F.);
#4106=ORIENTED_EDGE('',*,*,#5175,.F.);
#4107=ORIENTED_EDGE('',*,*,#5212,.F.);
#4108=ORIENTED_EDGE('',*,*,#5030,.F.);
#4109=ORIENTED_EDGE('',*,*,#5205,.T.);
#4110=ORIENTED_EDGE('',*,*,#5050,.F.);
#4111=ORIENTED_EDGE('',*,*,#5213,.T.);
#4112=ORIENTED_EDGE('',*,*,#5036,.F.);
#4113=ORIENTED_EDGE('',*,*,#4534,.F.);
#4114=ORIENTED_EDGE('',*,*,#4857,.T.);
#4115=ORIENTED_EDGE('',*,*,#4536,.F.);
#4116=ORIENTED_EDGE('',*,*,#4859,.T.);
#4117=ORIENTED_EDGE('',*,*,#4378,.T.);
#4118=ORIENTED_EDGE('',*,*,#5215,.F.);
#4119=ORIENTED_EDGE('',*,*,#5216,.T.);
#4120=ORIENTED_EDGE('',*,*,#5217,.F.);
#4121=ORIENTED_EDGE('',*,*,#4811,.F.);
#4122=ORIENTED_EDGE('',*,*,#5218,.T.);
#4123=ORIENTED_EDGE('',*,*,#5219,.F.);
#4124=ORIENTED_EDGE('',*,*,#5220,.T.);
#4125=ORIENTED_EDGE('',*,*,#4380,.F.);
#4126=ORIENTED_EDGE('',*,*,#5221,.F.);
#4127=ORIENTED_EDGE('',*,*,#5217,.T.);
#4128=ORIENTED_EDGE('',*,*,#5222,.T.);
#4129=ORIENTED_EDGE('',*,*,#5218,.F.);
#4130=ORIENTED_EDGE('',*,*,#4379,.F.);
#4131=ORIENTED_EDGE('',*,*,#5219,.T.);
#4132=ORIENTED_EDGE('',*,*,#5222,.F.);
#4133=ORIENTED_EDGE('',*,*,#5216,.F.);
#4134=ORIENTED_EDGE('',*,*,#5223,.T.);
#4135=ORIENTED_EDGE('',*,*,#5220,.F.);
#4136=ORIENTED_EDGE('',*,*,#5223,.F.);
#4137=ORIENTED_EDGE('',*,*,#5215,.T.);
#4138=ORIENTED_EDGE('',*,*,#4381,.F.);
#4139=ORIENTED_EDGE('',*,*,#4382,.T.);
#4140=ORIENTED_EDGE('',*,*,#5224,.T.);
#4141=ORIENTED_EDGE('',*,*,#5225,.F.);
#4142=ORIENTED_EDGE('',*,*,#5226,.F.);
#4143=ORIENTED_EDGE('',*,*,#4809,.F.);
#4144=ORIENTED_EDGE('',*,*,#5227,.T.);
#4145=ORIENTED_EDGE('',*,*,#5228,.T.);
#4146=ORIENTED_EDGE('',*,*,#5229,.F.);
#4147=ORIENTED_EDGE('',*,*,#4384,.F.);
#4148=ORIENTED_EDGE('',*,*,#5230,.T.);
#4149=ORIENTED_EDGE('',*,*,#4385,.T.);
#4150=ORIENTED_EDGE('',*,*,#5229,.T.);
#4151=ORIENTED_EDGE('',*,*,#5231,.F.);
#4152=ORIENTED_EDGE('',*,*,#5224,.F.);
#4153=ORIENTED_EDGE('',*,*,#5226,.T.);
#4154=ORIENTED_EDGE('',*,*,#5232,.T.);
#4155=ORIENTED_EDGE('',*,*,#5227,.F.);
#4156=ORIENTED_EDGE('',*,*,#4383,.F.);
#4157=ORIENTED_EDGE('',*,*,#5228,.F.);
#4158=ORIENTED_EDGE('',*,*,#5232,.F.);
#4159=ORIENTED_EDGE('',*,*,#5225,.T.);
#4160=ORIENTED_EDGE('',*,*,#5231,.T.);
#4161=ORIENTED_EDGE('',*,*,#4186,.F.);
#4162=ORIENTED_EDGE('',*,*,#4177,.T.);
#4163=ORIENTED_EDGE('',*,*,#4184,.F.);
#4164=ORIENTED_EDGE('',*,*,#4173,.T.);
#4165=ORIENTED_EDGE('',*,*,#4462,.T.);
#4166=ORIENTED_EDGE('',*,*,#4182,.T.);
#4167=ORIENTED_EDGE('',*,*,#4726,.F.);
#4168=ORIENTED_EDGE('',*,*,#4461,.F.);
#4169=ORIENTED_EDGE('',*,*,#4298,.T.);
#4170=ORIENTED_EDGE('',*,*,#5230,.F.);
#4171=ORIENTED_EDGE('',*,*,#4299,.F.);
#4172=ORIENTED_EDGE('',*,*,#5221,.T.);
#4173=EDGE_CURVE('',#5233,#5234,#5926,.F.);
#4174=EDGE_CURVE('',#5233,#5235,#429,.F.);
#4175=EDGE_CURVE('',#5235,#5236,#5927,.F.);
#4176=EDGE_CURVE('',#5236,#5234,#430,.T.);
#4177=EDGE_CURVE('',#5237,#5238,#5928,.F.);
#4178=EDGE_CURVE('',#5237,#5239,#431,.F.);
#4179=EDGE_CURVE('',#5239,#5240,#5929,.F.);
#4180=EDGE_CURVE('',#5240,#5238,#432,.T.);
#4181=EDGE_CURVE('',#5241,#5241,#5930,.F.);
#4182=EDGE_CURVE('',#5242,#5243,#350,.T.);
#4183=EDGE_CURVE('',#5242,#5243,#5931,.T.);
#4184=EDGE_CURVE('',#5233,#5234,#433,.T.);
#4185=EDGE_CURVE('',#5235,#5236,#434,.T.);
#4186=EDGE_CURVE('',#5237,#5238,#435,.T.);
#4187=EDGE_CURVE('',#5239,#5240,#436,.T.);
#4188=EDGE_CURVE('',#5244,#5245,#351,.T.);
#4189=EDGE_CURVE('',#5245,#5246,#437,.T.);
#4190=EDGE_CURVE('',#5246,#5247,#438,.T.);
#4191=EDGE_CURVE('',#5247,#5248,#439,.T.);
#4192=EDGE_CURVE('',#5248,#5244,#440,.T.);
#4193=EDGE_CURVE('',#5249,#5247,#441,.T.);
#4194=EDGE_CURVE('',#5250,#5249,#442,.T.);
#4195=EDGE_CURVE('',#5248,#5250,#443,.T.);
#4196=EDGE_CURVE('',#5251,#5246,#444,.T.);
#4197=EDGE_CURVE('',#5252,#5251,#445,.T.);
#4198=EDGE_CURVE('',#5252,#5253,#446,.T.);
#4199=EDGE_CURVE('',#5254,#5253,#447,.F.);
#4200=EDGE_CURVE('',#5255,#5254,#448,.T.);
#4201=EDGE_CURVE('',#5256,#5255,#449,.T.);
#4202=EDGE_CURVE('',#5256,#5257,#450,.F.);
#4203=EDGE_CURVE('',#5258,#5257,#451,.T.);
#4204=EDGE_CURVE('',#5259,#5258,#452,.T.);
#4205=EDGE_CURVE('',#5260,#5259,#453,.T.);
#4206=EDGE_CURVE('',#5261,#5260,#454,.T.);
#4207=EDGE_CURVE('',#5261,#5262,#455,.T.);
#4208=EDGE_CURVE('',#5249,#5262,#456,.T.);
#4209=EDGE_CURVE('',#5245,#5263,#457,.F.);
#4210=EDGE_CURVE('',#5264,#5263,#458,.T.);
#4211=EDGE_CURVE('',#5251,#5264,#459,.T.);
#4212=EDGE_CURVE('',#5265,#5266,#460,.T.);
#4213=EDGE_CURVE('',#5266,#5267,#461,.T.);
#4214=EDGE_CURVE('',#5267,#5268,#352,.T.);
#4215=EDGE_CURVE('',#5269,#5268,#462,.T.);
#4216=EDGE_CURVE('',#5269,#5265,#463,.T.);
#4217=EDGE_CURVE('',#5270,#5271,#353,.T.);
#4218=EDGE_CURVE('',#5272,#5270,#5932,.F.);
#4219=EDGE_CURVE('',#5273,#5272,#354,.T.);
#4220=EDGE_CURVE('',#5274,#5273,#464,.F.);
#4221=EDGE_CURVE('',#5275,#5274,#5933,.F.);
#4222=EDGE_CURVE('',#5268,#5275,#465,.F.);
#4223=EDGE_CURVE('',#5276,#5267,#466,.T.);
#4224=EDGE_CURVE('',#5277,#5276,#5934,.F.);
#4225=EDGE_CURVE('',#5278,#5277,#355,.T.);
#4226=EDGE_CURVE('',#5279,#5278,#5935,.F.);
#4227=EDGE_CURVE('',#5280,#5279,#467,.T.);
#4228=EDGE_CURVE('',#5281,#5280,#5936,.F.);
#4229=EDGE_CURVE('',#5271,#5281,#356,.T.);
#4230=EDGE_CURVE('',#5282,#5282,#5937,.T.);
#4231=EDGE_CURVE('',#5266,#5283,#468,.F.);
#4232=EDGE_CURVE('',#5283,#5284,#469,.T.);
#4233=EDGE_CURVE('',#5284,#5276,#470,.F.);
#4234=EDGE_CURVE('',#5285,#5286,#471,.T.);
#4235=EDGE_CURVE('',#5286,#5287,#472,.T.);
#4236=EDGE_CURVE('',#5287,#5288,#473,.T.);
#4237=EDGE_CURVE('',#5288,#5289,#474,.F.);
#4238=EDGE_CURVE('',#5289,#5285,#475,.F.);
#4239=EDGE_CURVE('',#5290,#5286,#476,.T.);
#4240=EDGE_CURVE('',#5290,#5291,#477,.T.);
#4241=EDGE_CURVE('',#5291,#5287,#478,.F.);
#4242=EDGE_CURVE('',#5285,#5292,#479,.F.);
#4243=EDGE_CURVE('',#5290,#5292,#480,.T.);
#4244=EDGE_CURVE('',#5293,#5294,#481,.F.);
#4245=EDGE_CURVE('',#5295,#5293,#482,.F.);
#4246=EDGE_CURVE('',#5296,#5295,#5938,.T.);
#4247=EDGE_CURVE('',#5297,#5296,#483,.F.);
#4248=EDGE_CURVE('',#5298,#5297,#484,.T.);
#4249=EDGE_CURVE('',#5299,#5298,#485,.F.);
#4250=EDGE_CURVE('',#5300,#5299,#486,.F.);
#4251=EDGE_CURVE('',#5301,#5300,#487,.F.);
#4252=EDGE_CURVE('',#5302,#5301,#488,.F.);
#4253=EDGE_CURVE('',#5303,#5302,#489,.F.);
#4254=EDGE_CURVE('',#5304,#5303,#490,.T.);
#4255=EDGE_CURVE('',#5305,#5304,#491,.T.);
#4256=EDGE_CURVE('',#5306,#5305,#5939,.T.);
#4257=EDGE_CURVE('',#5294,#5306,#492,.T.);
#4258=EDGE_CURVE('',#5289,#5307,#5940,.F.);
#4259=EDGE_CURVE('',#5308,#5307,#493,.T.);
#4260=EDGE_CURVE('',#5309,#5308,#494,.T.);
#4261=EDGE_CURVE('',#5309,#5310,#5941,.F.);
#4262=EDGE_CURVE('',#5311,#5310,#495,.T.);
#4263=EDGE_CURVE('',#5312,#5311,#496,.T.);
#4264=EDGE_CURVE('',#5313,#5312,#497,.F.);
#4265=EDGE_CURVE('',#5314,#5313,#498,.T.);
#4266=EDGE_CURVE('',#5315,#5314,#499,.F.);
#4267=EDGE_CURVE('',#5316,#5315,#500,.T.);
#4268=EDGE_CURVE('',#5317,#5316,#501,.T.);
#4269=EDGE_CURVE('',#5318,#5317,#502,.T.);
#4270=EDGE_CURVE('',#5272,#5318,#503,.T.);
#4271=EDGE_CURVE('',#5319,#5270,#504,.T.);
#4272=EDGE_CURVE('',#5281,#5319,#505,.T.);
#4273=EDGE_CURVE('',#5320,#5280,#506,.F.);
#4274=EDGE_CURVE('',#5321,#5320,#507,.T.);
#4275=EDGE_CURVE('',#5292,#5321,#508,.T.);
#4276=EDGE_CURVE('',#5322,#5322,#5942,.F.);
#4277=EDGE_CURVE('',#5323,#5323,#5943,.F.);
#4278=EDGE_CURVE('',#5324,#5324,#5944,.F.);
#4279=EDGE_CURVE('',#5325,#5325,#5945,.T.);
#4280=EDGE_CURVE('',#5326,#5327,#5946,.T.);
#4281=EDGE_CURVE('',#5327,#5326,#5947,.T.);
#4282=EDGE_CURVE('',#5328,#5329,#5948,.T.);
#4283=EDGE_CURVE('',#5330,#5328,#5949,.T.);
#4284=EDGE_CURVE('',#5331,#5330,#5950,.T.);
#4285=EDGE_CURVE('',#5332,#5331,#5951,.T.);
#4286=EDGE_CURVE('',#5333,#5332,#5952,.T.);
#4287=EDGE_CURVE('',#5334,#5333,#5953,.T.);
#4288=EDGE_CURVE('',#5335,#5334,#5954,.T.);
#4289=EDGE_CURVE('',#5329,#5335,#5955,.T.);
#4290=EDGE_CURVE('',#5336,#5337,#5956,.T.);
#4291=EDGE_CURVE('',#5337,#5336,#5957,.T.);
#4292=EDGE_CURVE('',#5338,#5338,#5958,.T.);
#4293=EDGE_CURVE('',#5339,#5339,#5959,.F.);
#4294=EDGE_CURVE('',#5340,#5340,#5960,.F.);
#4295=EDGE_CURVE('',#5341,#5341,#5961,.F.);
#4296=EDGE_CURVE('',#5342,#5342,#5962,.F.);
#4297=EDGE_CURVE('',#5343,#5343,#5963,.F.);
#4298=EDGE_CURVE('',#5344,#5344,#5964,.T.);
#4299=EDGE_CURVE('',#5345,#5345,#5965,.T.);
#4300=EDGE_CURVE('',#5346,#5269,#509,.T.);
#4301=EDGE_CURVE('',#5347,#5346,#510,.T.);
#4302=EDGE_CURVE('',#5265,#5347,#511,.T.);
#4303=EDGE_CURVE('',#5279,#5348,#512,.T.);
#4304=EDGE_CURVE('',#5348,#5349,#513,.F.);
#4305=EDGE_CURVE('',#5349,#5320,#514,.T.);
#4306=EDGE_CURVE('',#5349,#5350,#515,.F.);
#4307=EDGE_CURVE('',#5321,#5350,#516,.T.);
#4308=EDGE_CURVE('',#5351,#5351,#5966,.T.);
#4309=EDGE_CURVE('',#5352,#5352,#5967,.T.);
#4310=EDGE_CURVE('',#5353,#5354,#357,.T.);
#4311=EDGE_CURVE('',#5355,#5353,#358,.T.);
#4312=EDGE_CURVE('',#5263,#5355,#5968,.F.);
#4313=EDGE_CURVE('',#5356,#5244,#517,.T.);
#4314=EDGE_CURVE('',#5357,#5356,#5969,.F.);
#4315=EDGE_CURVE('',#5358,#5357,#518,.T.);
#4316=EDGE_CURVE('',#5310,#5358,#359,.T.);
#4317=EDGE_CURVE('',#5359,#5309,#360,.T.);
#4318=EDGE_CURVE('',#5307,#5359,#361,.T.);
#4319=EDGE_CURVE('',#5354,#5288,#5970,.F.);
#4320=EDGE_CURVE('',#5360,#5360,#5971,.T.);
#4321=EDGE_CURVE('',#5319,#5271,#519,.T.);
#4322=EDGE_CURVE('',#5277,#5361,#520,.T.);
#4323=EDGE_CURVE('',#5361,#5362,#521,.T.);
#4324=EDGE_CURVE('',#5362,#5363,#522,.F.);
#4325=EDGE_CURVE('',#5363,#5364,#523,.T.);
#4326=EDGE_CURVE('',#5364,#5278,#524,.T.);
#4327=EDGE_CURVE('',#5361,#5284,#525,.T.);
#4328=EDGE_CURVE('',#5365,#5364,#526,.T.);
#4329=EDGE_CURVE('',#5348,#5365,#527,.F.);
#4330=EDGE_CURVE('',#5366,#5347,#528,.T.);
#4331=EDGE_CURVE('',#5366,#5367,#529,.F.);
#4332=EDGE_CURVE('',#5368,#5367,#530,.F.);
#4333=EDGE_CURVE('',#5368,#5369,#531,.T.);
#4334=EDGE_CURVE('',#5369,#5370,#532,.T.);
#4335=EDGE_CURVE('',#5371,#5370,#533,.T.);
#4336=EDGE_CURVE('',#5372,#5371,#534,.T.);
#4337=EDGE_CURVE('',#5372,#5373,#535,.T.);
#4338=EDGE_CURVE('',#5373,#5374,#536,.T.);
#4339=EDGE_CURVE('',#5375,#5374,#537,.T.);
#4340=EDGE_CURVE('',#5375,#5376,#538,.F.);
#4341=EDGE_CURVE('',#5283,#5376,#539,.T.);
#4342=EDGE_CURVE('',#5365,#5350,#540,.F.);
#4343=EDGE_CURVE('',#5377,#5318,#541,.T.);
#4344=EDGE_CURVE('',#5377,#5273,#542,.T.);
#4345=EDGE_CURVE('',#5378,#5275,#543,.T.);
#4346=EDGE_CURVE('',#5378,#5346,#544,.T.);
#4347=EDGE_CURVE('',#5358,#5379,#545,.T.);
#4348=EDGE_CURVE('',#5311,#5379,#546,.T.);
#4349=EDGE_CURVE('',#5357,#5380,#547,.T.);
#4350=EDGE_CURVE('',#5380,#5381,#548,.T.);
#4351=EDGE_CURVE('',#5379,#5381,#549,.T.);
#4352=EDGE_CURVE('',#5356,#5382,#550,.T.);
#4353=EDGE_CURVE('',#5382,#5380,#551,.T.);
#4354=EDGE_CURVE('',#5250,#5382,#552,.T.);
#4355=EDGE_CURVE('',#5383,#5355,#553,.F.);
#4356=EDGE_CURVE('',#5264,#5383,#554,.T.);
#4357=EDGE_CURVE('',#5384,#5384,#5972,.T.);
#4358=EDGE_CURVE('',#5385,#5386,#555,.T.);
#4359=EDGE_CURVE('',#5386,#5387,#556,.T.);
#4360=EDGE_CURVE('',#5387,#5388,#557,.T.);
#4361=EDGE_CURVE('',#5388,#5389,#558,.F.);
#4362=EDGE_CURVE('',#5389,#5385,#559,.T.);
#4363=EDGE_CURVE('',#5390,#5388,#560,.T.);
#4364=EDGE_CURVE('',#5391,#5390,#561,.F.);
#4365=EDGE_CURVE('',#5391,#5363,#562,.T.);
#4366=EDGE_CURVE('',#5392,#5362,#563,.T.);
#4367=EDGE_CURVE('',#5389,#5392,#564,.T.);
#4368=EDGE_CURVE('',#5393,#5394,#565,.T.);
#4369=EDGE_CURVE('',#5394,#5395,#566,.F.);
#4370=EDGE_CURVE('',#5395,#5396,#567,.T.);
#4371=EDGE_CURVE('',#5396,#5397,#568,.T.);
#4372=EDGE_CURVE('',#5397,#5393,#569,.T.);
#4373=EDGE_CURVE('',#5397,#5398,#570,.T.);
#4374=EDGE_CURVE('',#5399,#5398,#571,.T.);
#4375=EDGE_CURVE('',#5400,#5399,#572,.T.);
#4376=EDGE_CURVE('',#5400,#5401,#573,.F.);
#4377=EDGE_CURVE('',#5393,#5401,#574,.T.);
#4378=EDGE_CURVE('',#5402,#5403,#575,.T.);
#4379=EDGE_CURVE('',#5402,#5404,#576,.T.);
#4380=EDGE_CURVE('',#5404,#5405,#577,.T.);
#4381=EDGE_CURVE('',#5405,#5403,#578,.T.);
#4382=EDGE_CURVE('',#5406,#5407,#579,.T.);
#4383=EDGE_CURVE('',#5406,#5408,#580,.T.);
#4384=EDGE_CURVE('',#5408,#5409,#581,.T.);
#4385=EDGE_CURVE('',#5407,#5409,#582,.T.);
#4386=EDGE_CURVE('',#5410,#5386,#583,.T.);
#4387=EDGE_CURVE('',#5411,#5410,#584,.T.);
#4388=EDGE_CURVE('',#5412,#5411,#585,.T.);
#4389=EDGE_CURVE('',#5398,#5412,#586,.T.);
#4390=EDGE_CURVE('',#5413,#5396,#587,.T.);
#4391=EDGE_CURVE('',#5414,#5413,#588,.T.);
#4392=EDGE_CURVE('',#5387,#5414,#589,.T.);
#4393=EDGE_CURVE('',#5415,#5416,#590,.T.);
#4394=EDGE_CURVE('',#5416,#5417,#591,.F.);
#4395=EDGE_CURVE('',#5417,#5418,#592,.T.);
#4396=EDGE_CURVE('',#5418,#5411,#593,.T.);
#4397=EDGE_CURVE('',#5410,#5415,#594,.T.);
#4398=EDGE_CURVE('',#5419,#5415,#595,.T.);
#4399=EDGE_CURVE('',#5419,#5420,#596,.T.);
#4400=EDGE_CURVE('',#5420,#5421,#597,.T.);
#4401=EDGE_CURVE('',#5421,#5416,#598,.F.);
#4402=EDGE_CURVE('',#5385,#5422,#599,.T.);
#4403=EDGE_CURVE('',#5422,#5419,#600,.F.);
#4404=EDGE_CURVE('',#5423,#5424,#601,.T.);
#4405=EDGE_CURVE('',#5424,#5425,#602,.F.);
#4406=EDGE_CURVE('',#5425,#5399,#603,.T.);
#4407=EDGE_CURVE('',#5412,#5423,#604,.T.);
#4408=EDGE_CURVE('',#5425,#5426,#605,.T.);
#4409=EDGE_CURVE('',#5427,#5426,#606,.T.);
#4410=EDGE_CURVE('',#5427,#5400,#607,.F.);
#4411=EDGE_CURVE('',#5350,#5290,#608,.F.);
#4412=EDGE_CURVE('',#5418,#5293,#609,.T.);
#4413=EDGE_CURVE('',#5294,#5423,#610,.T.);
#4414=EDGE_CURVE('',#5417,#5428,#611,.T.);
#4415=EDGE_CURVE('',#5295,#5428,#362,.T.);
#4416=EDGE_CURVE('',#5429,#5391,#612,.F.);
#4417=EDGE_CURVE('',#5430,#5429,#613,.F.);
#4418=EDGE_CURVE('',#5431,#5430,#614,.F.);
#4419=EDGE_CURVE('',#5432,#5431,#615,.F.);
#4420=EDGE_CURVE('',#5433,#5432,#616,.F.);
#4421=EDGE_CURVE('',#5434,#5433,#617,.F.);
#4422=EDGE_CURVE('',#5435,#5434,#618,.T.);
#4423=EDGE_CURVE('',#5435,#5291,#619,.T.);
#4424=EDGE_CURVE('',#5436,#5436,#5973,.T.);
#4425=EDGE_CURVE('',#5413,#5437,#620,.T.);
#4426=EDGE_CURVE('',#5437,#5438,#621,.F.);
#4427=EDGE_CURVE('',#5438,#5414,#622,.T.);
#4428=EDGE_CURVE('',#5439,#5437,#623,.T.);
#4429=EDGE_CURVE('',#5440,#5439,#624,.F.);
#4430=EDGE_CURVE('',#5441,#5440,#625,.T.);
#4431=EDGE_CURVE('',#5442,#5441,#626,.T.);
#4432=EDGE_CURVE('',#5438,#5442,#627,.T.);
#4433=EDGE_CURVE('',#5441,#5443,#628,.F.);
#4434=EDGE_CURVE('',#5430,#5441,#629,.T.);
#4435=EDGE_CURVE('',#5443,#5430,#630,.T.);
#4436=EDGE_CURVE('',#5444,#5440,#631,.F.);
#4437=EDGE_CURVE('',#5431,#5444,#632,.T.);
#4438=EDGE_CURVE('',#5440,#5431,#633,.T.);
#4439=EDGE_CURVE('',#5445,#5432,#634,.T.);
#4440=EDGE_CURVE('',#5444,#5445,#635,.T.);
#4441=EDGE_CURVE('',#5439,#5446,#636,.T.);
#4442=EDGE_CURVE('',#5446,#5444,#637,.T.);
#4443=EDGE_CURVE('',#5429,#5447,#638,.T.);
#4444=EDGE_CURVE('',#5447,#5443,#639,.T.);
#4445=EDGE_CURVE('',#5448,#5442,#640,.T.);
#4446=EDGE_CURVE('',#5443,#5448,#641,.F.);
#4447=EDGE_CURVE('',#5449,#5446,#642,.F.);
#4448=EDGE_CURVE('',#5445,#5449,#643,.F.);
#4449=EDGE_CURVE('',#5449,#5450,#644,.T.);
#4450=EDGE_CURVE('',#5450,#5433,#645,.T.);
#4451=EDGE_CURVE('',#5451,#5394,#646,.F.);
#4452=EDGE_CURVE('',#5451,#5452,#647,.T.);
#4453=EDGE_CURVE('',#5434,#5452,#648,.T.);
#4454=EDGE_CURVE('',#5395,#5450,#649,.T.);
#4455=EDGE_CURVE('',#5390,#5453,#650,.T.);
#4456=EDGE_CURVE('',#5453,#5447,#651,.T.);
#4457=EDGE_CURVE('',#5448,#5453,#652,.F.);
#4458=EDGE_CURVE('',#5454,#5454,#5974,.F.);
#4459=EDGE_CURVE('',#5455,#5455,#5975,.T.);
#4460=EDGE_CURVE('',#5456,#5457,#5976,.T.);
#4461=EDGE_CURVE('',#5456,#5457,#5977,.F.);
#4462=EDGE_CURVE('',#5243,#5242,#5978,.T.);
#4463=EDGE_CURVE('',#5458,#5459,#653,.T.);
#4464=EDGE_CURVE('',#5460,#5458,#654,.T.);
#4465=EDGE_CURVE('',#5461,#5460,#655,.T.);
#4466=EDGE_CURVE('',#5462,#5461,#656,.F.);
#4467=EDGE_CURVE('',#5463,#5462,#657,.T.);
#4468=EDGE_CURVE('',#5464,#5463,#658,.T.);
#4469=EDGE_CURVE('',#5465,#5464,#659,.T.);
#4470=EDGE_CURVE('',#5466,#5465,#660,.T.);
#4471=EDGE_CURVE('',#5420,#5466,#661,.T.);
#4472=EDGE_CURVE('',#5467,#5422,#662,.F.);
#4473=EDGE_CURVE('',#5468,#5467,#663,.T.);
#4474=EDGE_CURVE('',#5469,#5468,#664,.F.);
#4475=EDGE_CURVE('',#5470,#5469,#665,.T.);
#4476=EDGE_CURVE('',#5471,#5470,#666,.F.);
#4477=EDGE_CURVE('',#5472,#5471,#667,.T.);
#4478=EDGE_CURVE('',#5473,#5472,#668,.T.);
#4479=EDGE_CURVE('',#5474,#5473,#669,.T.);
#4480=EDGE_CURVE('',#5401,#5474,#670,.T.);
#4481=EDGE_CURVE('',#5475,#5427,#671,.T.);
#4482=EDGE_CURVE('',#5476,#5475,#672,.T.);
#4483=EDGE_CURVE('',#5477,#5476,#673,.T.);
#4484=EDGE_CURVE('',#5478,#5477,#674,.F.);
#4485=EDGE_CURVE('',#5479,#5478,#675,.T.);
#4486=EDGE_CURVE('',#5480,#5479,#676,.F.);
#4487=EDGE_CURVE('',#5481,#5480,#677,.F.);
#4488=EDGE_CURVE('',#5482,#5481,#678,.T.);
#4489=EDGE_CURVE('',#5483,#5482,#679,.T.);
#4490=EDGE_CURVE('',#5484,#5483,#680,.T.);
#4491=EDGE_CURVE('',#5485,#5484,#681,.T.);
#4492=EDGE_CURVE('',#5486,#5485,#682,.T.);
#4493=EDGE_CURVE('',#5487,#5486,#683,.T.);
#4494=EDGE_CURVE('',#5488,#5487,#684,.T.);
#4495=EDGE_CURVE('',#5489,#5488,#685,.T.);
#4496=EDGE_CURVE('',#5459,#5489,#686,.T.);
#4497=EDGE_CURVE('',#5490,#5490,#5979,.T.);
#4498=EDGE_CURVE('',#5491,#5491,#5980,.T.);
#4499=EDGE_CURVE('',#5492,#5492,#5981,.T.);
#4500=EDGE_CURVE('',#5493,#5493,#5982,.T.);
#4501=EDGE_CURVE('',#5494,#5494,#5983,.T.);
#4502=EDGE_CURVE('',#5495,#5495,#5984,.T.);
#4503=EDGE_CURVE('',#5496,#5496,#5985,.T.);
#4504=EDGE_CURVE('',#5497,#5497,#5986,.T.);
#4505=EDGE_CURVE('',#5498,#5499,#687,.T.);
#4506=EDGE_CURVE('',#5500,#5498,#688,.T.);
#4507=EDGE_CURVE('',#5501,#5500,#689,.T.);
#4508=EDGE_CURVE('',#5502,#5501,#690,.T.);
#4509=EDGE_CURVE('',#5503,#5502,#691,.T.);
#4510=EDGE_CURVE('',#5499,#5503,#692,.T.);
#4511=EDGE_CURVE('',#5504,#5505,#693,.F.);
#4512=EDGE_CURVE('',#5506,#5504,#694,.T.);
#4513=EDGE_CURVE('',#5507,#5506,#695,.T.);
#4514=EDGE_CURVE('',#5508,#5507,#696,.T.);
#4515=EDGE_CURVE('',#5509,#5508,#697,.T.);
#4516=EDGE_CURVE('',#5505,#5509,#698,.T.);
#4517=EDGE_CURVE('',#5510,#5511,#699,.T.);
#4518=EDGE_CURVE('',#5512,#5510,#700,.F.);
#4519=EDGE_CURVE('',#5513,#5512,#701,.T.);
#4520=EDGE_CURVE('',#5514,#5513,#702,.T.);
#4521=EDGE_CURVE('',#5515,#5514,#703,.T.);
#4522=EDGE_CURVE('',#5511,#5515,#704,.T.);
#4523=EDGE_CURVE('',#5516,#5516,#5987,.T.);
#4524=EDGE_CURVE('',#5517,#5518,#5988,.F.);
#4525=EDGE_CURVE('',#5518,#5519,#5989,.F.);
#4526=EDGE_CURVE('',#5519,#5520,#5990,.F.);
#4527=EDGE_CURVE('',#5520,#5517,#5991,.F.);
#4528=EDGE_CURVE('',#5521,#5521,#5992,.F.);
#4529=EDGE_CURVE('',#5522,#5523,#5993,.F.);
#4530=EDGE_CURVE('',#5523,#5524,#5994,.F.);
#4531=EDGE_CURVE('',#5524,#5525,#5995,.F.);
#4532=EDGE_CURVE('',#5525,#5522,#5996,.F.);
#4533=EDGE_CURVE('',#5526,#5526,#5997,.F.);
#4534=EDGE_CURVE('',#5527,#5527,#5998,.F.);
#4535=EDGE_CURVE('',#5528,#5528,#5999,.F.);
#4536=EDGE_CURVE('',#5529,#5529,#6000,.F.);
#4537=EDGE_CURVE('',#5511,#5530,#705,.T.);
#4538=EDGE_CURVE('',#5530,#5531,#706,.T.);
#4539=EDGE_CURVE('',#5510,#5531,#707,.T.);
#4540=EDGE_CURVE('',#5515,#5532,#708,.T.);
#4541=EDGE_CURVE('',#5532,#5530,#709,.T.);
#4542=EDGE_CURVE('',#5514,#5533,#710,.T.);
#4543=EDGE_CURVE('',#5533,#5532,#711,.F.);
#4544=EDGE_CURVE('',#5534,#5533,#712,.T.);
#4545=EDGE_CURVE('',#5513,#5534,#713,.T.);
#4546=EDGE_CURVE('',#5535,#5534,#714,.T.);
#4547=EDGE_CURVE('',#5512,#5535,#715,.T.);
#4548=EDGE_CURVE('',#5531,#5535,#716,.T.);
#4549=EDGE_CURVE('',#5536,#5535,#717,.T.);
#4550=EDGE_CURVE('',#5537,#5536,#718,.T.);
#4551=EDGE_CURVE('',#5537,#5534,#719,.T.);
#4552=EDGE_CURVE('',#5538,#5531,#720,.T.);
#4553=EDGE_CURVE('',#5536,#5538,#721,.F.);
#4554=EDGE_CURVE('',#5539,#5530,#722,.T.);
#4555=EDGE_CURVE('',#5538,#5539,#723,.T.);
#4556=EDGE_CURVE('',#5540,#5540,#6001,.F.);
#4557=EDGE_CURVE('',#5541,#5542,#6002,.F.);
#4558=EDGE_CURVE('',#5542,#5543,#6003,.F.);
#4559=EDGE_CURVE('',#5543,#5544,#6004,.F.);
#4560=EDGE_CURVE('',#5544,#5541,#6005,.F.);
#4561=EDGE_CURVE('',#5506,#5545,#724,.T.);
#4562=EDGE_CURVE('',#5545,#5546,#725,.T.);
#4563=EDGE_CURVE('',#5507,#5546,#726,.T.);
#4564=EDGE_CURVE('',#5547,#5548,#727,.T.);
#4565=EDGE_CURVE('',#5548,#5504,#728,.T.);
#4566=EDGE_CURVE('',#5505,#5547,#729,.T.);
#4567=EDGE_CURVE('',#5548,#5545,#730,.T.);
#4568=EDGE_CURVE('',#5549,#5547,#731,.T.);
#4569=EDGE_CURVE('',#5509,#5549,#732,.T.);
#4570=EDGE_CURVE('',#5550,#5549,#733,.T.);
#4571=EDGE_CURVE('',#5508,#5550,#734,.T.);
#4572=EDGE_CURVE('',#5546,#5550,#735,.F.);
#4573=EDGE_CURVE('',#5551,#5545,#736,.T.);
#4574=EDGE_CURVE('',#5552,#5551,#737,.T.);
#4575=EDGE_CURVE('',#5552,#5546,#738,.T.);
#4576=EDGE_CURVE('',#5553,#5548,#739,.T.);
#4577=EDGE_CURVE('',#5551,#5553,#740,.T.);
#4578=EDGE_CURVE('',#5554,#5547,#741,.T.);
#4579=EDGE_CURVE('',#5553,#5554,#742,.F.);
#4580=EDGE_CURVE('',#5500,#5555,#743,.T.);
#4581=EDGE_CURVE('',#5555,#5556,#744,.T.);
#4582=EDGE_CURVE('',#5501,#5556,#745,.T.);
#4583=EDGE_CURVE('',#5557,#5558,#746,.T.);
#4584=EDGE_CURVE('',#5558,#5498,#747,.T.);
#4585=EDGE_CURVE('',#5499,#5557,#748,.T.);
#4586=EDGE_CURVE('',#5558,#5555,#749,.T.);
#4587=EDGE_CURVE('',#5559,#5557,#750,.T.);
#4588=EDGE_CURVE('',#5503,#5559,#751,.T.);
#4589=EDGE_CURVE('',#5560,#5559,#752,.T.);
#4590=EDGE_CURVE('',#5502,#5560,#753,.T.);
#4591=EDGE_CURVE('',#5556,#5560,#754,.T.);
#4592=EDGE_CURVE('',#5561,#5555,#755,.T.);
#4593=EDGE_CURVE('',#5562,#5561,#756,.T.);
#4594=EDGE_CURVE('',#5562,#5556,#757,.T.);
#4595=EDGE_CURVE('',#5563,#5558,#758,.T.);
#4596=EDGE_CURVE('',#5561,#5563,#759,.T.);
#4597=EDGE_CURVE('',#5564,#5557,#760,.T.);
#4598=EDGE_CURVE('',#5563,#5564,#761,.T.);
#4599=EDGE_CURVE('',#5565,#5565,#6006,.F.);
#4600=EDGE_CURVE('',#5566,#5567,#6007,.F.);
#4601=EDGE_CURVE('',#5567,#5568,#6008,.F.);
#4602=EDGE_CURVE('',#5568,#5569,#6009,.F.);
#4603=EDGE_CURVE('',#5569,#5566,#6010,.F.);
#4604=EDGE_CURVE('',#5570,#5570,#6011,.F.);
#4605=EDGE_CURVE('',#5571,#5572,#6012,.F.);
#4606=EDGE_CURVE('',#5572,#5573,#6013,.F.);
#4607=EDGE_CURVE('',#5573,#5574,#6014,.F.);
#4608=EDGE_CURVE('',#5574,#5571,#6015,.F.);
#4609=EDGE_CURVE('',#5575,#5575,#6016,.F.);
#4610=EDGE_CURVE('',#5576,#5577,#6017,.F.);
#4611=EDGE_CURVE('',#5577,#5578,#6018,.F.);
#4612=EDGE_CURVE('',#5578,#5579,#6019,.F.);
#4613=EDGE_CURVE('',#5579,#5576,#6020,.F.);
#4614=EDGE_CURVE('',#5472,#5254,#762,.T.);
#4615=EDGE_CURVE('',#5253,#5473,#763,.T.);
#4616=EDGE_CURVE('',#5474,#5451,#764,.T.);
#4617=EDGE_CURVE('',#5471,#5580,#765,.T.);
#4618=EDGE_CURVE('',#5580,#5254,#766,.T.);
#4619=EDGE_CURVE('',#5470,#5581,#767,.T.);
#4620=EDGE_CURVE('',#5581,#5580,#768,.T.);
#4621=EDGE_CURVE('',#5469,#5374,#769,.T.);
#4622=EDGE_CURVE('',#5374,#5581,#770,.T.);
#4623=EDGE_CURVE('',#5468,#5375,#771,.T.);
#4624=EDGE_CURVE('',#5582,#5583,#772,.T.);
#4625=EDGE_CURVE('',#5583,#5476,#773,.T.);
#4626=EDGE_CURVE('',#5475,#5582,#774,.T.);
#4627=EDGE_CURVE('',#5584,#5585,#775,.T.);
#4628=EDGE_CURVE('',#5585,#5480,#776,.T.);
#4629=EDGE_CURVE('',#5479,#5584,#777,.T.);
#4630=EDGE_CURVE('',#5585,#5586,#778,.T.);
#4631=EDGE_CURVE('',#5586,#5481,#779,.T.);
#4632=EDGE_CURVE('',#5465,#5587,#780,.T.);
#4633=EDGE_CURVE('',#5587,#5588,#781,.T.);
#4634=EDGE_CURVE('',#5588,#5466,#782,.T.);
#4635=EDGE_CURVE('',#5586,#5589,#783,.T.);
#4636=EDGE_CURVE('',#5589,#5482,#784,.T.);
#4637=EDGE_CURVE('',#5464,#5590,#785,.T.);
#4638=EDGE_CURVE('',#5590,#5587,#786,.T.);
#4639=EDGE_CURVE('',#5463,#5591,#787,.T.);
#4640=EDGE_CURVE('',#5591,#5590,#788,.F.);
#4641=EDGE_CURVE('',#5462,#5592,#789,.T.);
#4642=EDGE_CURVE('',#5592,#5591,#790,.T.);
#4643=EDGE_CURVE('',#5460,#5593,#791,.T.);
#4644=EDGE_CURVE('',#5593,#5594,#792,.F.);
#4645=EDGE_CURVE('',#5594,#5461,#793,.T.);
#4646=EDGE_CURVE('',#5459,#5595,#794,.T.);
#4647=EDGE_CURVE('',#5595,#5596,#795,.F.);
#4648=EDGE_CURVE('',#5596,#5458,#796,.T.);
#4649=EDGE_CURVE('',#5489,#5597,#797,.T.);
#4650=EDGE_CURVE('',#5597,#5595,#798,.T.);
#4651=EDGE_CURVE('',#5598,#5597,#799,.F.);
#4652=EDGE_CURVE('',#5488,#5598,#800,.T.);
#4653=EDGE_CURVE('',#5599,#5598,#801,.T.);
#4654=EDGE_CURVE('',#5487,#5599,#802,.T.);
#4655=EDGE_CURVE('',#5596,#5593,#803,.T.);
#4656=EDGE_CURVE('',#5600,#5599,#804,.F.);
#4657=EDGE_CURVE('',#5486,#5600,#805,.T.);
#4658=EDGE_CURVE('',#5601,#5600,#806,.T.);
#4659=EDGE_CURVE('',#5485,#5601,#807,.T.);
#4660=EDGE_CURVE('',#5594,#5592,#808,.T.);
#4661=EDGE_CURVE('',#5602,#5601,#809,.F.);
#4662=EDGE_CURVE('',#5484,#5602,#810,.T.);
#4663=EDGE_CURVE('',#5603,#5602,#811,.T.);
#4664=EDGE_CURVE('',#5483,#5603,#812,.T.);
#4665=EDGE_CURVE('',#5589,#5603,#813,.F.);
#4666=EDGE_CURVE('',#5588,#5421,#814,.T.);
#4667=EDGE_CURVE('',#5604,#5584,#815,.T.);
#4668=EDGE_CURVE('',#5478,#5604,#816,.T.);
#4669=EDGE_CURVE('',#5605,#5604,#817,.T.);
#4670=EDGE_CURVE('',#5477,#5605,#818,.T.);
#4671=EDGE_CURVE('',#5392,#5467,#819,.T.);
#4672=EDGE_CURVE('',#5583,#5605,#820,.T.);
#4673=EDGE_CURVE('',#5392,#5375,#821,.T.);
#4674=EDGE_CURVE('',#5426,#5582,#822,.T.);
#4675=EDGE_CURVE('',#5253,#5451,#823,.T.);
#4676=EDGE_CURVE('',#5452,#5252,#824,.T.);
#4677=EDGE_CURVE('',#5606,#5580,#825,.T.);
#4678=EDGE_CURVE('',#5606,#5255,#826,.T.);
#4679=EDGE_CURVE('',#5607,#5581,#827,.T.);
#4680=EDGE_CURVE('',#5607,#5606,#828,.T.);
#4681=EDGE_CURVE('',#5373,#5607,#829,.T.);
#4682=EDGE_CURVE('',#5376,#5362,#830,.T.);
#4683=EDGE_CURVE('',#5608,#5421,#831,.T.);
#4684=EDGE_CURVE('',#5608,#5609,#6021,.F.);
#4685=EDGE_CURVE('',#5609,#5610,#832,.F.);
#4686=EDGE_CURVE('',#5611,#5610,#833,.F.);
#4687=EDGE_CURVE('',#5611,#5612,#834,.F.);
#4688=EDGE_CURVE('',#5612,#5613,#835,.T.);
#4689=EDGE_CURVE('',#5613,#5614,#836,.F.);
#4690=EDGE_CURVE('',#5615,#5614,#837,.T.);
#4691=EDGE_CURVE('',#5616,#5615,#838,.T.);
#4692=EDGE_CURVE('',#5616,#5617,#839,.T.);
#4693=EDGE_CURVE('',#5617,#5618,#840,.T.);
#4694=EDGE_CURVE('',#5618,#5428,#841,.F.);
#4695=EDGE_CURVE('',#5619,#5619,#6022,.T.);
#4696=EDGE_CURVE('',#5620,#5588,#842,.F.);
#4697=EDGE_CURVE('',#5621,#5620,#843,.T.);
#4698=EDGE_CURVE('',#5621,#5622,#844,.T.);
#4699=EDGE_CURVE('',#5622,#5608,#363,.T.);
#4700=EDGE_CURVE('',#5587,#5623,#845,.T.);
#4701=EDGE_CURVE('',#5624,#5623,#846,.T.);
#4702=EDGE_CURVE('',#5625,#5624,#847,.T.);
#4703=EDGE_CURVE('',#5620,#5625,#848,.F.);
#4704=EDGE_CURVE('',#5626,#5590,#849,.T.);
#4705=EDGE_CURVE('',#5623,#5626,#850,.T.);
#4706=EDGE_CURVE('',#5627,#5591,#851,.T.);
#4707=EDGE_CURVE('',#5626,#5627,#852,.T.);
#4708=EDGE_CURVE('',#5628,#5592,#853,.F.);
#4709=EDGE_CURVE('',#5629,#5628,#854,.T.);
#4710=EDGE_CURVE('',#5627,#5629,#855,.T.);
#4711=EDGE_CURVE('',#5594,#5630,#856,.T.);
#4712=EDGE_CURVE('',#5631,#5630,#857,.T.);
#4713=EDGE_CURVE('',#5628,#5631,#858,.F.);
#4714=EDGE_CURVE('',#5593,#5632,#859,.T.);
#4715=EDGE_CURVE('',#5633,#5632,#860,.T.);
#4716=EDGE_CURVE('',#5633,#5299,#861,.T.);
#4717=EDGE_CURVE('',#5634,#5298,#862,.T.);
#4718=EDGE_CURVE('',#5635,#5634,#863,.F.);
#4719=EDGE_CURVE('',#5630,#5635,#864,.T.);
#4720=EDGE_CURVE('',#5636,#5636,#6023,.T.);
#4721=EDGE_CURVE('',#5596,#5637,#865,.T.);
#4722=EDGE_CURVE('',#5637,#5632,#866,.F.);
#4723=EDGE_CURVE('',#5595,#5638,#867,.T.);
#4724=EDGE_CURVE('',#5638,#5637,#868,.F.);
#4725=EDGE_CURVE('',#5639,#5639,#6024,.F.);
#4726=EDGE_CURVE('',#5457,#5456,#364,.T.);
#4727=EDGE_CURVE('',#5640,#5640,#6025,.T.);
#4728=EDGE_CURVE('',#5641,#5641,#6026,.F.);
#4729=EDGE_CURVE('',#5642,#5642,#6027,.T.);
#4730=EDGE_CURVE('',#5643,#5643,#6028,.F.);
#4731=EDGE_CURVE('',#5644,#5644,#6029,.T.);
#4732=EDGE_CURVE('',#5645,#5645,#6030,.T.);
#4733=EDGE_CURVE('',#5646,#5646,#6031,.T.);
#4734=EDGE_CURVE('',#5647,#5647,#6032,.T.);
#4735=EDGE_CURVE('',#5648,#5648,#6033,.T.);
#4736=EDGE_CURVE('',#5649,#5649,#6034,.T.);
#4737=EDGE_CURVE('',#5650,#5650,#6035,.T.);
#4738=EDGE_CURVE('',#5651,#5651,#6036,.T.);
#4739=EDGE_CURVE('',#5652,#5653,#869,.F.);
#4740=EDGE_CURVE('',#5654,#5652,#870,.T.);
#4741=EDGE_CURVE('',#5654,#5655,#871,.T.);
#4742=EDGE_CURVE('',#5653,#5655,#872,.T.);
#4743=EDGE_CURVE('',#5656,#5652,#365,.T.);
#4744=EDGE_CURVE('',#5656,#5654,#6037,.T.);
#4745=EDGE_CURVE('',#5655,#5657,#873,.T.);
#4746=EDGE_CURVE('',#5657,#5658,#874,.F.);
#4747=EDGE_CURVE('',#5658,#5659,#875,.F.);
#4748=EDGE_CURVE('',#5659,#5653,#876,.T.);
#4749=EDGE_CURVE('',#5609,#5622,#877,.T.);
#4750=EDGE_CURVE('',#5610,#5621,#878,.T.);
#4751=EDGE_CURVE('',#5660,#5657,#879,.T.);
#4752=EDGE_CURVE('',#5660,#5661,#880,.T.);
#4753=EDGE_CURVE('',#5662,#5661,#881,.F.);
#4754=EDGE_CURVE('',#5658,#5662,#882,.F.);
#4755=EDGE_CURVE('',#5661,#5663,#883,.T.);
#4756=EDGE_CURVE('',#5664,#5660,#884,.T.);
#4757=EDGE_CURVE('',#5664,#5663,#885,.T.);
#4758=EDGE_CURVE('',#5665,#5666,#886,.F.);
#4759=EDGE_CURVE('',#5663,#5665,#887,.T.);
#4760=EDGE_CURVE('',#5666,#5664,#888,.F.);
#4761=EDGE_CURVE('',#5585,#5667,#889,.T.);
#4762=EDGE_CURVE('',#5668,#5667,#890,.F.);
#4763=EDGE_CURVE('',#5669,#5668,#891,.T.);
#4764=EDGE_CURVE('',#5303,#5669,#892,.T.);
#4765=EDGE_CURVE('',#5670,#5302,#893,.T.);
#4766=EDGE_CURVE('',#5670,#5671,#894,.T.);
#4767=EDGE_CURVE('',#5586,#5671,#895,.T.);
#4768=EDGE_CURVE('',#5672,#5424,#896,.F.);
#4769=EDGE_CURVE('',#5672,#5673,#897,.T.);
#4770=EDGE_CURVE('',#5673,#5674,#898,.T.);
#4771=EDGE_CURVE('',#5674,#5675,#899,.F.);
#4772=EDGE_CURVE('',#5676,#5675,#900,.F.);
#4773=EDGE_CURVE('',#5676,#5666,#901,.T.);
#4774=EDGE_CURVE('',#5656,#5426,#902,.T.);
#4775=EDGE_CURVE('',#5677,#5662,#903,.T.);
#4776=EDGE_CURVE('',#5659,#5677,#904,.T.);
#4777=EDGE_CURVE('',#5678,#5611,#905,.F.);
#4778=EDGE_CURVE('',#5679,#5678,#906,.T.);
#4779=EDGE_CURVE('',#5680,#5679,#907,.F.);
#4780=EDGE_CURVE('',#5612,#5680,#908,.T.);
#4781=EDGE_CURVE('',#5681,#5682,#909,.F.);
#4782=EDGE_CURVE('',#5614,#5681,#910,.F.);
#4783=EDGE_CURVE('',#5613,#5682,#911,.T.);
#4784=EDGE_CURVE('',#5682,#5680,#912,.T.);
#4785=EDGE_CURVE('',#5620,#5678,#913,.T.);
#4786=EDGE_CURVE('',#5597,#5683,#914,.T.);
#4787=EDGE_CURVE('',#5683,#5638,#915,.T.);
#4788=EDGE_CURVE('',#5598,#5684,#916,.T.);
#4789=EDGE_CURVE('',#5684,#5683,#917,.T.);
#4790=EDGE_CURVE('',#5599,#5685,#918,.T.);
#4791=EDGE_CURVE('',#5685,#5684,#919,.T.);
#4792=EDGE_CURVE('',#5600,#5686,#920,.T.);
#4793=EDGE_CURVE('',#5686,#5685,#921,.T.);
#4794=EDGE_CURVE('',#5601,#5687,#922,.T.);
#4795=EDGE_CURVE('',#5687,#5686,#923,.T.);
#4796=EDGE_CURVE('',#5602,#5688,#924,.T.);
#4797=EDGE_CURVE('',#5688,#5687,#925,.T.);
#4798=EDGE_CURVE('',#5689,#5603,#926,.F.);
#4799=EDGE_CURVE('',#5689,#5688,#927,.T.);
#4800=EDGE_CURVE('',#5589,#5690,#928,.T.);
#4801=EDGE_CURVE('',#5690,#5689,#929,.F.);
#4802=EDGE_CURVE('',#5691,#5235,#366,.T.);
#4803=EDGE_CURVE('',#5236,#5692,#367,.T.);
#4804=EDGE_CURVE('',#5692,#5691,#930,.T.);
#4805=EDGE_CURVE('',#5693,#5239,#368,.T.);
#4806=EDGE_CURVE('',#5240,#5694,#369,.T.);
#4807=EDGE_CURVE('',#5694,#5693,#931,.T.);
#4808=EDGE_CURVE('',#5693,#5694,#6038,.T.);
#4809=EDGE_CURVE('',#5695,#5695,#6039,.F.);
#4810=EDGE_CURVE('',#5691,#5692,#6040,.T.);
#4811=EDGE_CURVE('',#5696,#5696,#6041,.F.);
#4812=EDGE_CURVE('',#5383,#5452,#932,.T.);
#4813=EDGE_CURVE('',#5354,#5435,#933,.F.);
#4814=EDGE_CURVE('',#5697,#5697,#6042,.T.);
#4815=EDGE_CURVE('',#5698,#5698,#6043,.T.);
#4816=EDGE_CURVE('',#5699,#5699,#6044,.T.);
#4817=EDGE_CURVE('',#5700,#5700,#6045,.T.);
#4818=EDGE_CURVE('',#5671,#5690,#934,.F.);
#4819=EDGE_CURVE('',#5701,#5670,#935,.T.);
#4820=EDGE_CURVE('',#5701,#5702,#936,.T.);
#4821=EDGE_CURVE('',#5702,#5633,#937,.T.);
#4822=EDGE_CURVE('',#5701,#5301,#938,.T.);
#4823=EDGE_CURVE('',#5702,#5300,#939,.T.);
#4824=EDGE_CURVE('',#5584,#5703,#940,.T.);
#4825=EDGE_CURVE('',#5704,#5703,#941,.F.);
#4826=EDGE_CURVE('',#5667,#5704,#942,.T.);
#4827=EDGE_CURVE('',#5705,#5704,#943,.T.);
#4828=EDGE_CURVE('',#5706,#5705,#944,.T.);
#4829=EDGE_CURVE('',#5707,#5706,#945,.T.);
#4830=EDGE_CURVE('',#5708,#5707,#946,.F.);
#4831=EDGE_CURVE('',#5708,#5709,#947,.T.);
#4832=EDGE_CURVE('',#5710,#5709,#948,.F.);
#4833=EDGE_CURVE('',#5711,#5710,#949,.T.);
#4834=EDGE_CURVE('',#5712,#5711,#950,.T.);
#4835=EDGE_CURVE('',#5713,#5712,#951,.T.);
#4836=EDGE_CURVE('',#5713,#5259,#952,.T.);
#4837=EDGE_CURVE('',#5714,#5258,#953,.T.);
#4838=EDGE_CURVE('',#5715,#5714,#954,.T.);
#4839=EDGE_CURVE('',#5716,#5715,#955,.F.);
#4840=EDGE_CURVE('',#5668,#5716,#956,.F.);
#4841=EDGE_CURVE('',#5705,#5703,#957,.T.);
#4842=EDGE_CURVE('',#5717,#5681,#958,.T.);
#4843=EDGE_CURVE('',#5717,#5635,#959,.F.);
#4844=EDGE_CURVE('',#5615,#5634,#960,.T.);
#4845=EDGE_CURVE('',#5615,#5297,#961,.T.);
#4846=EDGE_CURVE('',#5659,#5582,#962,.T.);
#4847=EDGE_CURVE('',#5604,#5718,#963,.F.);
#4848=EDGE_CURVE('',#5719,#5718,#964,.T.);
#4849=EDGE_CURVE('',#5703,#5719,#965,.T.);
#4850=EDGE_CURVE('',#5720,#5605,#966,.T.);
#4851=EDGE_CURVE('',#5718,#5720,#967,.F.);
#4852=EDGE_CURVE('',#5721,#5583,#968,.F.);
#4853=EDGE_CURVE('',#5720,#5721,#969,.T.);
#4854=EDGE_CURVE('',#5306,#5722,#370,.T.);
#4855=EDGE_CURVE('',#5722,#5672,#970,.T.);
#4856=EDGE_CURVE('',#5723,#5723,#6046,.F.);
#4857=EDGE_CURVE('',#5724,#5724,#6047,.T.);
#4858=EDGE_CURVE('',#5725,#5725,#6048,.F.);
#4859=EDGE_CURVE('',#5726,#5726,#6049,.T.);
#4860=EDGE_CURVE('',#5337,#5727,#371,.T.);
#4861=EDGE_CURVE('',#5727,#5728,#6050,.F.);
#4862=EDGE_CURVE('',#5336,#5728,#372,.T.);
#4863=EDGE_CURVE('',#5728,#5727,#6051,.F.);
#4864=EDGE_CURVE('',#5729,#5728,#971,.F.);
#4865=EDGE_CURVE('',#5729,#5730,#6052,.T.);
#4866=EDGE_CURVE('',#5727,#5730,#972,.T.);
#4867=EDGE_CURVE('',#5327,#5731,#373,.T.);
#4868=EDGE_CURVE('',#5731,#5732,#6053,.F.);
#4869=EDGE_CURVE('',#5326,#5732,#374,.T.);
#4870=EDGE_CURVE('',#5732,#5731,#6054,.F.);
#4871=EDGE_CURVE('',#5733,#5732,#973,.F.);
#4872=EDGE_CURVE('',#5733,#5734,#6055,.T.);
#4873=EDGE_CURVE('',#5731,#5734,#974,.T.);
#4874=EDGE_CURVE('',#5333,#5735,#375,.T.);
#4875=EDGE_CURVE('',#5735,#5736,#6056,.F.);
#4876=EDGE_CURVE('',#5334,#5736,#376,.T.);
#4877=EDGE_CURVE('',#5332,#5737,#377,.T.);
#4878=EDGE_CURVE('',#5737,#5735,#6057,.F.);
#4879=EDGE_CURVE('',#5331,#5738,#378,.T.);
#4880=EDGE_CURVE('',#5738,#5737,#6058,.F.);
#4881=EDGE_CURVE('',#5330,#5739,#379,.T.);
#4882=EDGE_CURVE('',#5739,#5738,#6059,.F.);
#4883=EDGE_CURVE('',#5328,#5740,#380,.T.);
#4884=EDGE_CURVE('',#5740,#5739,#6060,.F.);
#4885=EDGE_CURVE('',#5741,#5740,#6061,.F.);
#4886=EDGE_CURVE('',#5329,#5741,#381,.T.);
#4887=EDGE_CURVE('',#5742,#5741,#6062,.F.);
#4888=EDGE_CURVE('',#5335,#5742,#382,.T.);
#4889=EDGE_CURVE('',#5736,#5742,#6063,.F.);
#4890=EDGE_CURVE('',#5743,#5743,#6064,.T.);
#4891=EDGE_CURVE('',#5741,#5744,#975,.T.);
#4892=EDGE_CURVE('',#5744,#5745,#6065,.F.);
#4893=EDGE_CURVE('',#5745,#5746,#383,.T.);
#4894=EDGE_CURVE('',#5746,#5747,#6066,.F.);
#4895=EDGE_CURVE('',#5747,#5740,#976,.F.);
#4896=EDGE_CURVE('',#5748,#5742,#977,.F.);
#4897=EDGE_CURVE('',#5748,#5744,#6067,.T.);
#4898=EDGE_CURVE('',#5749,#5749,#6068,.T.);
#4899=EDGE_CURVE('',#5736,#5750,#978,.T.);
#4900=EDGE_CURVE('',#5750,#5751,#6069,.F.);
#4901=EDGE_CURVE('',#5751,#5752,#384,.T.);
#4902=EDGE_CURVE('',#5752,#5748,#6070,.F.);
#4903=EDGE_CURVE('',#5753,#5735,#979,.F.);
#4904=EDGE_CURVE('',#5753,#5750,#6071,.T.);
#4905=EDGE_CURVE('',#5428,#5754,#6072,.F.);
#4906=EDGE_CURVE('',#5754,#5755,#385,.F.);
#4907=EDGE_CURVE('',#5755,#5296,#386,.F.);
#4908=EDGE_CURVE('',#5754,#5756,#980,.T.);
#4909=EDGE_CURVE('',#5756,#5617,#981,.T.);
#4910=EDGE_CURVE('',#5755,#5616,#982,.T.);
#4911=EDGE_CURVE('',#5618,#5756,#6073,.T.);
#4912=EDGE_CURVE('',#5722,#5757,#983,.T.);
#4913=EDGE_CURVE('',#5757,#5672,#984,.F.);
#4914=EDGE_CURVE('',#5669,#5676,#985,.T.);
#4915=EDGE_CURVE('',#5676,#5304,#986,.T.);
#4916=EDGE_CURVE('',#5305,#5675,#387,.T.);
#4917=EDGE_CURVE('',#5675,#5757,#6074,.F.);
#4918=EDGE_CURVE('',#5757,#5758,#987,.T.);
#4919=EDGE_CURVE('',#5758,#5673,#988,.T.);
#4920=EDGE_CURVE('',#5379,#5261,#989,.T.);
#4921=EDGE_CURVE('',#5312,#5261,#990,.T.);
#4922=EDGE_CURVE('',#5260,#5759,#991,.T.);
#4923=EDGE_CURVE('',#5759,#5313,#992,.T.);
#4924=EDGE_CURVE('',#5359,#5308,#993,.T.);
#4925=EDGE_CURVE('',#5760,#5759,#994,.T.);
#4926=EDGE_CURVE('',#5760,#5314,#995,.T.);
#4927=EDGE_CURVE('',#5760,#5761,#996,.T.);
#4928=EDGE_CURVE('',#5761,#5315,#997,.T.);
#4929=EDGE_CURVE('',#5761,#5762,#998,.T.);
#4930=EDGE_CURVE('',#5762,#5316,#999,.T.);
#4931=EDGE_CURVE('',#5367,#5317,#1000,.T.);
#4932=EDGE_CURVE('',#5762,#5368,#1001,.T.);
#4933=EDGE_CURVE('',#5367,#5377,#1002,.T.);
#4934=EDGE_CURVE('',#5262,#5381,#1003,.T.);
#4935=EDGE_CURVE('',#5274,#5763,#1004,.T.);
#4936=EDGE_CURVE('',#5763,#5378,#1005,.T.);
#4937=EDGE_CURVE('',#5764,#5763,#1006,.T.);
#4938=EDGE_CURVE('',#5764,#5366,#1007,.T.);
#4939=EDGE_CURVE('',#5377,#5764,#1008,.T.);
#4940=EDGE_CURVE('',#5760,#5606,#1009,.T.);
#4941=EDGE_CURVE('',#5761,#5607,#1010,.T.);
#4942=EDGE_CURVE('',#5765,#5713,#1011,.T.);
#4943=EDGE_CURVE('',#5256,#5765,#1012,.T.);
#4944=EDGE_CURVE('',#5709,#5766,#1013,.T.);
#4945=EDGE_CURVE('',#5767,#5708,#1014,.T.);
#4946=EDGE_CURVE('',#5766,#5767,#1015,.T.);
#4947=EDGE_CURVE('',#5768,#5372,#1016,.T.);
#4948=EDGE_CURVE('',#5769,#5768,#1017,.T.);
#4949=EDGE_CURVE('',#5369,#5769,#1018,.T.);
#4950=EDGE_CURVE('',#5770,#5771,#1019,.T.);
#4951=EDGE_CURVE('',#5772,#5770,#1020,.T.);
#4952=EDGE_CURVE('',#5773,#5772,#1021,.T.);
#4953=EDGE_CURVE('',#5771,#5773,#1022,.T.);
#4954=EDGE_CURVE('',#5774,#5707,#1023,.T.);
#4955=EDGE_CURVE('',#5774,#5767,#1024,.T.);
#4956=EDGE_CURVE('',#5770,#5775,#1025,.T.);
#4957=EDGE_CURVE('',#5776,#5775,#1026,.T.);
#4958=EDGE_CURVE('',#5772,#5776,#1027,.T.);
#4959=EDGE_CURVE('',#5777,#5712,#1028,.T.);
#4960=EDGE_CURVE('',#5765,#5777,#1029,.T.);
#4961=EDGE_CURVE('',#5778,#5371,#1030,.T.);
#4962=EDGE_CURVE('',#5768,#5778,#1031,.T.);
#4963=EDGE_CURVE('',#5779,#5717,#1032,.T.);
#4964=EDGE_CURVE('',#5780,#5779,#1033,.T.);
#4965=EDGE_CURVE('',#5780,#5370,#1034,.T.);
#4966=EDGE_CURVE('',#5769,#5781,#1035,.T.);
#4967=EDGE_CURVE('',#5781,#5782,#1036,.T.);
#4968=EDGE_CURVE('',#5782,#5783,#1037,.T.);
#4969=EDGE_CURVE('',#5783,#5773,#1038,.T.);
#4970=EDGE_CURVE('',#5776,#5784,#1039,.T.);
#4971=EDGE_CURVE('',#5785,#5784,#1040,.T.);
#4972=EDGE_CURVE('',#5631,#5785,#1041,.F.);
#4973=EDGE_CURVE('',#5706,#5719,#1042,.T.);
#4974=EDGE_CURVE('',#5785,#5628,#1043,.T.);
#4975=EDGE_CURVE('',#5629,#5784,#1044,.T.);
#4976=EDGE_CURVE('',#5665,#5716,#1045,.T.);
#4977=EDGE_CURVE('',#5715,#5677,#1046,.T.);
#4978=EDGE_CURVE('',#5786,#5714,#1047,.T.);
#4979=EDGE_CURVE('',#5786,#5677,#1048,.T.);
#4980=EDGE_CURVE('',#5721,#5786,#1049,.T.);
#4981=EDGE_CURVE('',#5679,#5625,#1050,.F.);
#4982=EDGE_CURVE('',#5625,#5779,#1051,.T.);
#4983=EDGE_CURVE('',#5780,#5624,#1052,.T.);
#4984=EDGE_CURVE('',#5766,#5787,#1053,.T.);
#4985=EDGE_CURVE('',#5710,#5787,#1054,.T.);
#4986=EDGE_CURVE('',#5787,#5774,#1055,.T.);
#4987=EDGE_CURVE('',#5788,#5771,#1056,.T.);
#4988=EDGE_CURVE('',#5775,#5788,#1057,.F.);
#4989=EDGE_CURVE('',#5788,#5783,#1058,.T.);
#4990=EDGE_CURVE('',#5711,#5720,#1059,.T.);
#4991=EDGE_CURVE('',#5782,#5626,#1060,.T.);
#4992=EDGE_CURVE('',#5781,#5778,#1061,.T.);
#4993=EDGE_CURVE('',#5257,#5777,#1062,.T.);
#4994=EDGE_CURVE('',#5789,#5532,#1063,.T.);
#4995=EDGE_CURVE('',#5539,#5789,#1064,.T.);
#4996=EDGE_CURVE('',#5790,#5533,#1065,.T.);
#4997=EDGE_CURVE('',#5789,#5790,#1066,.T.);
#4998=EDGE_CURVE('',#5790,#5537,#1067,.T.);
#4999=EDGE_CURVE('',#5791,#5791,#6075,.T.);
#5000=EDGE_CURVE('',#5792,#5552,#1068,.T.);
#5001=EDGE_CURVE('',#5792,#5550,#1069,.T.);
#5002=EDGE_CURVE('',#5793,#5792,#1070,.T.);
#5003=EDGE_CURVE('',#5793,#5549,#1071,.T.);
#5004=EDGE_CURVE('',#5554,#5793,#1072,.T.);
#5005=EDGE_CURVE('',#5794,#5794,#6076,.T.);
#5006=EDGE_CURVE('',#5795,#5562,#1073,.T.);
#5007=EDGE_CURVE('',#5795,#5560,#1074,.T.);
#5008=EDGE_CURVE('',#5796,#5795,#1075,.T.);
#5009=EDGE_CURVE('',#5796,#5559,#1076,.T.);
#5010=EDGE_CURVE('',#5564,#5796,#1077,.T.);
#5011=EDGE_CURVE('',#5797,#5797,#6077,.T.);
#5012=EDGE_CURVE('',#5674,#5758,#6078,.T.);
#5013=EDGE_CURVE('',#5798,#5729,#6079,.F.);
#5014=EDGE_CURVE('',#5799,#5798,#6080,.T.);
#5015=EDGE_CURVE('',#5730,#5799,#6081,.F.);
#5016=EDGE_CURVE('',#5745,#5752,#6082,.T.);
#5017=EDGE_CURVE('',#5800,#5753,#6083,.F.);
#5018=EDGE_CURVE('',#5751,#5800,#6084,.T.);
#5019=EDGE_CURVE('',#5801,#5802,#6085,.F.);
#5020=EDGE_CURVE('',#5803,#5801,#6086,.T.);
#5021=EDGE_CURVE('',#5804,#5803,#6087,.F.);
#5022=EDGE_CURVE('',#5802,#5804,#6088,.T.);
#5023=EDGE_CURVE('',#5805,#5806,#6089,.F.);
#5024=EDGE_CURVE('',#5747,#5805,#6090,.T.);
#5025=EDGE_CURVE('',#5806,#5746,#6091,.T.);
#5026=EDGE_CURVE('',#5807,#5733,#6092,.F.);
#5027=EDGE_CURVE('',#5808,#5807,#6093,.T.);
#5028=EDGE_CURVE('',#5734,#5808,#6094,.F.);
#5029=EDGE_CURVE('',#5809,#5810,#1078,.T.);
#5030=EDGE_CURVE('',#5810,#5811,#6095,.T.);
#5031=EDGE_CURVE('',#5812,#5811,#1079,.T.);
#5032=EDGE_CURVE('',#5812,#5813,#6096,.T.);
#5033=EDGE_CURVE('',#5813,#5814,#1080,.T.);
#5034=EDGE_CURVE('',#5814,#5815,#6097,.T.);
#5035=EDGE_CURVE('',#5816,#5815,#1081,.T.);
#5036=EDGE_CURVE('',#5816,#5809,#6098,.T.);
#5037=EDGE_CURVE('',#5799,#5798,#388,.T.);
#5038=EDGE_CURVE('',#5817,#5817,#6099,.T.);
#5039=EDGE_CURVE('',#5737,#5804,#1082,.T.);
#5040=EDGE_CURVE('',#5803,#5800,#389,.T.);
#5041=EDGE_CURVE('',#5806,#5801,#390,.T.);
#5042=EDGE_CURVE('',#5818,#5818,#6100,.F.);
#5043=EDGE_CURVE('',#5819,#5820,#1083,.T.);
#5044=EDGE_CURVE('',#5820,#5821,#6101,.T.);
#5045=EDGE_CURVE('',#5822,#5821,#1084,.T.);
#5046=EDGE_CURVE('',#5822,#5823,#6102,.T.);
#5047=EDGE_CURVE('',#5823,#5824,#1085,.T.);
#5048=EDGE_CURVE('',#5824,#5825,#6103,.T.);
#5049=EDGE_CURVE('',#5826,#5825,#1086,.T.);
#5050=EDGE_CURVE('',#5826,#5819,#6104,.T.);
#5051=EDGE_CURVE('',#5808,#5807,#391,.T.);
#5052=EDGE_CURVE('',#5827,#5827,#6105,.T.);
#5053=EDGE_CURVE('',#5828,#5828,#6106,.F.);
#5054=EDGE_CURVE('',#5829,#5829,#6107,.T.);
#5055=EDGE_CURVE('',#5830,#5830,#6108,.F.);
#5056=EDGE_CURVE('',#5831,#5831,#6109,.F.);
#5057=EDGE_CURVE('',#5832,#5832,#6110,.F.);
#5058=EDGE_CURVE('',#5833,#5833,#6111,.T.);
#5059=EDGE_CURVE('',#5834,#5834,#6112,.F.);
#5060=EDGE_CURVE('',#5835,#5835,#6113,.T.);
#5061=EDGE_CURVE('',#5739,#5805,#1087,.T.);
#5062=EDGE_CURVE('',#5802,#5738,#1088,.F.);
#5063=EDGE_CURVE('',#5836,#5837,#1089,.F.);
#5064=EDGE_CURVE('',#5837,#5838,#1090,.T.);
#5065=EDGE_CURVE('',#5838,#5572,#1091,.T.);
#5066=EDGE_CURVE('',#5572,#5839,#1092,.T.);
#5067=EDGE_CURVE('',#5836,#5839,#1093,.T.);
#5068=EDGE_CURVE('',#5840,#5573,#1094,.T.);
#5069=EDGE_CURVE('',#5574,#5840,#1095,.T.);
#5070=EDGE_CURVE('',#5573,#5838,#1096,.T.);
#5071=EDGE_CURVE('',#5841,#5842,#1097,.F.);
#5072=EDGE_CURVE('',#5842,#5843,#1098,.T.);
#5073=EDGE_CURVE('',#5843,#5574,#1099,.T.);
#5074=EDGE_CURVE('',#5841,#5840,#1100,.T.);
#5075=EDGE_CURVE('',#5571,#5843,#1101,.T.);
#5076=EDGE_CURVE('',#5839,#5571,#1102,.T.);
#5077=EDGE_CURVE('',#5844,#5845,#1103,.F.);
#5078=EDGE_CURVE('',#5845,#5846,#6114,.T.);
#5079=EDGE_CURVE('',#5846,#5847,#1104,.T.);
#5080=EDGE_CURVE('',#5847,#5844,#6115,.T.);
#5081=EDGE_CURVE('',#5844,#5848,#1105,.T.);
#5082=EDGE_CURVE('',#5848,#5841,#1106,.T.);
#5083=EDGE_CURVE('',#5837,#5849,#1107,.T.);
#5084=EDGE_CURVE('',#5845,#5849,#1108,.T.);
#5085=EDGE_CURVE('',#5847,#5850,#1109,.T.);
#5086=EDGE_CURVE('',#5850,#5848,#6116,.T.);
#5087=EDGE_CURVE('',#5842,#5850,#1110,.T.);
#5088=EDGE_CURVE('',#5846,#5851,#1111,.T.);
#5089=EDGE_CURVE('',#5851,#5836,#1112,.T.);
#5090=EDGE_CURVE('',#5849,#5851,#6117,.T.);
#5091=EDGE_CURVE('',#5852,#5853,#1113,.F.);
#5092=EDGE_CURVE('',#5853,#5854,#1114,.T.);
#5093=EDGE_CURVE('',#5854,#5577,#1115,.T.);
#5094=EDGE_CURVE('',#5577,#5855,#1116,.T.);
#5095=EDGE_CURVE('',#5852,#5855,#1117,.T.);
#5096=EDGE_CURVE('',#5856,#5578,#1118,.T.);
#5097=EDGE_CURVE('',#5579,#5856,#1119,.T.);
#5098=EDGE_CURVE('',#5578,#5854,#1120,.T.);
#5099=EDGE_CURVE('',#5857,#5858,#1121,.F.);
#5100=EDGE_CURVE('',#5858,#5859,#1122,.T.);
#5101=EDGE_CURVE('',#5859,#5579,#1123,.T.);
#5102=EDGE_CURVE('',#5857,#5856,#1124,.T.);
#5103=EDGE_CURVE('',#5576,#5859,#1125,.T.);
#5104=EDGE_CURVE('',#5855,#5576,#1126,.T.);
#5105=EDGE_CURVE('',#5860,#5861,#1127,.F.);
#5106=EDGE_CURVE('',#5861,#5862,#6118,.T.);
#5107=EDGE_CURVE('',#5862,#5863,#1128,.T.);
#5108=EDGE_CURVE('',#5863,#5860,#6119,.T.);
#5109=EDGE_CURVE('',#5860,#5864,#1129,.T.);
#5110=EDGE_CURVE('',#5864,#5857,#1130,.T.);
#5111=EDGE_CURVE('',#5853,#5865,#1131,.T.);
#5112=EDGE_CURVE('',#5861,#5865,#1132,.T.);
#5113=EDGE_CURVE('',#5863,#5866,#1133,.T.);
#5114=EDGE_CURVE('',#5866,#5864,#6120,.T.);
#5115=EDGE_CURVE('',#5858,#5866,#1134,.T.);
#5116=EDGE_CURVE('',#5862,#5867,#1135,.T.);
#5117=EDGE_CURVE('',#5867,#5852,#1136,.T.);
#5118=EDGE_CURVE('',#5865,#5867,#6121,.T.);
#5119=EDGE_CURVE('',#5868,#5869,#1137,.F.);
#5120=EDGE_CURVE('',#5869,#5870,#1138,.T.);
#5121=EDGE_CURVE('',#5870,#5518,#1139,.T.);
#5122=EDGE_CURVE('',#5518,#5871,#1140,.T.);
#5123=EDGE_CURVE('',#5868,#5871,#1141,.T.);
#5124=EDGE_CURVE('',#5872,#5519,#1142,.T.);
#5125=EDGE_CURVE('',#5520,#5872,#1143,.T.);
#5126=EDGE_CURVE('',#5519,#5870,#1144,.T.);
#5127=EDGE_CURVE('',#5873,#5874,#1145,.F.);
#5128=EDGE_CURVE('',#5874,#5875,#1146,.T.);
#5129=EDGE_CURVE('',#5875,#5520,#1147,.T.);
#5130=EDGE_CURVE('',#5873,#5872,#1148,.T.);
#5131=EDGE_CURVE('',#5517,#5875,#1149,.T.);
#5132=EDGE_CURVE('',#5871,#5517,#1150,.T.);
#5133=EDGE_CURVE('',#5876,#5877,#1151,.F.);
#5134=EDGE_CURVE('',#5877,#5878,#6122,.T.);
#5135=EDGE_CURVE('',#5878,#5879,#1152,.T.);
#5136=EDGE_CURVE('',#5879,#5876,#6123,.T.);
#5137=EDGE_CURVE('',#5876,#5880,#1153,.T.);
#5138=EDGE_CURVE('',#5880,#5873,#1154,.T.);
#5139=EDGE_CURVE('',#5869,#5881,#1155,.T.);
#5140=EDGE_CURVE('',#5877,#5881,#1156,.T.);
#5141=EDGE_CURVE('',#5879,#5882,#1157,.T.);
#5142=EDGE_CURVE('',#5882,#5880,#6124,.T.);
#5143=EDGE_CURVE('',#5874,#5882,#1158,.T.);
#5144=EDGE_CURVE('',#5878,#5883,#1159,.T.);
#5145=EDGE_CURVE('',#5883,#5868,#1160,.T.);
#5146=EDGE_CURVE('',#5881,#5883,#6125,.T.);
#5147=EDGE_CURVE('',#5884,#5885,#1161,.F.);
#5148=EDGE_CURVE('',#5885,#5886,#1162,.T.);
#5149=EDGE_CURVE('',#5886,#5523,#1163,.T.);
#5150=EDGE_CURVE('',#5523,#5887,#1164,.T.);
#5151=EDGE_CURVE('',#5884,#5887,#1165,.T.);
#5152=EDGE_CURVE('',#5888,#5524,#1166,.T.);
#5153=EDGE_CURVE('',#5525,#5888,#1167,.T.);
#5154=EDGE_CURVE('',#5524,#5886,#1168,.T.);
#5155=EDGE_CURVE('',#5889,#5890,#1169,.F.);
#5156=EDGE_CURVE('',#5890,#5891,#1170,.T.);
#5157=EDGE_CURVE('',#5891,#5525,#1171,.T.);
#5158=EDGE_CURVE('',#5889,#5888,#1172,.T.);
#5159=EDGE_CURVE('',#5522,#5891,#1173,.T.);
#5160=EDGE_CURVE('',#5887,#5522,#1174,.T.);
#5161=EDGE_CURVE('',#5892,#5893,#1175,.F.);
#5162=EDGE_CURVE('',#5893,#5894,#6126,.T.);
#5163=EDGE_CURVE('',#5894,#5895,#1176,.T.);
#5164=EDGE_CURVE('',#5895,#5892,#6127,.T.);
#5165=EDGE_CURVE('',#5892,#5896,#1177,.T.);
#5166=EDGE_CURVE('',#5896,#5889,#1178,.T.);
#5167=EDGE_CURVE('',#5885,#5897,#1179,.T.);
#5168=EDGE_CURVE('',#5893,#5897,#1180,.T.);
#5169=EDGE_CURVE('',#5895,#5898,#1181,.T.);
#5170=EDGE_CURVE('',#5898,#5896,#6128,.T.);
#5171=EDGE_CURVE('',#5890,#5898,#1182,.T.);
#5172=EDGE_CURVE('',#5894,#5899,#1183,.T.);
#5173=EDGE_CURVE('',#5899,#5884,#1184,.T.);
#5174=EDGE_CURVE('',#5897,#5899,#6129,.T.);
#5175=EDGE_CURVE('',#5900,#5901,#1185,.F.);
#5176=EDGE_CURVE('',#5901,#5902,#1186,.T.);
#5177=EDGE_CURVE('',#5902,#5568,#1187,.T.);
#5178=EDGE_CURVE('',#5568,#5903,#1188,.T.);
#5179=EDGE_CURVE('',#5900,#5903,#1189,.T.);
#5180=EDGE_CURVE('',#5566,#5904,#1190,.T.);
#5181=EDGE_CURVE('',#5904,#5569,#1191,.T.);
#5182=EDGE_CURVE('',#5569,#5902,#1192,.T.);
#5183=EDGE_CURVE('',#5903,#5567,#1193,.T.);
#5184=EDGE_CURVE('',#5905,#5906,#1194,.F.);
#5185=EDGE_CURVE('',#5906,#5907,#1195,.T.);
#5186=EDGE_CURVE('',#5907,#5566,#1196,.T.);
#5187=EDGE_CURVE('',#5905,#5904,#1197,.T.);
#5188=EDGE_CURVE('',#5567,#5907,#1198,.T.);
#5189=EDGE_CURVE('',#5908,#5909,#1199,.F.);
#5190=EDGE_CURVE('',#5909,#5910,#1200,.T.);
#5191=EDGE_CURVE('',#5910,#5543,#1201,.T.);
#5192=EDGE_CURVE('',#5543,#5911,#1202,.T.);
#5193=EDGE_CURVE('',#5908,#5911,#1203,.T.);
#5194=EDGE_CURVE('',#5541,#5912,#1204,.T.);
#5195=EDGE_CURVE('',#5912,#5544,#1205,.T.);
#5196=EDGE_CURVE('',#5544,#5910,#1206,.T.);
#5197=EDGE_CURVE('',#5911,#5542,#1207,.T.);
#5198=EDGE_CURVE('',#5913,#5914,#1208,.F.);
#5199=EDGE_CURVE('',#5914,#5915,#1209,.T.);
#5200=EDGE_CURVE('',#5915,#5541,#1210,.T.);
#5201=EDGE_CURVE('',#5913,#5912,#1211,.T.);
#5202=EDGE_CURVE('',#5542,#5915,#1212,.T.);
#5203=EDGE_CURVE('',#5812,#5813,#1213,.T.);
#5204=EDGE_CURVE('',#5822,#5823,#1214,.T.);
#5205=EDGE_CURVE('',#5826,#5819,#1215,.F.);
#5206=EDGE_CURVE('',#5825,#5913,#1216,.T.);
#5207=EDGE_CURVE('',#5909,#5820,#1217,.T.);
#5208=EDGE_CURVE('',#5821,#5908,#1218,.T.);
#5209=EDGE_CURVE('',#5914,#5824,#1219,.T.);
#5210=EDGE_CURVE('',#5815,#5905,#1220,.T.);
#5211=EDGE_CURVE('',#5906,#5814,#1221,.T.);
#5212=EDGE_CURVE('',#5811,#5900,#1222,.T.);
#5213=EDGE_CURVE('',#5816,#5809,#1223,.F.);
#5214=EDGE_CURVE('',#5901,#5810,#1224,.T.);
#5215=EDGE_CURVE('',#5916,#5403,#1225,.T.);
#5216=EDGE_CURVE('',#5916,#5917,#1226,.T.);
#5217=EDGE_CURVE('',#5402,#5917,#1227,.T.);
#5218=EDGE_CURVE('',#5404,#5918,#1228,.T.);
#5219=EDGE_CURVE('',#5919,#5918,#1229,.T.);
#5220=EDGE_CURVE('',#5919,#5405,#1230,.T.);
#5221=EDGE_CURVE('',#5920,#5920,#6130,.T.);
#5222=EDGE_CURVE('',#5917,#5918,#1231,.T.);
#5223=EDGE_CURVE('',#5916,#5919,#1232,.T.);
#5224=EDGE_CURVE('',#5407,#5921,#1233,.T.);
#5225=EDGE_CURVE('',#5922,#5921,#1234,.T.);
#5226=EDGE_CURVE('',#5406,#5922,#1235,.T.);
#5227=EDGE_CURVE('',#5408,#5923,#1236,.T.);
#5228=EDGE_CURVE('',#5923,#5924,#1237,.T.);
#5229=EDGE_CURVE('',#5409,#5924,#1238,.T.);
#5230=EDGE_CURVE('',#5925,#5925,#6131,.F.);
#5231=EDGE_CURVE('',#5921,#5924,#1239,.T.);
#5232=EDGE_CURVE('',#5922,#5923,#1240,.T.);
#5233=VERTEX_POINT('',#10530);
#5234=VERTEX_POINT('',#10531);
#5235=VERTEX_POINT('',#10533);
#5236=VERTEX_POINT('',#10535);
#5237=VERTEX_POINT('',#10539);
#5238=VERTEX_POINT('',#10540);
#5239=VERTEX_POINT('',#10542);
#5240=VERTEX_POINT('',#10544);
#5241=VERTEX_POINT('',#10548);
#5242=VERTEX_POINT('',#10553);
#5243=VERTEX_POINT('',#10554);
#5244=VERTEX_POINT('',#10567);
#5245=VERTEX_POINT('',#10568);
#5246=VERTEX_POINT('',#10570);
#5247=VERTEX_POINT('',#10572);
#5248=VERTEX_POINT('',#10574);
#5249=VERTEX_POINT('',#10578);
#5250=VERTEX_POINT('',#10580);
#5251=VERTEX_POINT('',#10584);
#5252=VERTEX_POINT('',#10586);
#5253=VERTEX_POINT('',#10588);
#5254=VERTEX_POINT('',#10590);
#5255=VERTEX_POINT('',#10592);
#5256=VERTEX_POINT('',#10594);
#5257=VERTEX_POINT('',#10596);
#5258=VERTEX_POINT('',#10598);
#5259=VERTEX_POINT('',#10600);
#5260=VERTEX_POINT('',#10602);
#5261=VERTEX_POINT('',#10604);
#5262=VERTEX_POINT('',#10606);
#5263=VERTEX_POINT('',#10610);
#5264=VERTEX_POINT('',#10612);
#5265=VERTEX_POINT('',#10616);
#5266=VERTEX_POINT('',#10617);
#5267=VERTEX_POINT('',#10619);
#5268=VERTEX_POINT('',#10624);
#5269=VERTEX_POINT('',#10626);
#5270=VERTEX_POINT('',#10633);
#5271=VERTEX_POINT('',#10634);
#5272=VERTEX_POINT('',#10636);
#5273=VERTEX_POINT('',#10641);
#5274=VERTEX_POINT('',#10643);
#5275=VERTEX_POINT('',#10645);
#5276=VERTEX_POINT('',#10648);
#5277=VERTEX_POINT('',#10650);
#5278=VERTEX_POINT('',#10655);
#5279=VERTEX_POINT('',#10657);
#5280=VERTEX_POINT('',#10659);
#5281=VERTEX_POINT('',#10661);
#5282=VERTEX_POINT('',#10667);
#5283=VERTEX_POINT('',#10670);
#5284=VERTEX_POINT('',#10672);
#5285=VERTEX_POINT('',#10676);
#5286=VERTEX_POINT('',#10677);
#5287=VERTEX_POINT('',#10679);
#5288=VERTEX_POINT('',#10681);
#5289=VERTEX_POINT('',#10683);
#5290=VERTEX_POINT('',#10687);
#5291=VERTEX_POINT('',#10689);
#5292=VERTEX_POINT('',#10693);
#5293=VERTEX_POINT('',#10697);
#5294=VERTEX_POINT('',#10698);
#5295=VERTEX_POINT('',#10700);
#5296=VERTEX_POINT('',#10702);
#5297=VERTEX_POINT('',#10704);
#5298=VERTEX_POINT('',#10706);
#5299=VERTEX_POINT('',#10708);
#5300=VERTEX_POINT('',#10710);
#5301=VERTEX_POINT('',#10712);
#5302=VERTEX_POINT('',#10714);
#5303=VERTEX_POINT('',#10716);
#5304=VERTEX_POINT('',#10718);
#5305=VERTEX_POINT('',#10720);
#5306=VERTEX_POINT('',#10722);
#5307=VERTEX_POINT('',#10725);
#5308=VERTEX_POINT('',#10727);
#5309=VERTEX_POINT('',#10729);
#5310=VERTEX_POINT('',#10731);
#5311=VERTEX_POINT('',#10733);
#5312=VERTEX_POINT('',#10735);
#5313=VERTEX_POINT('',#10737);
#5314=VERTEX_POINT('',#10739);
#5315=VERTEX_POINT('',#10741);
#5316=VERTEX_POINT('',#10743);
#5317=VERTEX_POINT('',#10745);
#5318=VERTEX_POINT('',#10747);
#5319=VERTEX_POINT('',#10750);
#5320=VERTEX_POINT('',#10753);
#5321=VERTEX_POINT('',#10755);
#5322=VERTEX_POINT('',#10758);
#5323=VERTEX_POINT('',#10760);
#5324=VERTEX_POINT('',#10762);
#5325=VERTEX_POINT('',#10764);
#5326=VERTEX_POINT('',#10766);
#5327=VERTEX_POINT('',#10767);
#5328=VERTEX_POINT('',#10770);
#5329=VERTEX_POINT('',#10771);
#5330=VERTEX_POINT('',#10773);
#5331=VERTEX_POINT('',#10775);
#5332=VERTEX_POINT('',#10777);
#5333=VERTEX_POINT('',#10779);
#5334=VERTEX_POINT('',#10781);
#5335=VERTEX_POINT('',#10783);
#5336=VERTEX_POINT('',#10786);
#5337=VERTEX_POINT('',#10787);
#5338=VERTEX_POINT('',#10790);
#5339=VERTEX_POINT('',#10792);
#5340=VERTEX_POINT('',#10794);
#5341=VERTEX_POINT('',#10796);
#5342=VERTEX_POINT('',#10798);
#5343=VERTEX_POINT('',#10800);
#5344=VERTEX_POINT('',#10802);
#5345=VERTEX_POINT('',#10804);
#5346=VERTEX_POINT('',#10807);
#5347=VERTEX_POINT('',#10809);
#5348=VERTEX_POINT('',#10813);
#5349=VERTEX_POINT('',#10815);
#5350=VERTEX_POINT('',#10819);
#5351=VERTEX_POINT('',#10823);
#5352=VERTEX_POINT('',#10826);
#5353=VERTEX_POINT('',#10832);
#5354=VERTEX_POINT('',#10833);
#5355=VERTEX_POINT('',#10838);
#5356=VERTEX_POINT('',#10841);
#5357=VERTEX_POINT('',#10843);
#5358=VERTEX_POINT('',#10845);
#5359=VERTEX_POINT('',#10854);
#5360=VERTEX_POINT('',#10861);
#5361=VERTEX_POINT('',#10866);
#5362=VERTEX_POINT('',#10868);
#5363=VERTEX_POINT('',#10870);
#5364=VERTEX_POINT('',#10872);
#5365=VERTEX_POINT('',#10878);
#5366=VERTEX_POINT('',#10882);
#5367=VERTEX_POINT('',#10884);
#5368=VERTEX_POINT('',#10886);
#5369=VERTEX_POINT('',#10888);
#5370=VERTEX_POINT('',#10890);
#5371=VERTEX_POINT('',#10892);
#5372=VERTEX_POINT('',#10894);
#5373=VERTEX_POINT('',#10896);
#5374=VERTEX_POINT('',#10898);
#5375=VERTEX_POINT('',#10900);
#5376=VERTEX_POINT('',#10902);
#5377=VERTEX_POINT('',#10908);
#5378=VERTEX_POINT('',#10912);
#5379=VERTEX_POINT('',#10916);
#5380=VERTEX_POINT('',#10920);
#5381=VERTEX_POINT('',#10922);
#5382=VERTEX_POINT('',#10926);
#5383=VERTEX_POINT('',#10932);
#5384=VERTEX_POINT('',#10936);
#5385=VERTEX_POINT('',#10939);
#5386=VERTEX_POINT('',#10940);
#5387=VERTEX_POINT('',#10942);
#5388=VERTEX_POINT('',#10944);
#5389=VERTEX_POINT('',#10946);
#5390=VERTEX_POINT('',#10950);
#5391=VERTEX_POINT('',#10952);
#5392=VERTEX_POINT('',#10955);
#5393=VERTEX_POINT('',#10959);
#5394=VERTEX_POINT('',#10960);
#5395=VERTEX_POINT('',#10962);
#5396=VERTEX_POINT('',#10964);
#5397=VERTEX_POINT('',#10966);
#5398=VERTEX_POINT('',#10970);
#5399=VERTEX_POINT('',#10972);
#5400=VERTEX_POINT('',#10974);
#5401=VERTEX_POINT('',#10976);
#5402=VERTEX_POINT('',#10980);
#5403=VERTEX_POINT('',#10981);
#5404=VERTEX_POINT('',#10983);
#5405=VERTEX_POINT('',#10985);
#5406=VERTEX_POINT('',#10988);
#5407=VERTEX_POINT('',#10989);
#5408=VERTEX_POINT('',#10991);
#5409=VERTEX_POINT('',#10993);
#5410=VERTEX_POINT('',#10996);
#5411=VERTEX_POINT('',#10998);
#5412=VERTEX_POINT('',#11000);
#5413=VERTEX_POINT('',#11003);
#5414=VERTEX_POINT('',#11005);
#5415=VERTEX_POINT('',#11009);
#5416=VERTEX_POINT('',#11010);
#5417=VERTEX_POINT('',#11012);
#5418=VERTEX_POINT('',#11014);
#5419=VERTEX_POINT('',#11019);
#5420=VERTEX_POINT('',#11021);
#5421=VERTEX_POINT('',#11023);
#5422=VERTEX_POINT('',#11027);
#5423=VERTEX_POINT('',#11031);
#5424=VERTEX_POINT('',#11032);
#5425=VERTEX_POINT('',#11034);
#5426=VERTEX_POINT('',#11039);
#5427=VERTEX_POINT('',#11041);
#5428=VERTEX_POINT('',#11050);
#5429=VERTEX_POINT('',#11057);
#5430=VERTEX_POINT('',#11059);
#5431=VERTEX_POINT('',#11061);
#5432=VERTEX_POINT('',#11063);
#5433=VERTEX_POINT('',#11065);
#5434=VERTEX_POINT('',#11067);
#5435=VERTEX_POINT('',#11069);
#5436=VERTEX_POINT('',#11073);
#5437=VERTEX_POINT('',#11076);
#5438=VERTEX_POINT('',#11078);
#5439=VERTEX_POINT('',#11082);
#5440=VERTEX_POINT('',#11084);
#5441=VERTEX_POINT('',#11086);
#5442=VERTEX_POINT('',#11088);
#5443=VERTEX_POINT('',#11092);
#5444=VERTEX_POINT('',#11097);
#5445=VERTEX_POINT('',#11102);
#5446=VERTEX_POINT('',#11107);
#5447=VERTEX_POINT('',#11111);
#5448=VERTEX_POINT('',#11115);
#5449=VERTEX_POINT('',#11119);
#5450=VERTEX_POINT('',#11123);
#5451=VERTEX_POINT('',#11127);
#5452=VERTEX_POINT('',#11129);
#5453=VERTEX_POINT('',#11134);
#5454=VERTEX_POINT('',#11141);
#5455=VERTEX_POINT('',#11143);
#5456=VERTEX_POINT('',#11146);
#5457=VERTEX_POINT('',#11147);
#5458=VERTEX_POINT('',#11151);
#5459=VERTEX_POINT('',#11152);
#5460=VERTEX_POINT('',#11154);
#5461=VERTEX_POINT('',#11156);
#5462=VERTEX_POINT('',#11158);
#5463=VERTEX_POINT('',#11160);
#5464=VERTEX_POINT('',#11162);
#5465=VERTEX_POINT('',#11164);
#5466=VERTEX_POINT('',#11166);
#5467=VERTEX_POINT('',#11169);
#5468=VERTEX_POINT('',#11171);
#5469=VERTEX_POINT('',#11173);
#5470=VERTEX_POINT('',#11175);
#5471=VERTEX_POINT('',#11177);
#5472=VERTEX_POINT('',#11179);
#5473=VERTEX_POINT('',#11181);
#5474=VERTEX_POINT('',#11183);
#5475=VERTEX_POINT('',#11186);
#5476=VERTEX_POINT('',#11188);
#5477=VERTEX_POINT('',#11190);
#5478=VERTEX_POINT('',#11192);
#5479=VERTEX_POINT('',#11194);
#5480=VERTEX_POINT('',#11196);
#5481=VERTEX_POINT('',#11198);
#5482=VERTEX_POINT('',#11200);
#5483=VERTEX_POINT('',#11202);
#5484=VERTEX_POINT('',#11204);
#5485=VERTEX_POINT('',#11206);
#5486=VERTEX_POINT('',#11208);
#5487=VERTEX_POINT('',#11210);
#5488=VERTEX_POINT('',#11212);
#5489=VERTEX_POINT('',#11214);
#5490=VERTEX_POINT('',#11217);
#5491=VERTEX_POINT('',#11219);
#5492=VERTEX_POINT('',#11221);
#5493=VERTEX_POINT('',#11223);
#5494=VERTEX_POINT('',#11225);
#5495=VERTEX_POINT('',#11227);
#5496=VERTEX_POINT('',#11229);
#5497=VERTEX_POINT('',#11231);
#5498=VERTEX_POINT('',#11233);
#5499=VERTEX_POINT('',#11234);
#5500=VERTEX_POINT('',#11236);
#5501=VERTEX_POINT('',#11238);
#5502=VERTEX_POINT('',#11240);
#5503=VERTEX_POINT('',#11242);
#5504=VERTEX_POINT('',#11245);
#5505=VERTEX_POINT('',#11246);
#5506=VERTEX_POINT('',#11248);
#5507=VERTEX_POINT('',#11250);
#5508=VERTEX_POINT('',#11252);
#5509=VERTEX_POINT('',#11254);
#5510=VERTEX_POINT('',#11257);
#5511=VERTEX_POINT('',#11258);
#5512=VERTEX_POINT('',#11260);
#5513=VERTEX_POINT('',#11262);
#5514=VERTEX_POINT('',#11264);
#5515=VERTEX_POINT('',#11266);
#5516=VERTEX_POINT('',#11269);
#5517=VERTEX_POINT('',#11272);
#5518=VERTEX_POINT('',#11273);
#5519=VERTEX_POINT('',#11275);
#5520=VERTEX_POINT('',#11277);
#5521=VERTEX_POINT('',#11281);
#5522=VERTEX_POINT('',#11284);
#5523=VERTEX_POINT('',#11285);
#5524=VERTEX_POINT('',#11287);
#5525=VERTEX_POINT('',#11289);
#5526=VERTEX_POINT('',#11293);
#5527=VERTEX_POINT('',#11296);
#5528=VERTEX_POINT('',#11299);
#5529=VERTEX_POINT('',#11302);
#5530=VERTEX_POINT('',#11305);
#5531=VERTEX_POINT('',#11307);
#5532=VERTEX_POINT('',#11311);
#5533=VERTEX_POINT('',#11315);
#5534=VERTEX_POINT('',#11319);
#5535=VERTEX_POINT('',#11323);
#5536=VERTEX_POINT('',#11329);
#5537=VERTEX_POINT('',#11331);
#5538=VERTEX_POINT('',#11335);
#5539=VERTEX_POINT('',#11339);
#5540=VERTEX_POINT('',#11343);
#5541=VERTEX_POINT('',#11346);
#5542=VERTEX_POINT('',#11347);
#5543=VERTEX_POINT('',#11349);
#5544=VERTEX_POINT('',#11351);
#5545=VERTEX_POINT('',#11355);
#5546=VERTEX_POINT('',#11357);
#5547=VERTEX_POINT('',#11361);
#5548=VERTEX_POINT('',#11362);
#5549=VERTEX_POINT('',#11369);
#5550=VERTEX_POINT('',#11373);
#5551=VERTEX_POINT('',#11379);
#5552=VERTEX_POINT('',#11381);
#5553=VERTEX_POINT('',#11385);
#5554=VERTEX_POINT('',#11389);
#5555=VERTEX_POINT('',#11393);
#5556=VERTEX_POINT('',#11395);
#5557=VERTEX_POINT('',#11399);
#5558=VERTEX_POINT('',#11400);
#5559=VERTEX_POINT('',#11407);
#5560=VERTEX_POINT('',#11411);
#5561=VERTEX_POINT('',#11417);
#5562=VERTEX_POINT('',#11419);
#5563=VERTEX_POINT('',#11423);
#5564=VERTEX_POINT('',#11427);
#5565=VERTEX_POINT('',#11431);
#5566=VERTEX_POINT('',#11434);
#5567=VERTEX_POINT('',#11435);
#5568=VERTEX_POINT('',#11437);
#5569=VERTEX_POINT('',#11439);
#5570=VERTEX_POINT('',#11443);
#5571=VERTEX_POINT('',#11446);
#5572=VERTEX_POINT('',#11447);
#5573=VERTEX_POINT('',#11449);
#5574=VERTEX_POINT('',#11451);
#5575=VERTEX_POINT('',#11455);
#5576=VERTEX_POINT('',#11458);
#5577=VERTEX_POINT('',#11459);
#5578=VERTEX_POINT('',#11461);
#5579=VERTEX_POINT('',#11463);
#5580=VERTEX_POINT('',#11472);
#5581=VERTEX_POINT('',#11476);
#5582=VERTEX_POINT('',#11485);
#5583=VERTEX_POINT('',#11486);
#5584=VERTEX_POINT('',#11491);
#5585=VERTEX_POINT('',#11492);
#5586=VERTEX_POINT('',#11497);
#5587=VERTEX_POINT('',#11501);
#5588=VERTEX_POINT('',#11503);
#5589=VERTEX_POINT('',#11507);
#5590=VERTEX_POINT('',#11511);
#5591=VERTEX_POINT('',#11515);
#5592=VERTEX_POINT('',#11519);
#5593=VERTEX_POINT('',#11523);
#5594=VERTEX_POINT('',#11525);
#5595=VERTEX_POINT('',#11529);
#5596=VERTEX_POINT('',#11531);
#5597=VERTEX_POINT('',#11535);
#5598=VERTEX_POINT('',#11539);
#5599=VERTEX_POINT('',#11543);
#5600=VERTEX_POINT('',#11549);
#5601=VERTEX_POINT('',#11553);
#5602=VERTEX_POINT('',#11559);
#5603=VERTEX_POINT('',#11563);
#5604=VERTEX_POINT('',#11571);
#5605=VERTEX_POINT('',#11575);
#5606=VERTEX_POINT('',#11591);
#5607=VERTEX_POINT('',#11595);
#5608=VERTEX_POINT('',#11603);
#5609=VERTEX_POINT('',#11605);
#5610=VERTEX_POINT('',#11607);
#5611=VERTEX_POINT('',#11609);
#5612=VERTEX_POINT('',#11611);
#5613=VERTEX_POINT('',#11613);
#5614=VERTEX_POINT('',#11615);
#5615=VERTEX_POINT('',#11617);
#5616=VERTEX_POINT('',#11619);
#5617=VERTEX_POINT('',#11621);
#5618=VERTEX_POINT('',#11623);
#5619=VERTEX_POINT('',#11626);
#5620=VERTEX_POINT('',#11629);
#5621=VERTEX_POINT('',#11631);
#5622=VERTEX_POINT('',#11633);
#5623=VERTEX_POINT('',#11641);
#5624=VERTEX_POINT('',#11643);
#5625=VERTEX_POINT('',#11645);
#5626=VERTEX_POINT('',#11649);
#5627=VERTEX_POINT('',#11653);
#5628=VERTEX_POINT('',#11657);
#5629=VERTEX_POINT('',#11659);
#5630=VERTEX_POINT('',#11663);
#5631=VERTEX_POINT('',#11665);
#5632=VERTEX_POINT('',#11669);
#5633=VERTEX_POINT('',#11671);
#5634=VERTEX_POINT('',#11674);
#5635=VERTEX_POINT('',#11676);
#5636=VERTEX_POINT('',#11679);
#5637=VERTEX_POINT('',#11682);
#5638=VERTEX_POINT('',#11686);
#5639=VERTEX_POINT('',#11690);
#5640=VERTEX_POINT('',#11697);
#5641=VERTEX_POINT('',#11700);
#5642=VERTEX_POINT('',#11703);
#5643=VERTEX_POINT('',#11706);
#5644=VERTEX_POINT('',#11709);
#5645=VERTEX_POINT('',#11712);
#5646=VERTEX_POINT('',#11715);
#5647=VERTEX_POINT('',#11719);
#5648=VERTEX_POINT('',#11723);
#5649=VERTEX_POINT('',#11725);
#5650=VERTEX_POINT('',#11729);
#5651=VERTEX_POINT('',#11731);
#5652=VERTEX_POINT('',#11735);
#5653=VERTEX_POINT('',#11736);
#5654=VERTEX_POINT('',#11738);
#5655=VERTEX_POINT('',#11740);
#5656=VERTEX_POINT('',#11748);
#5657=VERTEX_POINT('',#11752);
#5658=VERTEX_POINT('',#11754);
#5659=VERTEX_POINT('',#11756);
#5660=VERTEX_POINT('',#11764);
#5661=VERTEX_POINT('',#11766);
#5662=VERTEX_POINT('',#11768);
#5663=VERTEX_POINT('',#11772);
#5664=VERTEX_POINT('',#11774);
#5665=VERTEX_POINT('',#11778);
#5666=VERTEX_POINT('',#11779);
#5667=VERTEX_POINT('',#11784);
#5668=VERTEX_POINT('',#11786);
#5669=VERTEX_POINT('',#11788);
#5670=VERTEX_POINT('',#11791);
#5671=VERTEX_POINT('',#11793);
#5672=VERTEX_POINT('',#11797);
#5673=VERTEX_POINT('',#11799);
#5674=VERTEX_POINT('',#11801);
#5675=VERTEX_POINT('',#11803);
#5676=VERTEX_POINT('',#11805);
#5677=VERTEX_POINT('',#11810);
#5678=VERTEX_POINT('',#11814);
#5679=VERTEX_POINT('',#11816);
#5680=VERTEX_POINT('',#11818);
#5681=VERTEX_POINT('',#11822);
#5682=VERTEX_POINT('',#11823);
#5683=VERTEX_POINT('',#11836);
#5684=VERTEX_POINT('',#11840);
#5685=VERTEX_POINT('',#11844);
#5686=VERTEX_POINT('',#11848);
#5687=VERTEX_POINT('',#11852);
#5688=VERTEX_POINT('',#11856);
#5689=VERTEX_POINT('',#11860);
#5690=VERTEX_POINT('',#11864);
#5691=VERTEX_POINT('',#11871);
#5692=VERTEX_POINT('',#11876);
#5693=VERTEX_POINT('',#11883);
#5694=VERTEX_POINT('',#11888);
#5695=VERTEX_POINT('',#11894);
#5696=VERTEX_POINT('',#11899);
#5697=VERTEX_POINT('',#11909);
#5698=VERTEX_POINT('',#11912);
#5699=VERTEX_POINT('',#11915);
#5700=VERTEX_POINT('',#11918);
#5701=VERTEX_POINT('',#11922);
#5702=VERTEX_POINT('',#11924);
#5703=VERTEX_POINT('',#11933);
#5704=VERTEX_POINT('',#11935);
#5705=VERTEX_POINT('',#11940);
#5706=VERTEX_POINT('',#11942);
#5707=VERTEX_POINT('',#11944);
#5708=VERTEX_POINT('',#11946);
#5709=VERTEX_POINT('',#11948);
#5710=VERTEX_POINT('',#11950);
#5711=VERTEX_POINT('',#11952);
#5712=VERTEX_POINT('',#11954);
#5713=VERTEX_POINT('',#11956);
#5714=VERTEX_POINT('',#11959);
#5715=VERTEX_POINT('',#11961);
#5716=VERTEX_POINT('',#11963);
#5717=VERTEX_POINT('',#11969);
#5718=VERTEX_POINT('',#11978);
#5719=VERTEX_POINT('',#11980);
#5720=VERTEX_POINT('',#11984);
#5721=VERTEX_POINT('',#11988);
#5722=VERTEX_POINT('',#11995);
#5723=VERTEX_POINT('',#11999);
#5724=VERTEX_POINT('',#12002);
#5725=VERTEX_POINT('',#12005);
#5726=VERTEX_POINT('',#12008);
#5727=VERTEX_POINT('',#12014);
#5728=VERTEX_POINT('',#12016);
#5729=VERTEX_POINT('',#12025);
#5730=VERTEX_POINT('',#12027);
#5731=VERTEX_POINT('',#12034);
#5732=VERTEX_POINT('',#12036);
#5733=VERTEX_POINT('',#12045);
#5734=VERTEX_POINT('',#12047);
#5735=VERTEX_POINT('',#12054);
#5736=VERTEX_POINT('',#12056);
#5737=VERTEX_POINT('',#12066);
#5738=VERTEX_POINT('',#12073);
#5739=VERTEX_POINT('',#12080);
#5740=VERTEX_POINT('',#12087);
#5741=VERTEX_POINT('',#12091);
#5742=VERTEX_POINT('',#12098);
#5743=VERTEX_POINT('',#12107);
#5744=VERTEX_POINT('',#12109);
#5745=VERTEX_POINT('',#12111);
#5746=VERTEX_POINT('',#12116);
#5747=VERTEX_POINT('',#12118);
#5748=VERTEX_POINT('',#12122);
#5749=VERTEX_POINT('',#12126);
#5750=VERTEX_POINT('',#12128);
#5751=VERTEX_POINT('',#12130);
#5752=VERTEX_POINT('',#12135);
#5753=VERTEX_POINT('',#12139);
#5754=VERTEX_POINT('',#12143);
#5755=VERTEX_POINT('',#12148);
#5756=VERTEX_POINT('',#12155);
#5757=VERTEX_POINT('',#12162);
#5758=VERTEX_POINT('',#12177);
#5759=VERTEX_POINT('',#12184);
#5760=VERTEX_POINT('',#12190);
#5761=VERTEX_POINT('',#12194);
#5762=VERTEX_POINT('',#12198);
#5763=VERTEX_POINT('',#12211);
#5764=VERTEX_POINT('',#12215);
#5765=VERTEX_POINT('',#12226);
#5766=VERTEX_POINT('',#12229);
#5767=VERTEX_POINT('',#12231);
#5768=VERTEX_POINT('',#12235);
#5769=VERTEX_POINT('',#12237);
#5770=VERTEX_POINT('',#12240);
#5771=VERTEX_POINT('',#12241);
#5772=VERTEX_POINT('',#12243);
#5773=VERTEX_POINT('',#12245);
#5774=VERTEX_POINT('',#12249);
#5775=VERTEX_POINT('',#12253);
#5776=VERTEX_POINT('',#12255);
#5777=VERTEX_POINT('',#12259);
#5778=VERTEX_POINT('',#12263);
#5779=VERTEX_POINT('',#12267);
#5780=VERTEX_POINT('',#12269);
#5781=VERTEX_POINT('',#12272);
#5782=VERTEX_POINT('',#12274);
#5783=VERTEX_POINT('',#12276);
#5784=VERTEX_POINT('',#12279);
#5785=VERTEX_POINT('',#12281);
#5786=VERTEX_POINT('',#12294);
#5787=VERTEX_POINT('',#12306);
#5788=VERTEX_POINT('',#12312);
#5789=VERTEX_POINT('',#12327);
#5790=VERTEX_POINT('',#12331);
#5791=VERTEX_POINT('',#12337);
#5792=VERTEX_POINT('',#12340);
#5793=VERTEX_POINT('',#12344);
#5794=VERTEX_POINT('',#12350);
#5795=VERTEX_POINT('',#12353);
#5796=VERTEX_POINT('',#12357);
#5797=VERTEX_POINT('',#12363);
#5798=VERTEX_POINT('',#12370);
#5799=VERTEX_POINT('',#12372);
#5800=VERTEX_POINT('',#12379);
#5801=VERTEX_POINT('',#12383);
#5802=VERTEX_POINT('',#12384);
#5803=VERTEX_POINT('',#12386);
#5804=VERTEX_POINT('',#12388);
#5805=VERTEX_POINT('',#12392);
#5806=VERTEX_POINT('',#12393);
#5807=VERTEX_POINT('',#12398);
#5808=VERTEX_POINT('',#12400);
#5809=VERTEX_POINT('',#12404);
#5810=VERTEX_POINT('',#12405);
#5811=VERTEX_POINT('',#12407);
#5812=VERTEX_POINT('',#12409);
#5813=VERTEX_POINT('',#12411);
#5814=VERTEX_POINT('',#12413);
#5815=VERTEX_POINT('',#12415);
#5816=VERTEX_POINT('',#12417);
#5817=VERTEX_POINT('',#12425);
#5818=VERTEX_POINT('',#12437);
#5819=VERTEX_POINT('',#12440);
#5820=VERTEX_POINT('',#12441);
#5821=VERTEX_POINT('',#12443);
#5822=VERTEX_POINT('',#12445);
#5823=VERTEX_POINT('',#12447);
#5824=VERTEX_POINT('',#12449);
#5825=VERTEX_POINT('',#12451);
#5826=VERTEX_POINT('',#12453);
#5827=VERTEX_POINT('',#12462);
#5828=VERTEX_POINT('',#12464);
#5829=VERTEX_POINT('',#12468);
#5830=VERTEX_POINT('',#12470);
#5831=VERTEX_POINT('',#12474);
#5832=VERTEX_POINT('',#12477);
#5833=VERTEX_POINT('',#12482);
#5834=VERTEX_POINT('',#12485);
#5835=VERTEX_POINT('',#12488);
#5836=VERTEX_POINT('',#12496);
#5837=VERTEX_POINT('',#12497);
#5838=VERTEX_POINT('',#12499);
#5839=VERTEX_POINT('',#12502);
#5840=VERTEX_POINT('',#12506);
#5841=VERTEX_POINT('',#12512);
#5842=VERTEX_POINT('',#12513);
#5843=VERTEX_POINT('',#12515);
#5844=VERTEX_POINT('',#12524);
#5845=VERTEX_POINT('',#12525);
#5846=VERTEX_POINT('',#12527);
#5847=VERTEX_POINT('',#12529);
#5848=VERTEX_POINT('',#12533);
#5849=VERTEX_POINT('',#12536);
#5850=VERTEX_POINT('',#12540);
#5851=VERTEX_POINT('',#12546);
#5852=VERTEX_POINT('',#12553);
#5853=VERTEX_POINT('',#12554);
#5854=VERTEX_POINT('',#12556);
#5855=VERTEX_POINT('',#12559);
#5856=VERTEX_POINT('',#12563);
#5857=VERTEX_POINT('',#12569);
#5858=VERTEX_POINT('',#12570);
#5859=VERTEX_POINT('',#12572);
#5860=VERTEX_POINT('',#12581);
#5861=VERTEX_POINT('',#12582);
#5862=VERTEX_POINT('',#12584);
#5863=VERTEX_POINT('',#12586);
#5864=VERTEX_POINT('',#12590);
#5865=VERTEX_POINT('',#12593);
#5866=VERTEX_POINT('',#12597);
#5867=VERTEX_POINT('',#12603);
#5868=VERTEX_POINT('',#12610);
#5869=VERTEX_POINT('',#12611);
#5870=VERTEX_POINT('',#12613);
#5871=VERTEX_POINT('',#12616);
#5872=VERTEX_POINT('',#12620);
#5873=VERTEX_POINT('',#12626);
#5874=VERTEX_POINT('',#12627);
#5875=VERTEX_POINT('',#12629);
#5876=VERTEX_POINT('',#12638);
#5877=VERTEX_POINT('',#12639);
#5878=VERTEX_POINT('',#12641);
#5879=VERTEX_POINT('',#12643);
#5880=VERTEX_POINT('',#12647);
#5881=VERTEX_POINT('',#12650);
#5882=VERTEX_POINT('',#12654);
#5883=VERTEX_POINT('',#12660);
#5884=VERTEX_POINT('',#12667);
#5885=VERTEX_POINT('',#12668);
#5886=VERTEX_POINT('',#12670);
#5887=VERTEX_POINT('',#12673);
#5888=VERTEX_POINT('',#12677);
#5889=VERTEX_POINT('',#12683);
#5890=VERTEX_POINT('',#12684);
#5891=VERTEX_POINT('',#12686);
#5892=VERTEX_POINT('',#12695);
#5893=VERTEX_POINT('',#12696);
#5894=VERTEX_POINT('',#12698);
#5895=VERTEX_POINT('',#12700);
#5896=VERTEX_POINT('',#12704);
#5897=VERTEX_POINT('',#12707);
#5898=VERTEX_POINT('',#12711);
#5899=VERTEX_POINT('',#12717);
#5900=VERTEX_POINT('',#12724);
#5901=VERTEX_POINT('',#12725);
#5902=VERTEX_POINT('',#12727);
#5903=VERTEX_POINT('',#12730);
#5904=VERTEX_POINT('',#12734);
#5905=VERTEX_POINT('',#12742);
#5906=VERTEX_POINT('',#12743);
#5907=VERTEX_POINT('',#12745);
#5908=VERTEX_POINT('',#12752);
#5909=VERTEX_POINT('',#12753);
#5910=VERTEX_POINT('',#12755);
#5911=VERTEX_POINT('',#12758);
#5912=VERTEX_POINT('',#12762);
#5913=VERTEX_POINT('',#12770);
#5914=VERTEX_POINT('',#12771);
#5915=VERTEX_POINT('',#12773);
#5916=VERTEX_POINT('',#12806);
#5917=VERTEX_POINT('',#12808);
#5918=VERTEX_POINT('',#12812);
#5919=VERTEX_POINT('',#12814);
#5920=VERTEX_POINT('',#12817);
#5921=VERTEX_POINT('',#12825);
#5922=VERTEX_POINT('',#12827);
#5923=VERTEX_POINT('',#12831);
#5924=VERTEX_POINT('',#12833);
#5925=VERTEX_POINT('',#12836);
#5926=CIRCLE('',#7779,2.78180971105312);
#5927=CIRCLE('',#7780,2.78180971105312);
#5928=CIRCLE('',#7782,2.78180971105313);
#5929=CIRCLE('',#7783,2.78180971105313);
#5930=CIRCLE('',#7785,2.3);
#5931=CIRCLE('',#7786,2.7);
#5932=CIRCLE('',#7795,1.7);
#5933=CIRCLE('',#7796,1.7);
#5934=CIRCLE('',#7797,1.7);
#5935=CIRCLE('',#7798,1.7);
#5936=CIRCLE('',#7799,1.7);
#5937=CIRCLE('',#7800,1.7);
#5938=CIRCLE('',#7806,3.4);
#5939=CIRCLE('',#7807,3.4);
#5940=CIRCLE('',#7808,1.7);
#5941=CIRCLE('',#7809,1.7);
#5942=CIRCLE('',#7810,1.7);
#5943=CIRCLE('',#7811,1.7);
#5944=CIRCLE('',#7812,1.6);
#5945=CIRCLE('',#7813,2.75);
#5946=CIRCLE('',#7814,3.45);
#5947=CIRCLE('',#7815,3.3);
#5948=CIRCLE('',#7816,3.45);
#5949=CIRCLE('',#7817,3.3);
#5950=CIRCLE('',#7818,3.45);
#5951=CIRCLE('',#7819,3.3);
#5952=CIRCLE('',#7820,3.45);
#5953=CIRCLE('',#7821,3.3);
#5954=CIRCLE('',#7822,3.45);
#5955=CIRCLE('',#7823,3.3);
#5956=CIRCLE('',#7824,3.45);
#5957=CIRCLE('',#7825,3.3);
#5958=CIRCLE('',#7826,2.75);
#5959=CIRCLE('',#7827,1.7);
#5960=CIRCLE('',#7828,1.7);
#5961=CIRCLE('',#7829,1.2);
#5962=CIRCLE('',#7830,1.2);
#5963=CIRCLE('',#7831,1.6);
#5964=CIRCLE('',#7832,1.6);
#5965=CIRCLE('',#7833,1.6);
#5966=CIRCLE('',#7838,1.7);
#5967=CIRCLE('',#7840,1.7);
#5968=CIRCLE('',#7842,1.7);
#5969=CIRCLE('',#7843,1.7);
#5970=CIRCLE('',#7844,1.7);
#5971=CIRCLE('',#7845,1.7);
#5972=CIRCLE('',#7860,1.6);
#5973=CIRCLE('',#7876,1.6);
#5974=CIRCLE('',#7893,1.25);
#5975=CIRCLE('',#7894,1.65);
#5976=CIRCLE('',#7896,2.7);
#5977=CIRCLE('',#7897,5.3584610717825);
#5978=CIRCLE('',#7898,5.3584610717825);
#5979=CIRCLE('',#7899,1.65);
#5980=CIRCLE('',#7900,2.);
#5981=CIRCLE('',#7901,1.65);
#5982=CIRCLE('',#7902,1.65);
#5983=CIRCLE('',#7903,2.7);
#5984=CIRCLE('',#7904,2.7);
#5985=CIRCLE('',#7905,1.65);
#5986=CIRCLE('',#7906,1.65);
#5987=CIRCLE('',#7907,2.);
#5988=CIRCLE('',#7909,1.25);
#5989=CIRCLE('',#7910,1.25);
#5990=CIRCLE('',#7911,1.25);
#5991=CIRCLE('',#7912,1.25);
#5992=CIRCLE('',#7914,1.25);
#5993=CIRCLE('',#7916,1.25);
#5994=CIRCLE('',#7917,1.25);
#5995=CIRCLE('',#7918,1.25);
#5996=CIRCLE('',#7919,1.25);
#5997=CIRCLE('',#7921,1.6);
#5998=CIRCLE('',#7923,1.6);
#5999=CIRCLE('',#7925,1.6);
#6000=CIRCLE('',#7927,1.6);
#6001=CIRCLE('',#7938,1.25);
#6002=CIRCLE('',#7940,1.25);
#6003=CIRCLE('',#7941,1.25);
#6004=CIRCLE('',#7942,1.25);
#6005=CIRCLE('',#7943,1.25);
#6006=CIRCLE('',#7963,1.25);
#6007=CIRCLE('',#7965,1.25);
#6008=CIRCLE('',#7966,1.25);
#6009=CIRCLE('',#7967,1.25);
#6010=CIRCLE('',#7968,1.25);
#6011=CIRCLE('',#7970,1.25);
#6012=CIRCLE('',#7972,1.25);
#6013=CIRCLE('',#7973,1.25);
#6014=CIRCLE('',#7974,1.25);
#6015=CIRCLE('',#7975,1.25);
#6016=CIRCLE('',#7977,1.25);
#6017=CIRCLE('',#7979,1.25);
#6018=CIRCLE('',#7980,1.25);
#6019=CIRCLE('',#7981,1.25);
#6020=CIRCLE('',#7982,1.25);
#6021=CIRCLE('',#8023,4.29999892799372);
#6022=CIRCLE('',#8024,2.3);
#6023=CIRCLE('',#8032,2.3);
#6024=CIRCLE('',#8036,2.3);
#6025=CIRCLE('',#8038,2.3);
#6026=CIRCLE('',#8040,2.3);
#6027=CIRCLE('',#8042,2.3);
#6028=CIRCLE('',#8044,2.3);
#6029=CIRCLE('',#8046,2.3);
#6030=CIRCLE('',#8048,2.3);
#6031=CIRCLE('',#8050,2.3);
#6032=CIRCLE('',#8053,2.3);
#6033=CIRCLE('',#8056,2.3);
#6034=CIRCLE('',#8057,2.3);
#6035=CIRCLE('',#8060,2.3);
#6036=CIRCLE('',#8061,2.3);
#6037=CIRCLE('',#8065,4.29999892799372);
#6038=CIRCLE('',#8094,2.75383898627573);
#6039=CIRCLE('',#8096,2.73985362388702);
#6040=CIRCLE('',#8098,2.75383898627573);
#6041=CIRCLE('',#8100,2.73985362388702);
#6042=CIRCLE('',#8107,1.2);
#6043=CIRCLE('',#8109,1.2);
#6044=CIRCLE('',#8111,1.7);
#6045=CIRCLE('',#8113,1.7);
#6046=CIRCLE('',#8130,2.35);
#6047=CIRCLE('',#8132,2.35);
#6048=CIRCLE('',#8134,2.35);
#6049=CIRCLE('',#8136,2.35);
#6050=CIRCLE('',#8138,3.05);
#6051=CIRCLE('',#8140,2.9);
#6052=CIRCLE('',#8142,2.9);
#6053=CIRCLE('',#8144,3.05);
#6054=CIRCLE('',#8146,2.9);
#6055=CIRCLE('',#8148,2.9);
#6056=CIRCLE('',#8150,2.9);
#6057=CIRCLE('',#8152,3.05);
#6058=CIRCLE('',#8154,2.9);
#6059=CIRCLE('',#8156,3.05);
#6060=CIRCLE('',#8158,2.9);
#6061=CIRCLE('',#8160,3.05);
#6062=CIRCLE('',#8162,2.9);
#6063=CIRCLE('',#8164,3.05);
#6064=CIRCLE('',#8166,3.05);
#6065=CIRCLE('',#8167,3.05);
#6066=CIRCLE('',#8168,3.05);
#6067=CIRCLE('',#8170,2.9);
#6068=CIRCLE('',#8172,3.05);
#6069=CIRCLE('',#8173,3.05);
#6070=CIRCLE('',#8174,3.05);
#6071=CIRCLE('',#8176,2.9);
#6072=CIRCLE('',#8178,3.);
#6073=CIRCLE('',#8181,3.);
#6074=CIRCLE('',#8186,3.);
#6075=CIRCLE('',#8235,1.55);
#6076=CIRCLE('',#8240,1.55);
#6077=CIRCLE('',#8245,1.55);
#6078=CIRCLE('',#8248,3.);
#6079=CIRCLE('',#8251,3.05);
#6080=CIRCLE('',#8252,2.7000000000323);
#6081=CIRCLE('',#8253,3.05);
#6082=CIRCLE('',#8256,2.70000000001615);
#6083=CIRCLE('',#8258,3.05);
#6084=CIRCLE('',#8259,2.7000000000323);
#6085=CIRCLE('',#8261,3.05);
#6086=CIRCLE('',#8262,2.70000000001615);
#6087=CIRCLE('',#8263,3.05);
#6088=CIRCLE('',#8264,2.9);
#6089=CIRCLE('',#8266,3.05);
#6090=CIRCLE('',#8267,2.9);
#6091=CIRCLE('',#8268,2.70000000001615);
#6092=CIRCLE('',#8270,3.05);
#6093=CIRCLE('',#8271,2.7000000000323);
#6094=CIRCLE('',#8272,3.05);
#6095=CIRCLE('',#8274,3.05);
#6096=CIRCLE('',#8275,3.05);
#6097=CIRCLE('',#8276,3.05);
#6098=CIRCLE('',#8277,3.05);
#6099=CIRCLE('',#8279,3.05);
#6100=CIRCLE('',#8281,1.6);
#6101=CIRCLE('',#8283,3.05);
#6102=CIRCLE('',#8284,3.05);
#6103=CIRCLE('',#8285,3.05);
#6104=CIRCLE('',#8286,3.05);
#6105=CIRCLE('',#8289,1.6);
#6106=CIRCLE('',#8290,1.55);
#6107=CIRCLE('',#8293,1.6);
#6108=CIRCLE('',#8294,1.55);
#6109=CIRCLE('',#8297,1.6);
#6110=CIRCLE('',#8299,1.6);
#6111=CIRCLE('',#8303,1.6);
#6112=CIRCLE('',#8305,1.55);
#6113=CIRCLE('',#8307,3.05);
#6114=CIRCLE('',#8318,3.025);
#6115=CIRCLE('',#8319,3.025);
#6116=CIRCLE('',#8322,3.025);
#6117=CIRCLE('',#8326,3.025);
#6118=CIRCLE('',#8335,3.025);
#6119=CIRCLE('',#8336,3.025);
#6120=CIRCLE('',#8339,3.025);
#6121=CIRCLE('',#8343,3.025);
#6122=CIRCLE('',#8352,3.025);
#6123=CIRCLE('',#8353,3.025);
#6124=CIRCLE('',#8356,3.025);
#6125=CIRCLE('',#8360,3.025);
#6126=CIRCLE('',#8369,3.025);
#6127=CIRCLE('',#8370,3.025);
#6128=CIRCLE('',#8373,3.025);
#6129=CIRCLE('',#8377,3.025);
#6130=CIRCLE('',#8407,1.6);
#6131=CIRCLE('',#8413,1.6);
#6132=EDGE_LOOP('',(#2053,#2054,#2055,#2056));
#6133=EDGE_LOOP('',(#2057,#2058,#2059,#2060));
#6134=EDGE_LOOP('',(#2061));
#6135=EDGE_LOOP('',(#2062,#2063));
#6136=EDGE_LOOP('',(#2064,#2065,#2066,#2067));
#6137=EDGE_LOOP('',(#2068,#2069,#2070,#2071));
#6138=EDGE_LOOP('',(#2072,#2073,#2074,#2075,#2076));
#6139=EDGE_LOOP('',(#2077,#2078,#2079,#2080));
#6140=EDGE_LOOP('',(#2081,#2082,#2083,#2084,#2085,#2086,#2087,#2088,#2089,
#2090,#2091,#2092,#2093,#2094,#2095));
#6141=EDGE_LOOP('',(#2096,#2097,#2098,#2099,#2100));
#6142=EDGE_LOOP('',(#2101,#2102,#2103,#2104,#2105));
#6143=EDGE_LOOP('',(#2106,#2107,#2108,#2109,#2110,#2111,#2112,#2113,#2114,
#2115,#2116,#2117,#2118,#2119));
#6144=EDGE_LOOP('',(#2120));
#6145=EDGE_LOOP('',(#2121,#2122,#2123,#2124,#2125));
#6146=EDGE_LOOP('',(#2126,#2127,#2128,#2129,#2130));
#6147=EDGE_LOOP('',(#2131,#2132,#2133,#2134));
#6148=EDGE_LOOP('',(#2135,#2136,#2137,#2138));
#6149=EDGE_LOOP('',(#2139,#2140,#2141,#2142,#2143,#2144,#2145,#2146,#2147,
#2148,#2149,#2150,#2151,#2152));
#6150=EDGE_LOOP('',(#2153,#2154,#2155,#2156,#2157,#2158,#2159,#2160,#2161,
#2162,#2163,#2164,#2165,#2166,#2167,#2168,#2169,#2170,#2171,#2172,#2173,
#2174));
#6151=EDGE_LOOP('',(#2175));
#6152=EDGE_LOOP('',(#2176));
#6153=EDGE_LOOP('',(#2177));
#6154=EDGE_LOOP('',(#2178));
#6155=EDGE_LOOP('',(#2179,#2180));
#6156=EDGE_LOOP('',(#2181,#2182,#2183,#2184,#2185,#2186,#2187,#2188));
#6157=EDGE_LOOP('',(#2189,#2190));
#6158=EDGE_LOOP('',(#2191));
#6159=EDGE_LOOP('',(#2192));
#6160=EDGE_LOOP('',(#2193));
#6161=EDGE_LOOP('',(#2194));
#6162=EDGE_LOOP('',(#2195));
#6163=EDGE_LOOP('',(#2196));
#6164=EDGE_LOOP('',(#2197));
#6165=EDGE_LOOP('',(#2198));
#6166=EDGE_LOOP('',(#2199,#2200,#2201,#2202));
#6167=EDGE_LOOP('',(#2203,#2204,#2205,#2206,#2207));
#6168=EDGE_LOOP('',(#2208,#2209,#2210,#2211));
#6169=EDGE_LOOP('',(#2212));
#6170=EDGE_LOOP('',(#2213));
#6171=EDGE_LOOP('',(#2214));
#6172=EDGE_LOOP('',(#2215));
#6173=EDGE_LOOP('',(#2216,#2217,#2218,#2219,#2220,#2221,#2222,#2223,#2224,
#2225,#2226,#2227,#2228,#2229,#2230));
#6174=EDGE_LOOP('',(#2231));
#6175=EDGE_LOOP('',(#2232,#2233,#2234));
#6176=EDGE_LOOP('',(#2235,#2236,#2237,#2238,#2239,#2240));
#6177=EDGE_LOOP('',(#2241,#2242,#2243,#2244));
#6178=EDGE_LOOP('',(#2245,#2246,#2247,#2248,#2249));
#6179=EDGE_LOOP('',(#2250,#2251,#2252,#2253,#2254,#2255,#2256,#2257,#2258,
#2259,#2260,#2261,#2262,#2263,#2264));
#6180=EDGE_LOOP('',(#2265,#2266,#2267,#2268));
#6181=EDGE_LOOP('',(#2269,#2270,#2271,#2272));
#6182=EDGE_LOOP('',(#2273,#2274,#2275,#2276,#2277));
#6183=EDGE_LOOP('',(#2278,#2279,#2280,#2281));
#6184=EDGE_LOOP('',(#2282,#2283,#2284,#2285,#2286));
#6185=EDGE_LOOP('',(#2287,#2288,#2289,#2290));
#6186=EDGE_LOOP('',(#2291,#2292,#2293,#2294,#2295));
#6187=EDGE_LOOP('',(#2296,#2297,#2298,#2299));
#6188=EDGE_LOOP('',(#2300));
#6189=EDGE_LOOP('',(#2301));
#6190=EDGE_LOOP('',(#2302,#2303,#2304,#2305,#2306));
#6191=EDGE_LOOP('',(#2307,#2308,#2309,#2310,#2311,#2312,#2313));
#6192=EDGE_LOOP('',(#2314,#2315,#2316,#2317,#2318));
#6193=EDGE_LOOP('',(#2319,#2320,#2321,#2322,#2323,#2324));
#6194=EDGE_LOOP('',(#2325,#2326,#2327,#2328));
#6195=EDGE_LOOP('',(#2329,#2330,#2331,#2332));
#6196=EDGE_LOOP('',(#2333,#2334,#2335,#2336,#2337,#2338,#2339,#2340,#2341,
#2342));
#6197=EDGE_LOOP('',(#2343,#2344,#2345,#2346,#2347,#2348));
#6198=EDGE_LOOP('',(#2349,#2350,#2351,#2352,#2353));
#6199=EDGE_LOOP('',(#2354,#2355,#2356,#2357,#2358,#2359));
#6200=EDGE_LOOP('',(#2360,#2361,#2362,#2363,#2364,#2365));
#6201=EDGE_LOOP('',(#2366,#2367,#2368,#2369,#2370));
#6202=EDGE_LOOP('',(#2371,#2372,#2373,#2374));
#6203=EDGE_LOOP('',(#2375,#2376,#2377,#2378,#2379,#2380));
#6204=EDGE_LOOP('',(#2381,#2382,#2383,#2384,#2385));
#6205=EDGE_LOOP('',(#2386,#2387,#2388,#2389,#2390,#2391,#2392,#2393,#2394,
#2395,#2396,#2397,#2398,#2399));
#6206=EDGE_LOOP('',(#2400));
#6207=EDGE_LOOP('',(#2401));
#6208=EDGE_LOOP('',(#2402,#2403,#2404,#2405));
#6209=EDGE_LOOP('',(#2406,#2407,#2408,#2409,#2410,#2411));
#6210=EDGE_LOOP('',(#2412,#2413,#2414));
#6211=EDGE_LOOP('',(#2415,#2416,#2417));
#6212=EDGE_LOOP('',(#2418,#2419,#2420,#2421));
#6213=EDGE_LOOP('',(#2422,#2423,#2424,#2425));
#6214=EDGE_LOOP('',(#2426,#2427,#2428,#2429));
#6215=EDGE_LOOP('',(#2430,#2431,#2432,#2433));
#6216=EDGE_LOOP('',(#2434,#2435,#2436,#2437));
#6217=EDGE_LOOP('',(#2438,#2439,#2440,#2441));
#6218=EDGE_LOOP('',(#2442,#2443,#2444,#2445,#2446));
#6219=EDGE_LOOP('',(#2447,#2448,#2449,#2450,#2451,#2452,#2453));
#6220=EDGE_LOOP('',(#2454,#2455,#2456,#2457,#2458));
#6221=EDGE_LOOP('',(#2459,#2460,#2461,#2462,#2463,#2464,#2465,#2466));
#6222=EDGE_LOOP('',(#2467,#2468,#2469,#2470,#2471,#2472,#2473,#2474));
#6223=EDGE_LOOP('',(#2475));
#6224=EDGE_LOOP('',(#2476));
#6225=EDGE_LOOP('',(#2477,#2478));
#6226=EDGE_LOOP('',(#2479,#2480));
#6227=EDGE_LOOP('',(#2481,#2482,#2483,#2484,#2485,#2486,#2487,#2488,#2489,
#2490,#2491,#2492,#2493,#2494,#2495,#2496,#2497,#2498,#2499,#2500,#2501,
#2502,#2503,#2504,#2505,#2506,#2507,#2508,#2509,#2510,#2511,#2512,#2513,
#2514,#2515,#2516,#2517,#2518));
#6228=EDGE_LOOP('',(#2519));
#6229=EDGE_LOOP('',(#2520));
#6230=EDGE_LOOP('',(#2521));
#6231=EDGE_LOOP('',(#2522));
#6232=EDGE_LOOP('',(#2523));
#6233=EDGE_LOOP('',(#2524));
#6234=EDGE_LOOP('',(#2525));
#6235=EDGE_LOOP('',(#2526));
#6236=EDGE_LOOP('',(#2527,#2528,#2529,#2530,#2531,#2532));
#6237=EDGE_LOOP('',(#2533,#2534,#2535,#2536,#2537,#2538));
#6238=EDGE_LOOP('',(#2539,#2540,#2541,#2542,#2543,#2544));
#6239=EDGE_LOOP('',(#2545));
#6240=EDGE_LOOP('',(#2546));
#6241=EDGE_LOOP('',(#2547,#2548,#2549,#2550));
#6242=EDGE_LOOP('',(#2551));
#6243=EDGE_LOOP('',(#2552));
#6244=EDGE_LOOP('',(#2553));
#6245=EDGE_LOOP('',(#2554,#2555,#2556,#2557));
#6246=EDGE_LOOP('',(#2558));
#6247=EDGE_LOOP('',(#2559));
#6248=EDGE_LOOP('',(#2560));
#6249=EDGE_LOOP('',(#2561));
#6250=EDGE_LOOP('',(#2562));
#6251=EDGE_LOOP('',(#2563));
#6252=EDGE_LOOP('',(#2564));
#6253=EDGE_LOOP('',(#2565));
#6254=EDGE_LOOP('',(#2566));
#6255=EDGE_LOOP('',(#2567,#2568,#2569,#2570));
#6256=EDGE_LOOP('',(#2571,#2572,#2573,#2574));
#6257=EDGE_LOOP('',(#2575,#2576,#2577,#2578));
#6258=EDGE_LOOP('',(#2579,#2580,#2581,#2582));
#6259=EDGE_LOOP('',(#2583,#2584,#2585,#2586));
#6260=EDGE_LOOP('',(#2587,#2588,#2589,#2590));
#6261=EDGE_LOOP('',(#2591,#2592,#2593,#2594));
#6262=EDGE_LOOP('',(#2595,#2596,#2597,#2598));
#6263=EDGE_LOOP('',(#2599,#2600,#2601,#2602));
#6264=EDGE_LOOP('',(#2603));
#6265=EDGE_LOOP('',(#2604));
#6266=EDGE_LOOP('',(#2605));
#6267=EDGE_LOOP('',(#2606,#2607,#2608,#2609));
#6268=EDGE_LOOP('',(#2610,#2611,#2612,#2613));
#6269=EDGE_LOOP('',(#2614,#2615,#2616,#2617));
#6270=EDGE_LOOP('',(#2618,#2619,#2620,#2621));
#6271=EDGE_LOOP('',(#2622,#2623,#2624,#2625));
#6272=EDGE_LOOP('',(#2626,#2627,#2628,#2629));
#6273=EDGE_LOOP('',(#2630,#2631,#2632,#2633));
#6274=EDGE_LOOP('',(#2634,#2635,#2636,#2637));
#6275=EDGE_LOOP('',(#2638,#2639,#2640,#2641));
#6276=EDGE_LOOP('',(#2642,#2643,#2644,#2645));
#6277=EDGE_LOOP('',(#2646,#2647,#2648,#2649));
#6278=EDGE_LOOP('',(#2650,#2651,#2652,#2653));
#6279=EDGE_LOOP('',(#2654,#2655,#2656,#2657));
#6280=EDGE_LOOP('',(#2658,#2659,#2660,#2661));
#6281=EDGE_LOOP('',(#2662,#2663,#2664,#2665));
#6282=EDGE_LOOP('',(#2666,#2667,#2668,#2669));
#6283=EDGE_LOOP('',(#2670,#2671,#2672,#2673));
#6284=EDGE_LOOP('',(#2674,#2675,#2676,#2677));
#6285=EDGE_LOOP('',(#2678,#2679,#2680,#2681));
#6286=EDGE_LOOP('',(#2682));
#6287=EDGE_LOOP('',(#2683));
#6288=EDGE_LOOP('',(#2684));
#6289=EDGE_LOOP('',(#2685,#2686,#2687,#2688));
#6290=EDGE_LOOP('',(#2689));
#6291=EDGE_LOOP('',(#2690));
#6292=EDGE_LOOP('',(#2691,#2692,#2693,#2694));
#6293=EDGE_LOOP('',(#2695));
#6294=EDGE_LOOP('',(#2696));
#6295=EDGE_LOOP('',(#2697));
#6296=EDGE_LOOP('',(#2698,#2699,#2700,#2701));
#6297=EDGE_LOOP('',(#2702));
#6298=EDGE_LOOP('',(#2703,#2704,#2705,#2706));
#6299=EDGE_LOOP('',(#2707,#2708,#2709,#2710,#2711));
#6300=EDGE_LOOP('',(#2712,#2713,#2714,#2715));
#6301=EDGE_LOOP('',(#2716,#2717,#2718,#2719));
#6302=EDGE_LOOP('',(#2720,#2721,#2722,#2723));
#6303=EDGE_LOOP('',(#2724,#2725,#2726,#2727));
#6304=EDGE_LOOP('',(#2728,#2729,#2730,#2731));
#6305=EDGE_LOOP('',(#2732,#2733,#2734,#2735));
#6306=EDGE_LOOP('',(#2736,#2737,#2738,#2739));
#6307=EDGE_LOOP('',(#2740,#2741,#2742,#2743));
#6308=EDGE_LOOP('',(#2744,#2745,#2746,#2747));
#6309=EDGE_LOOP('',(#2748,#2749,#2750,#2751));
#6310=EDGE_LOOP('',(#2752,#2753,#2754,#2755));
#6311=EDGE_LOOP('',(#2756,#2757,#2758,#2759));
#6312=EDGE_LOOP('',(#2760,#2761,#2762,#2763));
#6313=EDGE_LOOP('',(#2764,#2765,#2766,#2767));
#6314=EDGE_LOOP('',(#2768,#2769,#2770,#2771));
#6315=EDGE_LOOP('',(#2772,#2773,#2774,#2775));
#6316=EDGE_LOOP('',(#2776,#2777,#2778,#2779));
#6317=EDGE_LOOP('',(#2780,#2781,#2782,#2783));
#6318=EDGE_LOOP('',(#2784,#2785,#2786,#2787));
#6319=EDGE_LOOP('',(#2788,#2789,#2790,#2791));
#6320=EDGE_LOOP('',(#2792,#2793,#2794,#2795));
#6321=EDGE_LOOP('',(#2796,#2797,#2798,#2799));
#6322=EDGE_LOOP('',(#2800,#2801,#2802,#2803));
#6323=EDGE_LOOP('',(#2804,#2805,#2806,#2807));
#6324=EDGE_LOOP('',(#2808,#2809,#2810,#2811));
#6325=EDGE_LOOP('',(#2812,#2813,#2814,#2815));
#6326=EDGE_LOOP('',(#2816,#2817,#2818,#2819));
#6327=EDGE_LOOP('',(#2820,#2821,#2822,#2823,#2824));
#6328=EDGE_LOOP('',(#2825,#2826,#2827,#2828));
#6329=EDGE_LOOP('',(#2829,#2830,#2831,#2832));
#6330=EDGE_LOOP('',(#2833,#2834,#2835,#2836));
#6331=EDGE_LOOP('',(#2837,#2838,#2839,#2840));
#6332=EDGE_LOOP('',(#2841,#2842,#2843,#2844));
#6333=EDGE_LOOP('',(#2845,#2846,#2847,#2848));
#6334=EDGE_LOOP('',(#2849,#2850,#2851,#2852));
#6335=EDGE_LOOP('',(#2853,#2854,#2855,#2856));
#6336=EDGE_LOOP('',(#2857,#2858,#2859,#2860));
#6337=EDGE_LOOP('',(#2861,#2862,#2863,#2864,#2865,#2866,#2867,#2868,#2869,
#2870,#2871,#2872,#2873,#2874,#2875));
#6338=EDGE_LOOP('',(#2876));
#6339=EDGE_LOOP('',(#2877,#2878,#2879,#2880,#2881,#2882));
#6340=EDGE_LOOP('',(#2883,#2884,#2885,#2886,#2887,#2888));
#6341=EDGE_LOOP('',(#2889,#2890,#2891,#2892));
#6342=EDGE_LOOP('',(#2893,#2894,#2895,#2896));
#6343=EDGE_LOOP('',(#2897,#2898,#2899,#2900,#2901));
#6344=EDGE_LOOP('',(#2902,#2903,#2904,#2905,#2906));
#6345=EDGE_LOOP('',(#2907,#2908,#2909,#2910,#2911,#2912,#2913,#2914,#2915));
#6346=EDGE_LOOP('',(#2916));
#6347=EDGE_LOOP('',(#2917,#2918,#2919,#2920));
#6348=EDGE_LOOP('',(#2921,#2922,#2923,#2924));
#6349=EDGE_LOOP('',(#2925));
#6350=EDGE_LOOP('',(#2926,#2927));
#6351=EDGE_LOOP('',(#2928));
#6352=EDGE_LOOP('',(#2929));
#6353=EDGE_LOOP('',(#2930));
#6354=EDGE_LOOP('',(#2931));
#6355=EDGE_LOOP('',(#2932));
#6356=EDGE_LOOP('',(#2933));
#6357=EDGE_LOOP('',(#2934));
#6358=EDGE_LOOP('',(#2935));
#6359=EDGE_LOOP('',(#2936));
#6360=EDGE_LOOP('',(#2937));
#6361=EDGE_LOOP('',(#2938));
#6362=EDGE_LOOP('',(#2939));
#6363=EDGE_LOOP('',(#2940));
#6364=EDGE_LOOP('',(#2941));
#6365=EDGE_LOOP('',(#2942));
#6366=EDGE_LOOP('',(#2943));
#6367=EDGE_LOOP('',(#2944));
#6368=EDGE_LOOP('',(#2945));
#6369=EDGE_LOOP('',(#2946));
#6370=EDGE_LOOP('',(#2947));
#6371=EDGE_LOOP('',(#2948));
#6372=EDGE_LOOP('',(#2949));
#6373=EDGE_LOOP('',(#2950));
#6374=EDGE_LOOP('',(#2951));
#6375=EDGE_LOOP('',(#2952,#2953,#2954,#2955));
#6376=EDGE_LOOP('',(#2956,#2957,#2958));
#6377=EDGE_LOOP('',(#2959,#2960,#2961,#2962,#2963));
#6378=EDGE_LOOP('',(#2964,#2965,#2966));
#6379=EDGE_LOOP('',(#2967,#2968,#2969,#2970));
#6380=EDGE_LOOP('',(#2971,#2972,#2973,#2974,#2975));
#6381=EDGE_LOOP('',(#2976,#2977,#2978,#2979));
#6382=EDGE_LOOP('',(#2980,#2981,#2982,#2983));
#6383=EDGE_LOOP('',(#2984,#2985,#2986,#2987,#2988,#2989,#2990,#2991,#2992));
#6384=EDGE_LOOP('',(#2993));
#6385=EDGE_LOOP('',(#2994,#2995,#2996,#2997,#2998,#2999,#3000,#3001,#3002,
#3003,#3004,#3005,#3006,#3007,#3008));
#6386=EDGE_LOOP('',(#3009));
#6387=EDGE_LOOP('',(#3010,#3011,#3012,#3013));
#6388=EDGE_LOOP('',(#3014,#3015,#3016,#3017,#3018));
#6389=EDGE_LOOP('',(#3019,#3020,#3021,#3022));
#6390=EDGE_LOOP('',(#3023,#3024,#3025,#3026));
#6391=EDGE_LOOP('',(#3027,#3028,#3029,#3030,#3031));
#6392=EDGE_LOOP('',(#3032));
#6393=EDGE_LOOP('',(#3033));
#6394=EDGE_LOOP('',(#3034));
#6395=EDGE_LOOP('',(#3035));
#6396=EDGE_LOOP('',(#3036));
#6397=EDGE_LOOP('',(#3037));
#6398=EDGE_LOOP('',(#3038));
#6399=EDGE_LOOP('',(#3039));
#6400=EDGE_LOOP('',(#3040,#3041,#3042,#3043));
#6401=EDGE_LOOP('',(#3044,#3045,#3046,#3047));
#6402=EDGE_LOOP('',(#3048,#3049,#3050,#3051));
#6403=EDGE_LOOP('',(#3052,#3053,#3054,#3055));
#6404=EDGE_LOOP('',(#3056,#3057,#3058,#3059));
#6405=EDGE_LOOP('',(#3060,#3061,#3062,#3063));
#6406=EDGE_LOOP('',(#3064,#3065,#3066,#3067));
#6407=EDGE_LOOP('',(#3068,#3069,#3070,#3071));
#6408=EDGE_LOOP('',(#3072,#3073,#3074,#3075));
#6409=EDGE_LOOP('',(#3076,#3077,#3078,#3079));
#6410=EDGE_LOOP('',(#3080,#3081));
#6411=EDGE_LOOP('',(#3082));
#6412=EDGE_LOOP('',(#3083,#3084,#3085,#3086));
#6413=EDGE_LOOP('',(#3087,#3088));
#6414=EDGE_LOOP('',(#3089));
#6415=EDGE_LOOP('',(#3090,#3091,#3092,#3093));
#6416=EDGE_LOOP('',(#3094,#3095,#3096,#3097,#3098));
#6417=EDGE_LOOP('',(#3099,#3100,#3101,#3102,#3103));
#6418=EDGE_LOOP('',(#3104,#3105,#3106,#3107,#3108,#3109,#3110));
#6419=EDGE_LOOP('',(#3111,#3112,#3113,#3114));
#6420=EDGE_LOOP('',(#3115,#3116,#3117,#3118,#3119));
#6421=EDGE_LOOP('',(#3120));
#6422=EDGE_LOOP('',(#3121));
#6423=EDGE_LOOP('',(#3122));
#6424=EDGE_LOOP('',(#3123));
#6425=EDGE_LOOP('',(#3124));
#6426=EDGE_LOOP('',(#3125));
#6427=EDGE_LOOP('',(#3126));
#6428=EDGE_LOOP('',(#3127));
#6429=EDGE_LOOP('',(#3128,#3129,#3130,#3131,#3132,#3133,#3134,#3135,#3136,
#3137,#3138,#3139,#3140,#3141,#3142,#3143));
#6430=EDGE_LOOP('',(#3144));
#6431=EDGE_LOOP('',(#3145));
#6432=EDGE_LOOP('',(#3146));
#6433=EDGE_LOOP('',(#3147));
#6434=EDGE_LOOP('',(#3148));
#6435=EDGE_LOOP('',(#3149));
#6436=EDGE_LOOP('',(#3150,#3151,#3152,#3153));
#6437=EDGE_LOOP('',(#3154,#3155,#3156,#3157));
#6438=EDGE_LOOP('',(#3158,#3159,#3160,#3161));
#6439=EDGE_LOOP('',(#3162,#3163,#3164,#3165,#3166));
#6440=EDGE_LOOP('',(#3167,#3168,#3169,#3170));
#6441=EDGE_LOOP('',(#3171,#3172,#3173,#3174,#3175,#3176,#3177,#3178,#3179,
#3180,#3181,#3182,#3183,#3184,#3185,#3186,#3187));
#6442=EDGE_LOOP('',(#3188,#3189,#3190));
#6443=EDGE_LOOP('',(#3191,#3192,#3193,#3194,#3195,#3196));
#6444=EDGE_LOOP('',(#3197,#3198,#3199,#3200));
#6445=EDGE_LOOP('',(#3201,#3202,#3203,#3204,#3205,#3206));
#6446=EDGE_LOOP('',(#3207,#3208,#3209,#3210,#3211));
#6447=EDGE_LOOP('',(#3212,#3213,#3214,#3215));
#6448=EDGE_LOOP('',(#3216,#3217,#3218,#3219));
#6449=EDGE_LOOP('',(#3220,#3221,#3222,#3223,#3224,#3225));
#6450=EDGE_LOOP('',(#3226));
#6451=EDGE_LOOP('',(#3227));
#6452=EDGE_LOOP('',(#3228));
#6453=EDGE_LOOP('',(#3229));
#6454=EDGE_LOOP('',(#3230));
#6455=EDGE_LOOP('',(#3231));
#6456=EDGE_LOOP('',(#3232));
#6457=EDGE_LOOP('',(#3233));
#6458=EDGE_LOOP('',(#3234,#3235,#3236,#3237));
#6459=EDGE_LOOP('',(#3238,#3239,#3240,#3241));
#6460=EDGE_LOOP('',(#3242,#3243,#3244,#3245));
#6461=EDGE_LOOP('',(#3246,#3247,#3248,#3249));
#6462=EDGE_LOOP('',(#3250,#3251,#3252,#3253));
#6463=EDGE_LOOP('',(#3254,#3255,#3256,#3257));
#6464=EDGE_LOOP('',(#3258,#3259,#3260,#3261));
#6465=EDGE_LOOP('',(#3262,#3263,#3264,#3265));
#6466=EDGE_LOOP('',(#3266,#3267,#3268,#3269));
#6467=EDGE_LOOP('',(#3270,#3271,#3272,#3273));
#6468=EDGE_LOOP('',(#3274,#3275,#3276,#3277));
#6469=EDGE_LOOP('',(#3278,#3279,#3280,#3281));
#6470=EDGE_LOOP('',(#3282,#3283,#3284,#3285));
#6471=EDGE_LOOP('',(#3286,#3287,#3288,#3289));
#6472=EDGE_LOOP('',(#3290));
#6473=EDGE_LOOP('',(#3291,#3292,#3293,#3294,#3295,#3296));
#6474=EDGE_LOOP('',(#3297,#3298,#3299,#3300));
#6475=EDGE_LOOP('',(#3301));
#6476=EDGE_LOOP('',(#3302,#3303,#3304,#3305,#3306,#3307));
#6477=EDGE_LOOP('',(#3308,#3309,#3310,#3311));
#6478=EDGE_LOOP('',(#3312,#3313,#3314,#3315,#3316));
#6479=EDGE_LOOP('',(#3317,#3318,#3319,#3320,#3321));
#6480=EDGE_LOOP('',(#3322,#3323,#3324,#3325));
#6481=EDGE_LOOP('',(#3326,#3327,#3328));
#6482=EDGE_LOOP('',(#3329,#3330,#3331,#3332,#3333));
#6483=EDGE_LOOP('',(#3334,#3335,#3336,#3337));
#6484=EDGE_LOOP('',(#3338,#3339,#3340,#3341,#3342));
#6485=EDGE_LOOP('',(#3343,#3344,#3345,#3346));
#6486=EDGE_LOOP('',(#3347,#3348,#3349,#3350));
#6487=EDGE_LOOP('',(#3351,#3352,#3353,#3354));
#6488=EDGE_LOOP('',(#3355,#3356,#3357,#3358,#3359));
#6489=EDGE_LOOP('',(#3360,#3361,#3362));
#6490=EDGE_LOOP('',(#3363,#3364,#3365,#3366));
#6491=EDGE_LOOP('',(#3367,#3368,#3369,#3370));
#6492=EDGE_LOOP('',(#3371,#3372,#3373,#3374));
#6493=EDGE_LOOP('',(#3375,#3376,#3377,#3378,#3379));
#6494=EDGE_LOOP('',(#3380,#3381,#3382,#3383));
#6495=EDGE_LOOP('',(#3384,#3385,#3386));
#6496=EDGE_LOOP('',(#3387,#3388,#3389));
#6497=EDGE_LOOP('',(#3390,#3391,#3392,#3393));
#6498=EDGE_LOOP('',(#3394,#3395,#3396,#3397));
#6499=EDGE_LOOP('',(#3398,#3399,#3400,#3401,#3402,#3403));
#6500=EDGE_LOOP('',(#3404,#3405,#3406,#3407));
#6501=EDGE_LOOP('',(#3408,#3409,#3410,#3411,#3412));
#6502=EDGE_LOOP('',(#3413,#3414,#3415,#3416,#3417,#3418));
#6503=EDGE_LOOP('',(#3419,#3420,#3421,#3422));
#6504=EDGE_LOOP('',(#3423,#3424,#3425,#3426,#3427,#3428,#3429,#3430,#3431));
#6505=EDGE_LOOP('',(#3432,#3433,#3434,#3435));
#6506=EDGE_LOOP('',(#3436,#3437,#3438,#3439,#3440,#3441,#3442,#3443,#3444));
#6507=EDGE_LOOP('',(#3445,#3446,#3447,#3448));
#6508=EDGE_LOOP('',(#3449,#3450,#3451,#3452));
#6509=EDGE_LOOP('',(#3453,#3454,#3455,#3456));
#6510=EDGE_LOOP('',(#3457,#3458,#3459,#3460));
#6511=EDGE_LOOP('',(#3461,#3462,#3463,#3464));
#6512=EDGE_LOOP('',(#3465,#3466,#3467,#3468,#3469,#3470,#3471,#3472,#3473,
#3474,#3475,#3476,#3477,#3478,#3479,#3480,#3481));
#6513=EDGE_LOOP('',(#3482,#3483,#3484,#3485));
#6514=EDGE_LOOP('',(#3486,#3487,#3488));
#6515=EDGE_LOOP('',(#3489,#3490,#3491,#3492));
#6516=EDGE_LOOP('',(#3493,#3494,#3495,#3496,#3497,#3498,#3499));
#6517=EDGE_LOOP('',(#3500,#3501,#3502,#3503));
#6518=EDGE_LOOP('',(#3504,#3505,#3506,#3507,#3508,#3509));
#6519=EDGE_LOOP('',(#3510,#3511,#3512,#3513,#3514,#3515,#3516));
#6520=EDGE_LOOP('',(#3517,#3518,#3519,#3520));
#6521=EDGE_LOOP('',(#3521,#3522,#3523,#3524));
#6522=EDGE_LOOP('',(#3525,#3526,#3527,#3528));
#6523=EDGE_LOOP('',(#3529,#3530,#3531,#3532));
#6524=EDGE_LOOP('',(#3533,#3534,#3535,#3536));
#6525=EDGE_LOOP('',(#3537,#3538,#3539,#3540));
#6526=EDGE_LOOP('',(#3541,#3542,#3543,#3544,#3545,#3546,#3547,#3548,#3549));
#6527=EDGE_LOOP('',(#3550,#3551,#3552,#3553,#3554,#3555,#3556,#3557,#3558));
#6528=EDGE_LOOP('',(#3559,#3560,#3561,#3562));
#6529=EDGE_LOOP('',(#3563,#3564,#3565,#3566));
#6530=EDGE_LOOP('',(#3567,#3568,#3569,#3570,#3571,#3572,#3573,#3574,#3575));
#6531=EDGE_LOOP('',(#3576,#3577,#3578,#3579));
#6532=EDGE_LOOP('',(#3580,#3581,#3582,#3583));
#6533=EDGE_LOOP('',(#3584,#3585,#3586,#3587));
#6534=EDGE_LOOP('',(#3588,#3589,#3590,#3591,#3592,#3593));
#6535=EDGE_LOOP('',(#3594));
#6536=EDGE_LOOP('',(#3595,#3596,#3597,#3598));
#6537=EDGE_LOOP('',(#3599,#3600,#3601,#3602));
#6538=EDGE_LOOP('',(#3603,#3604,#3605,#3606));
#6539=EDGE_LOOP('',(#3607,#3608,#3609,#3610,#3611,#3612));
#6540=EDGE_LOOP('',(#3613));
#6541=EDGE_LOOP('',(#3614,#3615,#3616,#3617));
#6542=EDGE_LOOP('',(#3618,#3619,#3620,#3621));
#6543=EDGE_LOOP('',(#3622,#3623,#3624,#3625));
#6544=EDGE_LOOP('',(#3626,#3627,#3628,#3629,#3630,#3631));
#6545=EDGE_LOOP('',(#3632));
#6546=EDGE_LOOP('',(#3633,#3634,#3635,#3636,#3637,#3638,#3639,#3640,#3641));
#6547=EDGE_LOOP('',(#3642,#3643,#3644));
#6548=EDGE_LOOP('',(#3645,#3646,#3647,#3648));
#6549=EDGE_LOOP('',(#3649,#3650,#3651,#3652));
#6550=EDGE_LOOP('',(#3653,#3654,#3655));
#6551=EDGE_LOOP('',(#3656,#3657,#3658,#3659));
#6552=EDGE_LOOP('',(#3660,#3661,#3662,#3663));
#6553=EDGE_LOOP('',(#3664,#3665,#3666,#3667));
#6554=EDGE_LOOP('',(#3668,#3669,#3670,#3671));
#6555=EDGE_LOOP('',(#3672,#3673,#3674,#3675));
#6556=EDGE_LOOP('',(#3676,#3677,#3678,#3679,#3680,#3681,#3682,#3683));
#6557=EDGE_LOOP('',(#3684,#3685,#3686,#3687,#3688,#3689));
#6558=EDGE_LOOP('',(#3690));
#6559=EDGE_LOOP('',(#3691,#3692,#3693,#3694,#3695,#3696));
#6560=EDGE_LOOP('',(#3697,#3698,#3699,#3700,#3701,#3702,#3703,#3704));
#6561=EDGE_LOOP('',(#3705));
#6562=EDGE_LOOP('',(#3706,#3707,#3708,#3709,#3710,#3711,#3712,#3713));
#6563=EDGE_LOOP('',(#3714,#3715,#3716,#3717,#3718,#3719));
#6564=EDGE_LOOP('',(#3720,#3721,#3722,#3723,#3724,#3725));
#6565=EDGE_LOOP('',(#3726));
#6566=EDGE_LOOP('',(#3727));
#6567=EDGE_LOOP('',(#3728));
#6568=EDGE_LOOP('',(#3729));
#6569=EDGE_LOOP('',(#3730));
#6570=EDGE_LOOP('',(#3731));
#6571=EDGE_LOOP('',(#3732));
#6572=EDGE_LOOP('',(#3733));
#6573=EDGE_LOOP('',(#3734));
#6574=EDGE_LOOP('',(#3735));
#6575=EDGE_LOOP('',(#3736));
#6576=EDGE_LOOP('',(#3737));
#6577=EDGE_LOOP('',(#3738,#3739));
#6578=EDGE_LOOP('',(#3740));
#6579=EDGE_LOOP('',(#3741,#3742));
#6580=EDGE_LOOP('',(#3743));
#6581=EDGE_LOOP('',(#3744));
#6582=EDGE_LOOP('',(#3745));
#6583=EDGE_LOOP('',(#3746));
#6584=EDGE_LOOP('',(#3747));
#6585=EDGE_LOOP('',(#3748));
#6586=EDGE_LOOP('',(#3749,#3750,#3751,#3752,#3753,#3754));
#6587=EDGE_LOOP('',(#3755));
#6588=EDGE_LOOP('',(#3756));
#6589=EDGE_LOOP('',(#3757,#3758,#3759,#3760));
#6590=EDGE_LOOP('',(#3761,#3762,#3763,#3764));
#6591=EDGE_LOOP('',(#3765,#3766,#3767,#3768,#3769));
#6592=EDGE_LOOP('',(#3770,#3771,#3772));
#6593=EDGE_LOOP('',(#3773,#3774,#3775));
#6594=EDGE_LOOP('',(#3776,#3777,#3778,#3779,#3780));
#6595=EDGE_LOOP('',(#3781,#3782,#3783));
#6596=EDGE_LOOP('',(#3784,#3785,#3786));
#6597=EDGE_LOOP('',(#3787));
#6598=EDGE_LOOP('',(#3788,#3789,#3790,#3791));
#6599=EDGE_LOOP('',(#3792,#3793,#3794,#3795,#3796,#3797,#3798,#3799,#3800));
#6600=EDGE_LOOP('',(#3801,#3802,#3803,#3804));
#6601=EDGE_LOOP('',(#3805,#3806,#3807,#3808));
#6602=EDGE_LOOP('',(#3809,#3810,#3811,#3812,#3813,#3814,#3815,#3816,#3817));
#6603=EDGE_LOOP('',(#3818,#3819,#3820,#3821));
#6604=EDGE_LOOP('',(#3822,#3823,#3824,#3825));
#6605=EDGE_LOOP('',(#3826,#3827,#3828,#3829,#3830));
#6606=EDGE_LOOP('',(#3831,#3832,#3833));
#6607=EDGE_LOOP('',(#3834,#3835,#3836));
#6608=EDGE_LOOP('',(#3837,#3838,#3839,#3840,#3841));
#6609=EDGE_LOOP('',(#3842,#3843,#3844));
#6610=EDGE_LOOP('',(#3845,#3846,#3847));
#6611=EDGE_LOOP('',(#3848));
#6612=EDGE_LOOP('',(#3849,#3850,#3851,#3852));
#6613=EDGE_LOOP('',(#3853,#3854,#3855,#3856,#3857,#3858,#3859,#3860,#3861));
#6614=EDGE_LOOP('',(#3862,#3863,#3864,#3865));
#6615=EDGE_LOOP('',(#3866,#3867,#3868,#3869));
#6616=EDGE_LOOP('',(#3870,#3871,#3872,#3873,#3874,#3875,#3876,#3877,#3878));
#6617=EDGE_LOOP('',(#3879,#3880,#3881,#3882));
#6618=EDGE_LOOP('',(#3883,#3884,#3885,#3886));
#6619=EDGE_LOOP('',(#3887,#3888,#3889,#3890,#3891));
#6620=EDGE_LOOP('',(#3892,#3893,#3894));
#6621=EDGE_LOOP('',(#3895,#3896,#3897));
#6622=EDGE_LOOP('',(#3898,#3899,#3900,#3901,#3902));
#6623=EDGE_LOOP('',(#3903,#3904,#3905));
#6624=EDGE_LOOP('',(#3906,#3907,#3908));
#6625=EDGE_LOOP('',(#3909));
#6626=EDGE_LOOP('',(#3910,#3911,#3912,#3913));
#6627=EDGE_LOOP('',(#3914,#3915,#3916,#3917,#3918,#3919,#3920,#3921,#3922));
#6628=EDGE_LOOP('',(#3923,#3924,#3925,#3926));
#6629=EDGE_LOOP('',(#3927,#3928,#3929,#3930));
#6630=EDGE_LOOP('',(#3931,#3932,#3933,#3934,#3935,#3936,#3937,#3938,#3939));
#6631=EDGE_LOOP('',(#3940,#3941,#3942,#3943));
#6632=EDGE_LOOP('',(#3944,#3945,#3946,#3947));
#6633=EDGE_LOOP('',(#3948,#3949,#3950,#3951,#3952));
#6634=EDGE_LOOP('',(#3953,#3954,#3955));
#6635=EDGE_LOOP('',(#3956,#3957,#3958));
#6636=EDGE_LOOP('',(#3959,#3960,#3961,#3962,#3963));
#6637=EDGE_LOOP('',(#3964,#3965,#3966));
#6638=EDGE_LOOP('',(#3967,#3968,#3969));
#6639=EDGE_LOOP('',(#3970));
#6640=EDGE_LOOP('',(#3971,#3972,#3973,#3974));
#6641=EDGE_LOOP('',(#3975,#3976,#3977,#3978,#3979,#3980,#3981,#3982,#3983));
#6642=EDGE_LOOP('',(#3984,#3985,#3986,#3987));
#6643=EDGE_LOOP('',(#3988,#3989,#3990,#3991));
#6644=EDGE_LOOP('',(#3992,#3993,#3994,#3995,#3996,#3997,#3998,#3999,#4000));
#6645=EDGE_LOOP('',(#4001,#4002,#4003,#4004));
#6646=EDGE_LOOP('',(#4005,#4006,#4007,#4008));
#6647=EDGE_LOOP('',(#4009,#4010,#4011,#4012,#4013));
#6648=EDGE_LOOP('',(#4014,#4015,#4016));
#6649=EDGE_LOOP('',(#4017,#4018,#4019));
#6650=EDGE_LOOP('',(#4020,#4021,#4022));
#6651=EDGE_LOOP('',(#4023,#4024,#4025,#4026,#4027));
#6652=EDGE_LOOP('',(#4028,#4029,#4030));
#6653=EDGE_LOOP('',(#4031,#4032,#4033,#4034,#4035));
#6654=EDGE_LOOP('',(#4036,#4037,#4038));
#6655=EDGE_LOOP('',(#4039,#4040,#4041));
#6656=EDGE_LOOP('',(#4042,#4043,#4044));
#6657=EDGE_LOOP('',(#4045,#4046,#4047,#4048,#4049));
#6658=EDGE_LOOP('',(#4050,#4051,#4052));
#6659=EDGE_LOOP('',(#4053,#4054));
#6660=EDGE_LOOP('',(#4055,#4056));
#6661=EDGE_LOOP('',(#4057,#4058,#4059,#4060,#4061,#4062,#4063,#4064,#4065));
#6662=EDGE_LOOP('',(#4066,#4067,#4068,#4069,#4070,#4071,#4072,#4073,#4074));
#6663=EDGE_LOOP('',(#4075,#4076,#4077,#4078));
#6664=EDGE_LOOP('',(#4079,#4080,#4081,#4082));
#6665=EDGE_LOOP('',(#4083,#4084,#4085,#4086));
#6666=EDGE_LOOP('',(#4087,#4088,#4089,#4090,#4091,#4092,#4093,#4094,#4095));
#6667=EDGE_LOOP('',(#4096,#4097,#4098,#4099,#4100,#4101,#4102,#4103,#4104));
#6668=EDGE_LOOP('',(#4105,#4106,#4107,#4108));
#6669=EDGE_LOOP('',(#4109,#4110));
#6670=EDGE_LOOP('',(#4111,#4112));
#6671=EDGE_LOOP('',(#4113));
#6672=EDGE_LOOP('',(#4114));
#6673=EDGE_LOOP('',(#4115));
#6674=EDGE_LOOP('',(#4116));
#6675=EDGE_LOOP('',(#4117,#4118,#4119,#4120));
#6676=EDGE_LOOP('',(#4121));
#6677=EDGE_LOOP('',(#4122,#4123,#4124,#4125));
#6678=EDGE_LOOP('',(#4126));
#6679=EDGE_LOOP('',(#4127,#4128,#4129,#4130));
#6680=EDGE_LOOP('',(#4131,#4132,#4133,#4134));
#6681=EDGE_LOOP('',(#4135,#4136,#4137,#4138));
#6682=EDGE_LOOP('',(#4139,#4140,#4141,#4142));
#6683=EDGE_LOOP('',(#4143));
#6684=EDGE_LOOP('',(#4144,#4145,#4146,#4147));
#6685=EDGE_LOOP('',(#4148));
#6686=EDGE_LOOP('',(#4149,#4150,#4151,#4152));
#6687=EDGE_LOOP('',(#4153,#4154,#4155,#4156));
#6688=EDGE_LOOP('',(#4157,#4158,#4159,#4160));
#6689=EDGE_LOOP('',(#4161,#4162));
#6690=EDGE_LOOP('',(#4163,#4164));
#6691=EDGE_LOOP('',(#4165,#4166));
#6692=EDGE_LOOP('',(#4167,#4168));
#6693=EDGE_LOOP('',(#4169));
#6694=EDGE_LOOP('',(#4170));
#6695=EDGE_LOOP('',(#4171));
#6696=EDGE_LOOP('',(#4172));
#6697=FACE_BOUND('',#6132,.T.);
#6698=FACE_BOUND('',#6133,.T.);
#6699=FACE_BOUND('',#6134,.T.);
#6700=FACE_BOUND('',#6135,.T.);
#6701=FACE_BOUND('',#6136,.T.);
#6702=FACE_BOUND('',#6137,.T.);
#6703=FACE_BOUND('',#6138,.T.);
#6704=FACE_BOUND('',#6139,.T.);
#6705=FACE_BOUND('',#6140,.T.);
#6706=FACE_BOUND('',#6141,.T.);
#6707=FACE_BOUND('',#6142,.T.);
#6708=FACE_BOUND('',#6143,.T.);
#6709=FACE_BOUND('',#6144,.T.);
#6710=FACE_BOUND('',#6145,.T.);
#6711=FACE_BOUND('',#6146,.T.);
#6712=FACE_BOUND('',#6147,.T.);
#6713=FACE_BOUND('',#6148,.T.);
#6714=FACE_BOUND('',#6149,.T.);
#6715=FACE_BOUND('',#6150,.T.);
#6716=FACE_BOUND('',#6151,.T.);
#6717=FACE_BOUND('',#6152,.T.);
#6718=FACE_BOUND('',#6153,.T.);
#6719=FACE_BOUND('',#6154,.T.);
#6720=FACE_BOUND('',#6155,.T.);
#6721=FACE_BOUND('',#6156,.T.);
#6722=FACE_BOUND('',#6157,.T.);
#6723=FACE_BOUND('',#6158,.T.);
#6724=FACE_BOUND('',#6159,.T.);
#6725=FACE_BOUND('',#6160,.T.);
#6726=FACE_BOUND('',#6161,.T.);
#6727=FACE_BOUND('',#6162,.T.);
#6728=FACE_BOUND('',#6163,.T.);
#6729=FACE_BOUND('',#6164,.T.);
#6730=FACE_BOUND('',#6165,.T.);
#6731=FACE_BOUND('',#6166,.T.);
#6732=FACE_BOUND('',#6167,.T.);
#6733=FACE_BOUND('',#6168,.T.);
#6734=FACE_BOUND('',#6169,.T.);
#6735=FACE_BOUND('',#6170,.T.);
#6736=FACE_BOUND('',#6171,.T.);
#6737=FACE_BOUND('',#6172,.T.);
#6738=FACE_BOUND('',#6173,.T.);
#6739=FACE_BOUND('',#6174,.T.);
#6740=FACE_BOUND('',#6175,.T.);
#6741=FACE_BOUND('',#6176,.T.);
#6742=FACE_BOUND('',#6177,.T.);
#6743=FACE_BOUND('',#6178,.T.);
#6744=FACE_BOUND('',#6179,.T.);
#6745=FACE_BOUND('',#6180,.T.);
#6746=FACE_BOUND('',#6181,.T.);
#6747=FACE_BOUND('',#6182,.T.);
#6748=FACE_BOUND('',#6183,.T.);
#6749=FACE_BOUND('',#6184,.T.);
#6750=FACE_BOUND('',#6185,.T.);
#6751=FACE_BOUND('',#6186,.T.);
#6752=FACE_BOUND('',#6187,.T.);
#6753=FACE_BOUND('',#6188,.T.);
#6754=FACE_BOUND('',#6189,.T.);
#6755=FACE_BOUND('',#6190,.T.);
#6756=FACE_BOUND('',#6191,.T.);
#6757=FACE_BOUND('',#6192,.T.);
#6758=FACE_BOUND('',#6193,.T.);
#6759=FACE_BOUND('',#6194,.T.);
#6760=FACE_BOUND('',#6195,.T.);
#6761=FACE_BOUND('',#6196,.T.);
#6762=FACE_BOUND('',#6197,.T.);
#6763=FACE_BOUND('',#6198,.T.);
#6764=FACE_BOUND('',#6199,.T.);
#6765=FACE_BOUND('',#6200,.T.);
#6766=FACE_BOUND('',#6201,.T.);
#6767=FACE_BOUND('',#6202,.T.);
#6768=FACE_BOUND('',#6203,.T.);
#6769=FACE_BOUND('',#6204,.T.);
#6770=FACE_BOUND('',#6205,.T.);
#6771=FACE_BOUND('',#6206,.T.);
#6772=FACE_BOUND('',#6207,.T.);
#6773=FACE_BOUND('',#6208,.T.);
#6774=FACE_BOUND('',#6209,.T.);
#6775=FACE_BOUND('',#6210,.T.);
#6776=FACE_BOUND('',#6211,.T.);
#6777=FACE_BOUND('',#6212,.T.);
#6778=FACE_BOUND('',#6213,.T.);
#6779=FACE_BOUND('',#6214,.T.);
#6780=FACE_BOUND('',#6215,.T.);
#6781=FACE_BOUND('',#6216,.T.);
#6782=FACE_BOUND('',#6217,.T.);
#6783=FACE_BOUND('',#6218,.T.);
#6784=FACE_BOUND('',#6219,.T.);
#6785=FACE_BOUND('',#6220,.T.);
#6786=FACE_BOUND('',#6221,.T.);
#6787=FACE_BOUND('',#6222,.T.);
#6788=FACE_BOUND('',#6223,.T.);
#6789=FACE_BOUND('',#6224,.T.);
#6790=FACE_BOUND('',#6225,.T.);
#6791=FACE_BOUND('',#6226,.T.);
#6792=FACE_BOUND('',#6227,.T.);
#6793=FACE_BOUND('',#6228,.T.);
#6794=FACE_BOUND('',#6229,.T.);
#6795=FACE_BOUND('',#6230,.T.);
#6796=FACE_BOUND('',#6231,.T.);
#6797=FACE_BOUND('',#6232,.T.);
#6798=FACE_BOUND('',#6233,.T.);
#6799=FACE_BOUND('',#6234,.T.);
#6800=FACE_BOUND('',#6235,.T.);
#6801=FACE_BOUND('',#6236,.T.);
#6802=FACE_BOUND('',#6237,.T.);
#6803=FACE_BOUND('',#6238,.T.);
#6804=FACE_BOUND('',#6239,.T.);
#6805=FACE_BOUND('',#6240,.T.);
#6806=FACE_BOUND('',#6241,.T.);
#6807=FACE_BOUND('',#6242,.T.);
#6808=FACE_BOUND('',#6243,.T.);
#6809=FACE_BOUND('',#6244,.T.);
#6810=FACE_BOUND('',#6245,.T.);
#6811=FACE_BOUND('',#6246,.T.);
#6812=FACE_BOUND('',#6247,.T.);
#6813=FACE_BOUND('',#6248,.T.);
#6814=FACE_BOUND('',#6249,.T.);
#6815=FACE_BOUND('',#6250,.T.);
#6816=FACE_BOUND('',#6251,.T.);
#6817=FACE_BOUND('',#6252,.T.);
#6818=FACE_BOUND('',#6253,.T.);
#6819=FACE_BOUND('',#6254,.T.);
#6820=FACE_BOUND('',#6255,.T.);
#6821=FACE_BOUND('',#6256,.T.);
#6822=FACE_BOUND('',#6257,.T.);
#6823=FACE_BOUND('',#6258,.T.);
#6824=FACE_BOUND('',#6259,.T.);
#6825=FACE_BOUND('',#6260,.T.);
#6826=FACE_BOUND('',#6261,.T.);
#6827=FACE_BOUND('',#6262,.T.);
#6828=FACE_BOUND('',#6263,.T.);
#6829=FACE_BOUND('',#6264,.T.);
#6830=FACE_BOUND('',#6265,.T.);
#6831=FACE_BOUND('',#6266,.T.);
#6832=FACE_BOUND('',#6267,.T.);
#6833=FACE_BOUND('',#6268,.T.);
#6834=FACE_BOUND('',#6269,.T.);
#6835=FACE_BOUND('',#6270,.T.);
#6836=FACE_BOUND('',#6271,.T.);
#6837=FACE_BOUND('',#6272,.T.);
#6838=FACE_BOUND('',#6273,.T.);
#6839=FACE_BOUND('',#6274,.T.);
#6840=FACE_BOUND('',#6275,.T.);
#6841=FACE_BOUND('',#6276,.T.);
#6842=FACE_BOUND('',#6277,.T.);
#6843=FACE_BOUND('',#6278,.T.);
#6844=FACE_BOUND('',#6279,.T.);
#6845=FACE_BOUND('',#6280,.T.);
#6846=FACE_BOUND('',#6281,.T.);
#6847=FACE_BOUND('',#6282,.T.);
#6848=FACE_BOUND('',#6283,.T.);
#6849=FACE_BOUND('',#6284,.T.);
#6850=FACE_BOUND('',#6285,.T.);
#6851=FACE_BOUND('',#6286,.T.);
#6852=FACE_BOUND('',#6287,.T.);
#6853=FACE_BOUND('',#6288,.T.);
#6854=FACE_BOUND('',#6289,.T.);
#6855=FACE_BOUND('',#6290,.T.);
#6856=FACE_BOUND('',#6291,.T.);
#6857=FACE_BOUND('',#6292,.T.);
#6858=FACE_BOUND('',#6293,.T.);
#6859=FACE_BOUND('',#6294,.T.);
#6860=FACE_BOUND('',#6295,.T.);
#6861=FACE_BOUND('',#6296,.T.);
#6862=FACE_BOUND('',#6297,.T.);
#6863=FACE_BOUND('',#6298,.T.);
#6864=FACE_BOUND('',#6299,.T.);
#6865=FACE_BOUND('',#6300,.T.);
#6866=FACE_BOUND('',#6301,.T.);
#6867=FACE_BOUND('',#6302,.T.);
#6868=FACE_BOUND('',#6303,.T.);
#6869=FACE_BOUND('',#6304,.T.);
#6870=FACE_BOUND('',#6305,.T.);
#6871=FACE_BOUND('',#6306,.T.);
#6872=FACE_BOUND('',#6307,.T.);
#6873=FACE_BOUND('',#6308,.T.);
#6874=FACE_BOUND('',#6309,.T.);
#6875=FACE_BOUND('',#6310,.T.);
#6876=FACE_BOUND('',#6311,.T.);
#6877=FACE_BOUND('',#6312,.T.);
#6878=FACE_BOUND('',#6313,.T.);
#6879=FACE_BOUND('',#6314,.T.);
#6880=FACE_BOUND('',#6315,.T.);
#6881=FACE_BOUND('',#6316,.T.);
#6882=FACE_BOUND('',#6317,.T.);
#6883=FACE_BOUND('',#6318,.T.);
#6884=FACE_BOUND('',#6319,.T.);
#6885=FACE_BOUND('',#6320,.T.);
#6886=FACE_BOUND('',#6321,.T.);
#6887=FACE_BOUND('',#6322,.T.);
#6888=FACE_BOUND('',#6323,.T.);
#6889=FACE_BOUND('',#6324,.T.);
#6890=FACE_BOUND('',#6325,.T.);
#6891=FACE_BOUND('',#6326,.T.);
#6892=FACE_BOUND('',#6327,.T.);
#6893=FACE_BOUND('',#6328,.T.);
#6894=FACE_BOUND('',#6329,.T.);
#6895=FACE_BOUND('',#6330,.T.);
#6896=FACE_BOUND('',#6331,.T.);
#6897=FACE_BOUND('',#6332,.T.);
#6898=FACE_BOUND('',#6333,.T.);
#6899=FACE_BOUND('',#6334,.T.);
#6900=FACE_BOUND('',#6335,.T.);
#6901=FACE_BOUND('',#6336,.T.);
#6902=FACE_BOUND('',#6337,.T.);
#6903=FACE_BOUND('',#6338,.T.);
#6904=FACE_BOUND('',#6339,.T.);
#6905=FACE_BOUND('',#6340,.T.);
#6906=FACE_BOUND('',#6341,.T.);
#6907=FACE_BOUND('',#6342,.T.);
#6908=FACE_BOUND('',#6343,.T.);
#6909=FACE_BOUND('',#6344,.T.);
#6910=FACE_BOUND('',#6345,.T.);
#6911=FACE_BOUND('',#6346,.T.);
#6912=FACE_BOUND('',#6347,.T.);
#6913=FACE_BOUND('',#6348,.T.);
#6914=FACE_BOUND('',#6349,.T.);
#6915=FACE_BOUND('',#6350,.T.);
#6916=FACE_BOUND('',#6351,.T.);
#6917=FACE_BOUND('',#6352,.T.);
#6918=FACE_BOUND('',#6353,.T.);
#6919=FACE_BOUND('',#6354,.T.);
#6920=FACE_BOUND('',#6355,.T.);
#6921=FACE_BOUND('',#6356,.T.);
#6922=FACE_BOUND('',#6357,.T.);
#6923=FACE_BOUND('',#6358,.T.);
#6924=FACE_BOUND('',#6359,.T.);
#6925=FACE_BOUND('',#6360,.T.);
#6926=FACE_BOUND('',#6361,.T.);
#6927=FACE_BOUND('',#6362,.T.);
#6928=FACE_BOUND('',#6363,.T.);
#6929=FACE_BOUND('',#6364,.T.);
#6930=FACE_BOUND('',#6365,.T.);
#6931=FACE_BOUND('',#6366,.T.);
#6932=FACE_BOUND('',#6367,.T.);
#6933=FACE_BOUND('',#6368,.T.);
#6934=FACE_BOUND('',#6369,.T.);
#6935=FACE_BOUND('',#6370,.T.);
#6936=FACE_BOUND('',#6371,.T.);
#6937=FACE_BOUND('',#6372,.T.);
#6938=FACE_BOUND('',#6373,.T.);
#6939=FACE_BOUND('',#6374,.T.);
#6940=FACE_BOUND('',#6375,.T.);
#6941=FACE_BOUND('',#6376,.T.);
#6942=FACE_BOUND('',#6377,.T.);
#6943=FACE_BOUND('',#6378,.T.);
#6944=FACE_BOUND('',#6379,.T.);
#6945=FACE_BOUND('',#6380,.T.);
#6946=FACE_BOUND('',#6381,.T.);
#6947=FACE_BOUND('',#6382,.T.);
#6948=FACE_BOUND('',#6383,.T.);
#6949=FACE_BOUND('',#6384,.T.);
#6950=FACE_BOUND('',#6385,.T.);
#6951=FACE_BOUND('',#6386,.T.);
#6952=FACE_BOUND('',#6387,.T.);
#6953=FACE_BOUND('',#6388,.T.);
#6954=FACE_BOUND('',#6389,.T.);
#6955=FACE_BOUND('',#6390,.T.);
#6956=FACE_BOUND('',#6391,.T.);
#6957=FACE_BOUND('',#6392,.T.);
#6958=FACE_BOUND('',#6393,.T.);
#6959=FACE_BOUND('',#6394,.T.);
#6960=FACE_BOUND('',#6395,.T.);
#6961=FACE_BOUND('',#6396,.T.);
#6962=FACE_BOUND('',#6397,.T.);
#6963=FACE_BOUND('',#6398,.T.);
#6964=FACE_BOUND('',#6399,.T.);
#6965=FACE_BOUND('',#6400,.T.);
#6966=FACE_BOUND('',#6401,.T.);
#6967=FACE_BOUND('',#6402,.T.);
#6968=FACE_BOUND('',#6403,.T.);
#6969=FACE_BOUND('',#6404,.T.);
#6970=FACE_BOUND('',#6405,.T.);
#6971=FACE_BOUND('',#6406,.T.);
#6972=FACE_BOUND('',#6407,.T.);
#6973=FACE_BOUND('',#6408,.T.);
#6974=FACE_BOUND('',#6409,.T.);
#6975=FACE_BOUND('',#6410,.T.);
#6976=FACE_BOUND('',#6411,.T.);
#6977=FACE_BOUND('',#6412,.T.);
#6978=FACE_BOUND('',#6413,.T.);
#6979=FACE_BOUND('',#6414,.T.);
#6980=FACE_BOUND('',#6415,.T.);
#6981=FACE_BOUND('',#6416,.T.);
#6982=FACE_BOUND('',#6417,.T.);
#6983=FACE_BOUND('',#6418,.T.);
#6984=FACE_BOUND('',#6419,.T.);
#6985=FACE_BOUND('',#6420,.T.);
#6986=FACE_BOUND('',#6421,.T.);
#6987=FACE_BOUND('',#6422,.T.);
#6988=FACE_BOUND('',#6423,.T.);
#6989=FACE_BOUND('',#6424,.T.);
#6990=FACE_BOUND('',#6425,.T.);
#6991=FACE_BOUND('',#6426,.T.);
#6992=FACE_BOUND('',#6427,.T.);
#6993=FACE_BOUND('',#6428,.T.);
#6994=FACE_BOUND('',#6429,.T.);
#6995=FACE_BOUND('',#6430,.T.);
#6996=FACE_BOUND('',#6431,.T.);
#6997=FACE_BOUND('',#6432,.T.);
#6998=FACE_BOUND('',#6433,.T.);
#6999=FACE_BOUND('',#6434,.T.);
#7000=FACE_BOUND('',#6435,.T.);
#7001=FACE_BOUND('',#6436,.T.);
#7002=FACE_BOUND('',#6437,.T.);
#7003=FACE_BOUND('',#6438,.T.);
#7004=FACE_BOUND('',#6439,.T.);
#7005=FACE_BOUND('',#6440,.T.);
#7006=FACE_BOUND('',#6441,.T.);
#7007=FACE_BOUND('',#6442,.T.);
#7008=FACE_BOUND('',#6443,.T.);
#7009=FACE_BOUND('',#6444,.T.);
#7010=FACE_BOUND('',#6445,.T.);
#7011=FACE_BOUND('',#6446,.T.);
#7012=FACE_BOUND('',#6447,.T.);
#7013=FACE_BOUND('',#6448,.T.);
#7014=FACE_BOUND('',#6449,.T.);
#7015=FACE_BOUND('',#6450,.T.);
#7016=FACE_BOUND('',#6451,.T.);
#7017=FACE_BOUND('',#6452,.T.);
#7018=FACE_BOUND('',#6453,.T.);
#7019=FACE_BOUND('',#6454,.T.);
#7020=FACE_BOUND('',#6455,.T.);
#7021=FACE_BOUND('',#6456,.T.);
#7022=FACE_BOUND('',#6457,.T.);
#7023=FACE_BOUND('',#6458,.T.);
#7024=FACE_BOUND('',#6459,.T.);
#7025=FACE_BOUND('',#6460,.T.);
#7026=FACE_BOUND('',#6461,.T.);
#7027=FACE_BOUND('',#6462,.T.);
#7028=FACE_BOUND('',#6463,.T.);
#7029=FACE_BOUND('',#6464,.T.);
#7030=FACE_BOUND('',#6465,.T.);
#7031=FACE_BOUND('',#6466,.T.);
#7032=FACE_BOUND('',#6467,.T.);
#7033=FACE_BOUND('',#6468,.T.);
#7034=FACE_BOUND('',#6469,.T.);
#7035=FACE_BOUND('',#6470,.T.);
#7036=FACE_BOUND('',#6471,.T.);
#7037=FACE_BOUND('',#6472,.T.);
#7038=FACE_BOUND('',#6473,.T.);
#7039=FACE_BOUND('',#6474,.T.);
#7040=FACE_BOUND('',#6475,.T.);
#7041=FACE_BOUND('',#6476,.T.);
#7042=FACE_BOUND('',#6477,.T.);
#7043=FACE_BOUND('',#6478,.T.);
#7044=FACE_BOUND('',#6479,.T.);
#7045=FACE_BOUND('',#6480,.T.);
#7046=FACE_BOUND('',#6481,.T.);
#7047=FACE_BOUND('',#6482,.T.);
#7048=FACE_BOUND('',#6483,.T.);
#7049=FACE_BOUND('',#6484,.T.);
#7050=FACE_BOUND('',#6485,.T.);
#7051=FACE_BOUND('',#6486,.T.);
#7052=FACE_BOUND('',#6487,.T.);
#7053=FACE_BOUND('',#6488,.T.);
#7054=FACE_BOUND('',#6489,.T.);
#7055=FACE_BOUND('',#6490,.T.);
#7056=FACE_BOUND('',#6491,.T.);
#7057=FACE_BOUND('',#6492,.T.);
#7058=FACE_BOUND('',#6493,.T.);
#7059=FACE_BOUND('',#6494,.T.);
#7060=FACE_BOUND('',#6495,.T.);
#7061=FACE_BOUND('',#6496,.T.);
#7062=FACE_BOUND('',#6497,.T.);
#7063=FACE_BOUND('',#6498,.T.);
#7064=FACE_BOUND('',#6499,.T.);
#7065=FACE_BOUND('',#6500,.T.);
#7066=FACE_BOUND('',#6501,.T.);
#7067=FACE_BOUND('',#6502,.T.);
#7068=FACE_BOUND('',#6503,.T.);
#7069=FACE_BOUND('',#6504,.T.);
#7070=FACE_BOUND('',#6505,.T.);
#7071=FACE_BOUND('',#6506,.T.);
#7072=FACE_BOUND('',#6507,.T.);
#7073=FACE_BOUND('',#6508,.T.);
#7074=FACE_BOUND('',#6509,.T.);
#7075=FACE_BOUND('',#6510,.T.);
#7076=FACE_BOUND('',#6511,.T.);
#7077=FACE_BOUND('',#6512,.T.);
#7078=FACE_BOUND('',#6513,.T.);
#7079=FACE_BOUND('',#6514,.T.);
#7080=FACE_BOUND('',#6515,.T.);
#7081=FACE_BOUND('',#6516,.T.);
#7082=FACE_BOUND('',#6517,.T.);
#7083=FACE_BOUND('',#6518,.T.);
#7084=FACE_BOUND('',#6519,.T.);
#7085=FACE_BOUND('',#6520,.T.);
#7086=FACE_BOUND('',#6521,.T.);
#7087=FACE_BOUND('',#6522,.T.);
#7088=FACE_BOUND('',#6523,.T.);
#7089=FACE_BOUND('',#6524,.T.);
#7090=FACE_BOUND('',#6525,.T.);
#7091=FACE_BOUND('',#6526,.T.);
#7092=FACE_BOUND('',#6527,.T.);
#7093=FACE_BOUND('',#6528,.T.);
#7094=FACE_BOUND('',#6529,.T.);
#7095=FACE_BOUND('',#6530,.T.);
#7096=FACE_BOUND('',#6531,.T.);
#7097=FACE_BOUND('',#6532,.T.);
#7098=FACE_BOUND('',#6533,.T.);
#7099=FACE_BOUND('',#6534,.T.);
#7100=FACE_BOUND('',#6535,.T.);
#7101=FACE_BOUND('',#6536,.T.);
#7102=FACE_BOUND('',#6537,.T.);
#7103=FACE_BOUND('',#6538,.T.);
#7104=FACE_BOUND('',#6539,.T.);
#7105=FACE_BOUND('',#6540,.T.);
#7106=FACE_BOUND('',#6541,.T.);
#7107=FACE_BOUND('',#6542,.T.);
#7108=FACE_BOUND('',#6543,.T.);
#7109=FACE_BOUND('',#6544,.T.);
#7110=FACE_BOUND('',#6545,.T.);
#7111=FACE_BOUND('',#6546,.T.);
#7112=FACE_BOUND('',#6547,.T.);
#7113=FACE_BOUND('',#6548,.T.);
#7114=FACE_BOUND('',#6549,.T.);
#7115=FACE_BOUND('',#6550,.T.);
#7116=FACE_BOUND('',#6551,.T.);
#7117=FACE_BOUND('',#6552,.T.);
#7118=FACE_BOUND('',#6553,.T.);
#7119=FACE_BOUND('',#6554,.T.);
#7120=FACE_BOUND('',#6555,.T.);
#7121=FACE_BOUND('',#6556,.T.);
#7122=FACE_BOUND('',#6557,.T.);
#7123=FACE_BOUND('',#6558,.T.);
#7124=FACE_BOUND('',#6559,.T.);
#7125=FACE_BOUND('',#6560,.T.);
#7126=FACE_BOUND('',#6561,.T.);
#7127=FACE_BOUND('',#6562,.T.);
#7128=FACE_BOUND('',#6563,.T.);
#7129=FACE_BOUND('',#6564,.T.);
#7130=FACE_BOUND('',#6565,.T.);
#7131=FACE_BOUND('',#6566,.T.);
#7132=FACE_BOUND('',#6567,.T.);
#7133=FACE_BOUND('',#6568,.T.);
#7134=FACE_BOUND('',#6569,.T.);
#7135=FACE_BOUND('',#6570,.T.);
#7136=FACE_BOUND('',#6571,.T.);
#7137=FACE_BOUND('',#6572,.T.);
#7138=FACE_BOUND('',#6573,.T.);
#7139=FACE_BOUND('',#6574,.T.);
#7140=FACE_BOUND('',#6575,.T.);
#7141=FACE_BOUND('',#6576,.T.);
#7142=FACE_BOUND('',#6577,.T.);
#7143=FACE_BOUND('',#6578,.T.);
#7144=FACE_BOUND('',#6579,.T.);
#7145=FACE_BOUND('',#6580,.T.);
#7146=FACE_BOUND('',#6581,.T.);
#7147=FACE_BOUND('',#6582,.T.);
#7148=FACE_BOUND('',#6583,.T.);
#7149=FACE_BOUND('',#6584,.T.);
#7150=FACE_BOUND('',#6585,.T.);
#7151=FACE_BOUND('',#6586,.T.);
#7152=FACE_BOUND('',#6587,.T.);
#7153=FACE_BOUND('',#6588,.T.);
#7154=FACE_BOUND('',#6589,.T.);
#7155=FACE_BOUND('',#6590,.T.);
#7156=FACE_BOUND('',#6591,.T.);
#7157=FACE_BOUND('',#6592,.T.);
#7158=FACE_BOUND('',#6593,.T.);
#7159=FACE_BOUND('',#6594,.T.);
#7160=FACE_BOUND('',#6595,.T.);
#7161=FACE_BOUND('',#6596,.T.);
#7162=FACE_BOUND('',#6597,.T.);
#7163=FACE_BOUND('',#6598,.T.);
#7164=FACE_BOUND('',#6599,.T.);
#7165=FACE_BOUND('',#6600,.T.);
#7166=FACE_BOUND('',#6601,.T.);
#7167=FACE_BOUND('',#6602,.T.);
#7168=FACE_BOUND('',#6603,.T.);
#7169=FACE_BOUND('',#6604,.T.);
#7170=FACE_BOUND('',#6605,.T.);
#7171=FACE_BOUND('',#6606,.T.);
#7172=FACE_BOUND('',#6607,.T.);
#7173=FACE_BOUND('',#6608,.T.);
#7174=FACE_BOUND('',#6609,.T.);
#7175=FACE_BOUND('',#6610,.T.);
#7176=FACE_BOUND('',#6611,.T.);
#7177=FACE_BOUND('',#6612,.T.);
#7178=FACE_BOUND('',#6613,.T.);
#7179=FACE_BOUND('',#6614,.T.);
#7180=FACE_BOUND('',#6615,.T.);
#7181=FACE_BOUND('',#6616,.T.);
#7182=FACE_BOUND('',#6617,.T.);
#7183=FACE_BOUND('',#6618,.T.);
#7184=FACE_BOUND('',#6619,.T.);
#7185=FACE_BOUND('',#6620,.T.);
#7186=FACE_BOUND('',#6621,.T.);
#7187=FACE_BOUND('',#6622,.T.);
#7188=FACE_BOUND('',#6623,.T.);
#7189=FACE_BOUND('',#6624,.T.);
#7190=FACE_BOUND('',#6625,.T.);
#7191=FACE_BOUND('',#6626,.T.);
#7192=FACE_BOUND('',#6627,.T.);
#7193=FACE_BOUND('',#6628,.T.);
#7194=FACE_BOUND('',#6629,.T.);
#7195=FACE_BOUND('',#6630,.T.);
#7196=FACE_BOUND('',#6631,.T.);
#7197=FACE_BOUND('',#6632,.T.);
#7198=FACE_BOUND('',#6633,.T.);
#7199=FACE_BOUND('',#6634,.T.);
#7200=FACE_BOUND('',#6635,.T.);
#7201=FACE_BOUND('',#6636,.T.);
#7202=FACE_BOUND('',#6637,.T.);
#7203=FACE_BOUND('',#6638,.T.);
#7204=FACE_BOUND('',#6639,.T.);
#7205=FACE_BOUND('',#6640,.T.);
#7206=FACE_BOUND('',#6641,.T.);
#7207=FACE_BOUND('',#6642,.T.);
#7208=FACE_BOUND('',#6643,.T.);
#7209=FACE_BOUND('',#6644,.T.);
#7210=FACE_BOUND('',#6645,.T.);
#7211=FACE_BOUND('',#6646,.T.);
#7212=FACE_BOUND('',#6647,.T.);
#7213=FACE_BOUND('',#6648,.T.);
#7214=FACE_BOUND('',#6649,.T.);
#7215=FACE_BOUND('',#6650,.T.);
#7216=FACE_BOUND('',#6651,.T.);
#7217=FACE_BOUND('',#6652,.T.);
#7218=FACE_BOUND('',#6653,.T.);
#7219=FACE_BOUND('',#6654,.T.);
#7220=FACE_BOUND('',#6655,.T.);
#7221=FACE_BOUND('',#6656,.T.);
#7222=FACE_BOUND('',#6657,.T.);
#7223=FACE_BOUND('',#6658,.T.);
#7224=FACE_BOUND('',#6659,.T.);
#7225=FACE_BOUND('',#6660,.T.);
#7226=FACE_BOUND('',#6661,.T.);
#7227=FACE_BOUND('',#6662,.T.);
#7228=FACE_BOUND('',#6663,.T.);
#7229=FACE_BOUND('',#6664,.T.);
#7230=FACE_BOUND('',#6665,.T.);
#7231=FACE_BOUND('',#6666,.T.);
#7232=FACE_BOUND('',#6667,.T.);
#7233=FACE_BOUND('',#6668,.T.);
#7234=FACE_BOUND('',#6669,.T.);
#7235=FACE_BOUND('',#6670,.T.);
#7236=FACE_BOUND('',#6671,.T.);
#7237=FACE_BOUND('',#6672,.T.);
#7238=FACE_BOUND('',#6673,.T.);
#7239=FACE_BOUND('',#6674,.T.);
#7240=FACE_BOUND('',#6675,.T.);
#7241=FACE_BOUND('',#6676,.T.);
#7242=FACE_BOUND('',#6677,.T.);
#7243=FACE_BOUND('',#6678,.T.);
#7244=FACE_BOUND('',#6679,.T.);
#7245=FACE_BOUND('',#6680,.T.);
#7246=FACE_BOUND('',#6681,.T.);
#7247=FACE_BOUND('',#6682,.T.);
#7248=FACE_BOUND('',#6683,.T.);
#7249=FACE_BOUND('',#6684,.T.);
#7250=FACE_BOUND('',#6685,.T.);
#7251=FACE_BOUND('',#6686,.T.);
#7252=FACE_BOUND('',#6687,.T.);
#7253=FACE_BOUND('',#6688,.T.);
#7254=FACE_BOUND('',#6689,.T.);
#7255=FACE_BOUND('',#6690,.T.);
#7256=FACE_BOUND('',#6691,.T.);
#7257=FACE_BOUND('',#6692,.T.);
#7258=FACE_BOUND('',#6693,.T.);
#7259=FACE_BOUND('',#6694,.T.);
#7260=FACE_BOUND('',#6695,.T.);
#7261=FACE_BOUND('',#6696,.T.);
#7262=CYLINDRICAL_SURFACE('',#7778,2.78180971105312);
#7263=CYLINDRICAL_SURFACE('',#7781,2.78180971105313);
#7264=CYLINDRICAL_SURFACE('',#7794,1.7);
#7265=CYLINDRICAL_SURFACE('',#7837,1.7);
#7266=CYLINDRICAL_SURFACE('',#7839,1.7);
#7267=CYLINDRICAL_SURFACE('',#7841,1.7);
#7268=CYLINDRICAL_SURFACE('',#7859,1.6);
#7269=CYLINDRICAL_SURFACE('',#7875,1.6);
#7270=CYLINDRICAL_SURFACE('',#7908,1.25);
#7271=CYLINDRICAL_SURFACE('',#7915,1.25);
#7272=CYLINDRICAL_SURFACE('',#7922,1.6);
#7273=CYLINDRICAL_SURFACE('',#7926,1.6);
#7274=CYLINDRICAL_SURFACE('',#7939,1.25);
#7275=CYLINDRICAL_SURFACE('',#7964,1.25);
#7276=CYLINDRICAL_SURFACE('',#7971,1.25);
#7277=CYLINDRICAL_SURFACE('',#7978,1.25);
#7278=CYLINDRICAL_SURFACE('',#8037,2.3);
#7279=CYLINDRICAL_SURFACE('',#8041,2.3);
#7280=CYLINDRICAL_SURFACE('',#8045,2.3);
#7281=CYLINDRICAL_SURFACE('',#8047,2.3);
#7282=CYLINDRICAL_SURFACE('',#8049,2.3);
#7283=CYLINDRICAL_SURFACE('',#8052,2.3);
#7284=CYLINDRICAL_SURFACE('',#8055,2.3);
#7285=CYLINDRICAL_SURFACE('',#8059,2.3);
#7286=CYLINDRICAL_SURFACE('',#8064,4.29999892799372);
#7287=CYLINDRICAL_SURFACE('',#8067,4.29999892799372);
#7288=CYLINDRICAL_SURFACE('',#8106,1.2);
#7289=CYLINDRICAL_SURFACE('',#8108,1.2);
#7290=CYLINDRICAL_SURFACE('',#8110,1.7);
#7291=CYLINDRICAL_SURFACE('',#8112,1.7);
#7292=CYLINDRICAL_SURFACE('',#8131,2.35);
#7293=CYLINDRICAL_SURFACE('',#8135,2.35);
#7294=CYLINDRICAL_SURFACE('',#8141,2.9);
#7295=CYLINDRICAL_SURFACE('',#8147,2.9);
#7296=CYLINDRICAL_SURFACE('',#8165,3.05);
#7297=CYLINDRICAL_SURFACE('',#8169,2.9);
#7298=CYLINDRICAL_SURFACE('',#8171,3.05);
#7299=CYLINDRICAL_SURFACE('',#8175,2.9);
#7300=CYLINDRICAL_SURFACE('',#8180,3.);
#7301=CYLINDRICAL_SURFACE('',#8249,3.);
#7302=CYLINDRICAL_SURFACE('',#8273,3.05);
#7303=CYLINDRICAL_SURFACE('',#8278,3.05);
#7304=CYLINDRICAL_SURFACE('',#8282,3.05);
#7305=CYLINDRICAL_SURFACE('',#8291,1.55);
#7306=CYLINDRICAL_SURFACE('',#8295,1.55);
#7307=CYLINDRICAL_SURFACE('',#8296,1.6);
#7308=CYLINDRICAL_SURFACE('',#8298,1.6);
#7309=CYLINDRICAL_SURFACE('',#8302,1.6);
#7310=CYLINDRICAL_SURFACE('',#8306,3.05);
#7311=CYLINDRICAL_SURFACE('',#8308,1.55);
#7312=CYLINDRICAL_SURFACE('',#8309,2.9);
#7313=CYLINDRICAL_SURFACE('',#8310,2.9);
#7314=CYLINDRICAL_SURFACE('',#8321,3.025);
#7315=CYLINDRICAL_SURFACE('',#8325,3.025);
#7316=CYLINDRICAL_SURFACE('',#8338,3.025);
#7317=CYLINDRICAL_SURFACE('',#8342,3.025);
#7318=CYLINDRICAL_SURFACE('',#8355,3.025);
#7319=CYLINDRICAL_SURFACE('',#8359,3.025);
#7320=CYLINDRICAL_SURFACE('',#8372,3.025);
#7321=CYLINDRICAL_SURFACE('',#8376,3.025);
#7322=CYLINDRICAL_SURFACE('',#8419,5.3584610717825);
#7323=CYLINDRICAL_SURFACE('',#8420,5.3584610717825);
#7324=CYLINDRICAL_SURFACE('',#8421,1.6);
#7325=CYLINDRICAL_SURFACE('',#8422,1.6);
#7326=ADVANCED_FACE('',(#6697),#7262,.F.);
#7327=ADVANCED_FACE('',(#6698),#7263,.F.);
#7328=ADVANCED_FACE('',(#6699,#6700),#392,.F.);
#7329=ADVANCED_FACE('',(#6701),#12,.T.);
#7330=ADVANCED_FACE('',(#6702),#13,.T.);
#7331=ADVANCED_FACE('',(#6703),#14,.T.);
#7332=ADVANCED_FACE('',(#6704),#15,.F.);
#7333=ADVANCED_FACE('',(#6705),#16,.T.);
#7334=ADVANCED_FACE('',(#6706),#17,.T.);
#7335=ADVANCED_FACE('',(#6707),#18,.T.);
#7336=ADVANCED_FACE('',(#6708,#6709),#7264,.F.);
#7337=ADVANCED_FACE('',(#6710),#19,.T.);
#7338=ADVANCED_FACE('',(#6711),#20,.T.);
#7339=ADVANCED_FACE('',(#6712),#21,.T.);
#7340=ADVANCED_FACE('',(#6713),#22,.T.);
#7341=ADVANCED_FACE('',(#6714,#6715,#6716,#6717,#6718,#6719,#6720,#6721,
#6722,#6723,#6724,#6725,#6726,#6727,#6728,#6729,#6730),#23,.T.);
#7342=ADVANCED_FACE('',(#6731),#24,.F.);
#7343=ADVANCED_FACE('',(#6732),#25,.T.);
#7344=ADVANCED_FACE('',(#6733),#26,.T.);
#7345=ADVANCED_FACE('',(#6734,#6735),#7265,.F.);
#7346=ADVANCED_FACE('',(#6736,#6737),#7266,.F.);
#7347=ADVANCED_FACE('',(#6738,#6739),#7267,.F.);
#7348=ADVANCED_FACE('',(#6740),#27,.T.);
#7349=ADVANCED_FACE('',(#6741),#28,.T.);
#7350=ADVANCED_FACE('',(#6742),#29,.F.);
#7351=ADVANCED_FACE('',(#6743),#30,.F.);
#7352=ADVANCED_FACE('',(#6744),#31,.T.);
#7353=ADVANCED_FACE('',(#6745),#32,.T.);
#7354=ADVANCED_FACE('',(#6746),#33,.T.);
#7355=ADVANCED_FACE('',(#6747),#34,.F.);
#7356=ADVANCED_FACE('',(#6748),#35,.T.);
#7357=ADVANCED_FACE('',(#6749),#36,.F.);
#7358=ADVANCED_FACE('',(#6750),#37,.F.);
#7359=ADVANCED_FACE('',(#6751),#38,.F.);
#7360=ADVANCED_FACE('',(#6752),#39,.F.);
#7361=ADVANCED_FACE('',(#6753,#6754),#7268,.F.);
#7362=ADVANCED_FACE('',(#6755),#40,.T.);
#7363=ADVANCED_FACE('',(#6756),#41,.T.);
#7364=ADVANCED_FACE('',(#6757),#42,.T.);
#7365=ADVANCED_FACE('',(#6758),#43,.T.);
#7366=ADVANCED_FACE('',(#6759,#6760,#6761),#44,.T.);
#7367=ADVANCED_FACE('',(#6762),#45,.T.);
#7368=ADVANCED_FACE('',(#6763),#46,.T.);
#7369=ADVANCED_FACE('',(#6764),#47,.T.);
#7370=ADVANCED_FACE('',(#6765),#48,.T.);
#7371=ADVANCED_FACE('',(#6766),#49,.T.);
#7372=ADVANCED_FACE('',(#6767),#50,.T.);
#7373=ADVANCED_FACE('',(#6768),#51,.T.);
#7374=ADVANCED_FACE('',(#6769),#52,.T.);
#7375=ADVANCED_FACE('',(#6770),#53,.T.);
#7376=ADVANCED_FACE('',(#6771,#6772),#7269,.F.);
#7377=ADVANCED_FACE('',(#6773),#54,.T.);
#7378=ADVANCED_FACE('',(#6774),#55,.T.);
#7379=ADVANCED_FACE('',(#6775),#56,.T.);
#7380=ADVANCED_FACE('',(#6776),#57,.T.);
#7381=ADVANCED_FACE('',(#6777),#58,.T.);
#7382=ADVANCED_FACE('',(#6778),#59,.T.);
#7383=ADVANCED_FACE('',(#6779),#60,.T.);
#7384=ADVANCED_FACE('',(#6780),#61,.T.);
#7385=ADVANCED_FACE('',(#6781),#62,.T.);
#7386=ADVANCED_FACE('',(#6782),#63,.T.);
#7387=ADVANCED_FACE('',(#6783),#64,.T.);
#7388=ADVANCED_FACE('',(#6784),#65,.T.);
#7389=ADVANCED_FACE('',(#6785),#66,.T.);
#7390=ADVANCED_FACE('',(#6786),#67,.T.);
#7391=ADVANCED_FACE('',(#6787),#68,.T.);
#7392=ADVANCED_FACE('',(#6788,#6789),#393,.F.);
#7393=ADVANCED_FACE('',(#6790,#6791,#6792,#6793,#6794,#6795,#6796,#6797,
#6798,#6799,#6800,#6801,#6802,#6803,#6804,#6805),#69,.T.);
#7394=ADVANCED_FACE('',(#6806,#6807),#7270,.F.);
#7395=ADVANCED_FACE('',(#6808,#6809),#394,.F.);
#7396=ADVANCED_FACE('',(#6810,#6811),#7271,.F.);
#7397=ADVANCED_FACE('',(#6812,#6813),#395,.F.);
#7398=ADVANCED_FACE('',(#6814,#6815),#7272,.F.);
#7399=ADVANCED_FACE('',(#6816,#6817),#396,.F.);
#7400=ADVANCED_FACE('',(#6818,#6819),#7273,.F.);
#7401=ADVANCED_FACE('',(#6820),#70,.T.);
#7402=ADVANCED_FACE('',(#6821),#71,.T.);
#7403=ADVANCED_FACE('',(#6822),#72,.T.);
#7404=ADVANCED_FACE('',(#6823),#73,.T.);
#7405=ADVANCED_FACE('',(#6824),#74,.T.);
#7406=ADVANCED_FACE('',(#6825),#75,.T.);
#7407=ADVANCED_FACE('',(#6826),#76,.F.);
#7408=ADVANCED_FACE('',(#6827),#77,.F.);
#7409=ADVANCED_FACE('',(#6828),#78,.F.);
#7410=ADVANCED_FACE('',(#6829,#6830),#397,.F.);
#7411=ADVANCED_FACE('',(#6831,#6832),#7274,.F.);
#7412=ADVANCED_FACE('',(#6833),#79,.T.);
#7413=ADVANCED_FACE('',(#6834),#80,.T.);
#7414=ADVANCED_FACE('',(#6835),#81,.T.);
#7415=ADVANCED_FACE('',(#6836),#82,.T.);
#7416=ADVANCED_FACE('',(#6837),#83,.T.);
#7417=ADVANCED_FACE('',(#6838),#84,.T.);
#7418=ADVANCED_FACE('',(#6839),#85,.F.);
#7419=ADVANCED_FACE('',(#6840),#86,.F.);
#7420=ADVANCED_FACE('',(#6841),#87,.F.);
#7421=ADVANCED_FACE('',(#6842),#88,.T.);
#7422=ADVANCED_FACE('',(#6843),#89,.T.);
#7423=ADVANCED_FACE('',(#6844),#90,.T.);
#7424=ADVANCED_FACE('',(#6845),#91,.T.);
#7425=ADVANCED_FACE('',(#6846),#92,.T.);
#7426=ADVANCED_FACE('',(#6847),#93,.T.);
#7427=ADVANCED_FACE('',(#6848),#94,.F.);
#7428=ADVANCED_FACE('',(#6849),#95,.F.);
#7429=ADVANCED_FACE('',(#6850),#96,.F.);
#7430=ADVANCED_FACE('',(#6851,#6852),#398,.F.);
#7431=ADVANCED_FACE('',(#6853,#6854),#7275,.F.);
#7432=ADVANCED_FACE('',(#6855,#6856),#399,.F.);
#7433=ADVANCED_FACE('',(#6857,#6858),#7276,.F.);
#7434=ADVANCED_FACE('',(#6859,#6860),#400,.F.);
#7435=ADVANCED_FACE('',(#6861,#6862),#7277,.F.);
#7436=ADVANCED_FACE('',(#6863),#97,.T.);
#7437=ADVANCED_FACE('',(#6864),#98,.T.);
#7438=ADVANCED_FACE('',(#6865),#99,.T.);
#7439=ADVANCED_FACE('',(#6866),#100,.T.);
#7440=ADVANCED_FACE('',(#6867),#101,.T.);
#7441=ADVANCED_FACE('',(#6868),#102,.T.);
#7442=ADVANCED_FACE('',(#6869),#103,.T.);
#7443=ADVANCED_FACE('',(#6870),#104,.T.);
#7444=ADVANCED_FACE('',(#6871),#105,.T.);
#7445=ADVANCED_FACE('',(#6872),#106,.T.);
#7446=ADVANCED_FACE('',(#6873),#107,.T.);
#7447=ADVANCED_FACE('',(#6874),#108,.T.);
#7448=ADVANCED_FACE('',(#6875),#109,.T.);
#7449=ADVANCED_FACE('',(#6876),#110,.T.);
#7450=ADVANCED_FACE('',(#6877),#111,.T.);
#7451=ADVANCED_FACE('',(#6878),#112,.T.);
#7452=ADVANCED_FACE('',(#6879),#113,.T.);
#7453=ADVANCED_FACE('',(#6880),#114,.T.);
#7454=ADVANCED_FACE('',(#6881),#115,.T.);
#7455=ADVANCED_FACE('',(#6882),#116,.T.);
#7456=ADVANCED_FACE('',(#6883),#117,.T.);
#7457=ADVANCED_FACE('',(#6884),#118,.T.);
#7458=ADVANCED_FACE('',(#6885),#119,.T.);
#7459=ADVANCED_FACE('',(#6886),#120,.T.);
#7460=ADVANCED_FACE('',(#6887),#121,.T.);
#7461=ADVANCED_FACE('',(#6888),#122,.T.);
#7462=ADVANCED_FACE('',(#6889),#123,.T.);
#7463=ADVANCED_FACE('',(#6890),#124,.T.);
#7464=ADVANCED_FACE('',(#6891),#125,.T.);
#7465=ADVANCED_FACE('',(#6892),#126,.T.);
#7466=ADVANCED_FACE('',(#6893),#127,.T.);
#7467=ADVANCED_FACE('',(#6894),#128,.T.);
#7468=ADVANCED_FACE('',(#6895),#129,.T.);
#7469=ADVANCED_FACE('',(#6896),#130,.T.);
#7470=ADVANCED_FACE('',(#6897),#131,.T.);
#7471=ADVANCED_FACE('',(#6898),#132,.T.);
#7472=ADVANCED_FACE('',(#6899),#133,.T.);
#7473=ADVANCED_FACE('',(#6900),#134,.T.);
#7474=ADVANCED_FACE('',(#6901),#135,.T.);
#7475=ADVANCED_FACE('',(#6902,#6903),#136,.T.);
#7476=ADVANCED_FACE('',(#6904),#137,.T.);
#7477=ADVANCED_FACE('',(#6905),#138,.T.);
#7478=ADVANCED_FACE('',(#6906),#139,.T.);
#7479=ADVANCED_FACE('',(#6907),#140,.T.);
#7480=ADVANCED_FACE('',(#6908),#141,.F.);
#7481=ADVANCED_FACE('',(#6909),#142,.T.);
#7482=ADVANCED_FACE('',(#6910,#6911),#143,.T.);
#7483=ADVANCED_FACE('',(#6912),#144,.T.);
#7484=ADVANCED_FACE('',(#6913),#145,.T.);
#7485=ADVANCED_FACE('',(#6914,#6915),#401,.F.);
#7486=ADVANCED_FACE('',(#6916,#6917),#7278,.F.);
#7487=ADVANCED_FACE('',(#6918,#6919),#402,.F.);
#7488=ADVANCED_FACE('',(#6920,#6921),#7279,.F.);
#7489=ADVANCED_FACE('',(#6922,#6923),#403,.F.);
#7490=ADVANCED_FACE('',(#6924,#6925),#7280,.F.);
#7491=ADVANCED_FACE('',(#6926,#6927),#7281,.F.);
#7492=ADVANCED_FACE('',(#6928,#6929),#7282,.F.);
#7493=ADVANCED_FACE('',(#6930),#146,.F.);
#7494=ADVANCED_FACE('',(#6931,#6932),#7283,.F.);
#7495=ADVANCED_FACE('',(#6933),#147,.F.);
#7496=ADVANCED_FACE('',(#6934,#6935),#7284,.F.);
#7497=ADVANCED_FACE('',(#6936),#148,.F.);
#7498=ADVANCED_FACE('',(#6937,#6938),#7285,.F.);
#7499=ADVANCED_FACE('',(#6939),#149,.F.);
#7500=ADVANCED_FACE('',(#6940),#150,.T.);
#7501=ADVANCED_FACE('',(#6941),#7286,.T.);
#7502=ADVANCED_FACE('',(#6942),#151,.T.);
#7503=ADVANCED_FACE('',(#6943),#7287,.T.);
#7504=ADVANCED_FACE('',(#6944),#152,.T.);
#7505=ADVANCED_FACE('',(#6945),#153,.F.);
#7506=ADVANCED_FACE('',(#6946),#154,.F.);
#7507=ADVANCED_FACE('',(#6947),#155,.F.);
#7508=ADVANCED_FACE('',(#6948,#6949),#156,.T.);
#7509=ADVANCED_FACE('',(#6950,#6951),#157,.T.);
#7510=ADVANCED_FACE('',(#6952),#158,.T.);
#7511=ADVANCED_FACE('',(#6953),#159,.F.);
#7512=ADVANCED_FACE('',(#6954),#160,.F.);
#7513=ADVANCED_FACE('',(#6955),#161,.F.);
#7514=ADVANCED_FACE('',(#6956),#162,.T.);
#7515=ADVANCED_FACE('',(#6957,#6958),#163,.F.);
#7516=ADVANCED_FACE('',(#6959,#6960),#164,.F.);
#7517=ADVANCED_FACE('',(#6961,#6962),#165,.F.);
#7518=ADVANCED_FACE('',(#6963,#6964),#166,.F.);
#7519=ADVANCED_FACE('',(#6965),#167,.F.);
#7520=ADVANCED_FACE('',(#6966),#168,.F.);
#7521=ADVANCED_FACE('',(#6967),#169,.F.);
#7522=ADVANCED_FACE('',(#6968),#170,.F.);
#7523=ADVANCED_FACE('',(#6969),#171,.F.);
#7524=ADVANCED_FACE('',(#6970),#172,.F.);
#7525=ADVANCED_FACE('',(#6971),#173,.F.);
#7526=ADVANCED_FACE('',(#6972),#174,.T.);
#7527=ADVANCED_FACE('',(#6973),#175,.T.);
#7528=ADVANCED_FACE('',(#6974),#176,.T.);
#7529=ADVANCED_FACE('',(#6975),#177,.F.);
#7530=ADVANCED_FACE('',(#6976,#6977),#404,.F.);
#7531=ADVANCED_FACE('',(#6978),#178,.F.);
#7532=ADVANCED_FACE('',(#6979,#6980),#405,.F.);
#7533=ADVANCED_FACE('',(#6981),#179,.T.);
#7534=ADVANCED_FACE('',(#6982),#180,.T.);
#7535=ADVANCED_FACE('',(#6983),#181,.T.);
#7536=ADVANCED_FACE('',(#6984),#182,.T.);
#7537=ADVANCED_FACE('',(#6985),#183,.F.);
#7538=ADVANCED_FACE('',(#6986,#6987),#7288,.F.);
#7539=ADVANCED_FACE('',(#6988,#6989),#7289,.F.);
#7540=ADVANCED_FACE('',(#6990,#6991),#7290,.F.);
#7541=ADVANCED_FACE('',(#6992,#6993),#7291,.F.);
#7542=ADVANCED_FACE('',(#6994,#6995,#6996,#6997,#6998,#6999,#7000),#184,
 .T.);
#7543=ADVANCED_FACE('',(#7001),#185,.T.);
#7544=ADVANCED_FACE('',(#7002),#186,.T.);
#7545=ADVANCED_FACE('',(#7003),#187,.T.);
#7546=ADVANCED_FACE('',(#7004),#188,.T.);
#7547=ADVANCED_FACE('',(#7005),#189,.T.);
#7548=ADVANCED_FACE('',(#7006),#190,.F.);
#7549=ADVANCED_FACE('',(#7007),#191,.T.);
#7550=ADVANCED_FACE('',(#7008),#192,.T.);
#7551=ADVANCED_FACE('',(#7009),#193,.T.);
#7552=ADVANCED_FACE('',(#7010),#194,.T.);
#7553=ADVANCED_FACE('',(#7011),#195,.F.);
#7554=ADVANCED_FACE('',(#7012),#196,.T.);
#7555=ADVANCED_FACE('',(#7013),#197,.T.);
#7556=ADVANCED_FACE('',(#7014),#198,.T.);
#7557=ADVANCED_FACE('',(#7015,#7016),#406,.F.);
#7558=ADVANCED_FACE('',(#7017,#7018),#7292,.F.);
#7559=ADVANCED_FACE('',(#7019,#7020),#407,.F.);
#7560=ADVANCED_FACE('',(#7021,#7022),#7293,.F.);
#7561=ADVANCED_FACE('',(#7023),#408,.F.);
#7562=ADVANCED_FACE('',(#7024),#409,.F.);
#7563=ADVANCED_FACE('',(#7025),#7294,.F.);
#7564=ADVANCED_FACE('',(#7026),#410,.F.);
#7565=ADVANCED_FACE('',(#7027),#411,.F.);
#7566=ADVANCED_FACE('',(#7028),#7295,.F.);
#7567=ADVANCED_FACE('',(#7029),#412,.F.);
#7568=ADVANCED_FACE('',(#7030),#413,.F.);
#7569=ADVANCED_FACE('',(#7031),#414,.F.);
#7570=ADVANCED_FACE('',(#7032),#415,.F.);
#7571=ADVANCED_FACE('',(#7033),#416,.F.);
#7572=ADVANCED_FACE('',(#7034),#417,.F.);
#7573=ADVANCED_FACE('',(#7035),#418,.F.);
#7574=ADVANCED_FACE('',(#7036),#419,.F.);
#7575=ADVANCED_FACE('',(#7037,#7038),#7296,.F.);
#7576=ADVANCED_FACE('',(#7039),#7297,.F.);
#7577=ADVANCED_FACE('',(#7040,#7041),#7298,.F.);
#7578=ADVANCED_FACE('',(#7042),#7299,.F.);
#7579=ADVANCED_FACE('',(#7043),#420,.F.);
#7580=ADVANCED_FACE('',(#7044),#199,.F.);
#7581=ADVANCED_FACE('',(#7045),#7300,.F.);
#7582=ADVANCED_FACE('',(#7046),#200,.T.);
#7583=ADVANCED_FACE('',(#7047),#201,.T.);
#7584=ADVANCED_FACE('',(#7048),#202,.T.);
#7585=ADVANCED_FACE('',(#7049),#421,.F.);
#7586=ADVANCED_FACE('',(#7050),#203,.T.);
#7587=ADVANCED_FACE('',(#7051),#204,.F.);
#7588=ADVANCED_FACE('',(#7052),#205,.T.);
#7589=ADVANCED_FACE('',(#7053),#206,.T.);
#7590=ADVANCED_FACE('',(#7054),#207,.T.);
#7591=ADVANCED_FACE('',(#7055),#208,.T.);
#7592=ADVANCED_FACE('',(#7056),#209,.T.);
#7593=ADVANCED_FACE('',(#7057),#210,.T.);
#7594=ADVANCED_FACE('',(#7058),#211,.T.);
#7595=ADVANCED_FACE('',(#7059),#212,.T.);
#7596=ADVANCED_FACE('',(#7060),#213,.T.);
#7597=ADVANCED_FACE('',(#7061),#214,.T.);
#7598=ADVANCED_FACE('',(#7062),#215,.F.);
#7599=ADVANCED_FACE('',(#7063),#216,.T.);
#7600=ADVANCED_FACE('',(#7064),#217,.T.);
#7601=ADVANCED_FACE('',(#7065),#218,.T.);
#7602=ADVANCED_FACE('',(#7066),#219,.T.);
#7603=ADVANCED_FACE('',(#7067),#220,.T.);
#7604=ADVANCED_FACE('',(#7068),#221,.F.);
#7605=ADVANCED_FACE('',(#7069,#7070),#222,.F.);
#7606=ADVANCED_FACE('',(#7071,#7072),#223,.F.);
#7607=ADVANCED_FACE('',(#7073),#224,.F.);
#7608=ADVANCED_FACE('',(#7074),#225,.F.);
#7609=ADVANCED_FACE('',(#7075),#226,.F.);
#7610=ADVANCED_FACE('',(#7076),#227,.F.);
#7611=ADVANCED_FACE('',(#7077),#228,.F.);
#7612=ADVANCED_FACE('',(#7078),#229,.T.);
#7613=ADVANCED_FACE('',(#7079),#230,.T.);
#7614=ADVANCED_FACE('',(#7080),#231,.T.);
#7615=ADVANCED_FACE('',(#7081),#232,.T.);
#7616=ADVANCED_FACE('',(#7082),#233,.T.);
#7617=ADVANCED_FACE('',(#7083),#234,.T.);
#7618=ADVANCED_FACE('',(#7084),#235,.T.);
#7619=ADVANCED_FACE('',(#7085),#236,.T.);
#7620=ADVANCED_FACE('',(#7086),#237,.T.);
#7621=ADVANCED_FACE('',(#7087),#238,.F.);
#7622=ADVANCED_FACE('',(#7088),#239,.T.);
#7623=ADVANCED_FACE('',(#7089),#240,.T.);
#7624=ADVANCED_FACE('',(#7090),#241,.F.);
#7625=ADVANCED_FACE('',(#7091),#242,.T.);
#7626=ADVANCED_FACE('',(#7092),#243,.T.);
#7627=ADVANCED_FACE('',(#7093),#244,.F.);
#7628=ADVANCED_FACE('',(#7094),#245,.F.);
#7629=ADVANCED_FACE('',(#7095),#246,.T.);
#7630=ADVANCED_FACE('',(#7096),#247,.F.);
#7631=ADVANCED_FACE('',(#7097),#248,.F.);
#7632=ADVANCED_FACE('',(#7098),#249,.F.);
#7633=ADVANCED_FACE('',(#7099,#7100),#250,.F.);
#7634=ADVANCED_FACE('',(#7101),#251,.F.);
#7635=ADVANCED_FACE('',(#7102),#252,.F.);
#7636=ADVANCED_FACE('',(#7103),#253,.F.);
#7637=ADVANCED_FACE('',(#7104,#7105),#254,.F.);
#7638=ADVANCED_FACE('',(#7106),#255,.F.);
#7639=ADVANCED_FACE('',(#7107),#256,.F.);
#7640=ADVANCED_FACE('',(#7108),#257,.F.);
#7641=ADVANCED_FACE('',(#7109,#7110),#258,.F.);
#7642=ADVANCED_FACE('',(#7111),#259,.T.);
#7643=ADVANCED_FACE('',(#7112),#260,.T.);
#7644=ADVANCED_FACE('',(#7113),#7301,.F.);
#7645=ADVANCED_FACE('',(#7114),#261,.T.);
#7646=ADVANCED_FACE('',(#7115),#262,.T.);
#7647=ADVANCED_FACE('',(#7116),#263,.T.);
#7648=ADVANCED_FACE('',(#7117),#264,.T.);
#7649=ADVANCED_FACE('',(#7118),#265,.T.);
#7650=ADVANCED_FACE('',(#7119),#266,.T.);
#7651=ADVANCED_FACE('',(#7120),#267,.T.);
#7652=ADVANCED_FACE('',(#7121,#7122),#7302,.F.);
#7653=ADVANCED_FACE('',(#7123,#7124),#7303,.F.);
#7654=ADVANCED_FACE('',(#7125,#7126),#422,.F.);
#7655=ADVANCED_FACE('',(#7127,#7128),#7304,.F.);
#7656=ADVANCED_FACE('',(#7129),#268,.T.);
#7657=ADVANCED_FACE('',(#7130,#7131),#423,.F.);
#7658=ADVANCED_FACE('',(#7132,#7133),#7305,.F.);
#7659=ADVANCED_FACE('',(#7134,#7135),#424,.F.);
#7660=ADVANCED_FACE('',(#7136,#7137),#7306,.F.);
#7661=ADVANCED_FACE('',(#7138,#7139),#7307,.F.);
#7662=ADVANCED_FACE('',(#7140,#7141),#7308,.F.);
#7663=ADVANCED_FACE('',(#7142,#7143),#425,.F.);
#7664=ADVANCED_FACE('',(#7144,#7145),#426,.F.);
#7665=ADVANCED_FACE('',(#7146,#7147),#7309,.F.);
#7666=ADVANCED_FACE('',(#7148,#7149),#269,.T.);
#7667=ADVANCED_FACE('',(#7150,#7151),#7310,.F.);
#7668=ADVANCED_FACE('',(#7152,#7153),#7311,.F.);
#7669=ADVANCED_FACE('',(#7154),#7312,.F.);
#7670=ADVANCED_FACE('',(#7155),#7313,.F.);
#7671=ADVANCED_FACE('',(#7156),#270,.F.);
#7672=ADVANCED_FACE('',(#7157),#271,.T.);
#7673=ADVANCED_FACE('',(#7158),#272,.T.);
#7674=ADVANCED_FACE('',(#7159),#273,.F.);
#7675=ADVANCED_FACE('',(#7160),#274,.T.);
#7676=ADVANCED_FACE('',(#7161),#275,.T.);
#7677=ADVANCED_FACE('',(#7162,#7163),#276,.F.);
#7678=ADVANCED_FACE('',(#7164),#277,.F.);
#7679=ADVANCED_FACE('',(#7165),#7314,.F.);
#7680=ADVANCED_FACE('',(#7166),#278,.T.);
#7681=ADVANCED_FACE('',(#7167),#279,.F.);
#7682=ADVANCED_FACE('',(#7168),#7315,.F.);
#7683=ADVANCED_FACE('',(#7169),#280,.T.);
#7684=ADVANCED_FACE('',(#7170),#281,.F.);
#7685=ADVANCED_FACE('',(#7171),#282,.T.);
#7686=ADVANCED_FACE('',(#7172),#283,.T.);
#7687=ADVANCED_FACE('',(#7173),#284,.F.);
#7688=ADVANCED_FACE('',(#7174),#285,.T.);
#7689=ADVANCED_FACE('',(#7175),#286,.T.);
#7690=ADVANCED_FACE('',(#7176,#7177),#287,.F.);
#7691=ADVANCED_FACE('',(#7178),#288,.F.);
#7692=ADVANCED_FACE('',(#7179),#7316,.F.);
#7693=ADVANCED_FACE('',(#7180),#289,.T.);
#7694=ADVANCED_FACE('',(#7181),#290,.F.);
#7695=ADVANCED_FACE('',(#7182),#7317,.F.);
#7696=ADVANCED_FACE('',(#7183),#291,.T.);
#7697=ADVANCED_FACE('',(#7184),#292,.F.);
#7698=ADVANCED_FACE('',(#7185),#293,.T.);
#7699=ADVANCED_FACE('',(#7186),#294,.T.);
#7700=ADVANCED_FACE('',(#7187),#295,.F.);
#7701=ADVANCED_FACE('',(#7188),#296,.T.);
#7702=ADVANCED_FACE('',(#7189),#297,.T.);
#7703=ADVANCED_FACE('',(#7190,#7191),#298,.F.);
#7704=ADVANCED_FACE('',(#7192),#299,.F.);
#7705=ADVANCED_FACE('',(#7193),#7318,.F.);
#7706=ADVANCED_FACE('',(#7194),#300,.T.);
#7707=ADVANCED_FACE('',(#7195),#301,.F.);
#7708=ADVANCED_FACE('',(#7196),#7319,.F.);
#7709=ADVANCED_FACE('',(#7197),#302,.T.);
#7710=ADVANCED_FACE('',(#7198),#303,.F.);
#7711=ADVANCED_FACE('',(#7199),#304,.T.);
#7712=ADVANCED_FACE('',(#7200),#305,.T.);
#7713=ADVANCED_FACE('',(#7201),#306,.F.);
#7714=ADVANCED_FACE('',(#7202),#307,.T.);
#7715=ADVANCED_FACE('',(#7203),#308,.T.);
#7716=ADVANCED_FACE('',(#7204,#7205),#309,.F.);
#7717=ADVANCED_FACE('',(#7206),#310,.F.);
#7718=ADVANCED_FACE('',(#7207),#7320,.F.);
#7719=ADVANCED_FACE('',(#7208),#311,.T.);
#7720=ADVANCED_FACE('',(#7209),#312,.F.);
#7721=ADVANCED_FACE('',(#7210),#7321,.F.);
#7722=ADVANCED_FACE('',(#7211),#313,.T.);
#7723=ADVANCED_FACE('',(#7212),#314,.F.);
#7724=ADVANCED_FACE('',(#7213),#315,.T.);
#7725=ADVANCED_FACE('',(#7214),#316,.T.);
#7726=ADVANCED_FACE('',(#7215),#317,.T.);
#7727=ADVANCED_FACE('',(#7216),#318,.F.);
#7728=ADVANCED_FACE('',(#7217),#319,.T.);
#7729=ADVANCED_FACE('',(#7218),#320,.F.);
#7730=ADVANCED_FACE('',(#7219),#321,.T.);
#7731=ADVANCED_FACE('',(#7220),#322,.T.);
#7732=ADVANCED_FACE('',(#7221),#323,.T.);
#7733=ADVANCED_FACE('',(#7222),#324,.F.);
#7734=ADVANCED_FACE('',(#7223),#325,.T.);
#7735=ADVANCED_FACE('',(#7224),#326,.F.);
#7736=ADVANCED_FACE('',(#7225),#327,.F.);
#7737=ADVANCED_FACE('',(#7226),#328,.F.);
#7738=ADVANCED_FACE('',(#7227),#329,.F.);
#7739=ADVANCED_FACE('',(#7228),#330,.T.);
#7740=ADVANCED_FACE('',(#7229),#331,.T.);
#7741=ADVANCED_FACE('',(#7230),#332,.T.);
#7742=ADVANCED_FACE('',(#7231),#333,.F.);
#7743=ADVANCED_FACE('',(#7232),#334,.F.);
#7744=ADVANCED_FACE('',(#7233),#335,.T.);
#7745=ADVANCED_FACE('',(#7234),#336,.F.);
#7746=ADVANCED_FACE('',(#7235),#337,.F.);
#7747=ADVANCED_FACE('',(#7236,#7237),#427,.F.);
#7748=ADVANCED_FACE('',(#7238,#7239),#428,.F.);
#7749=ADVANCED_FACE('',(#7240,#7241),#338,.F.);
#7750=ADVANCED_FACE('',(#7242,#7243),#339,.T.);
#7751=ADVANCED_FACE('',(#7244),#340,.T.);
#7752=ADVANCED_FACE('',(#7245),#341,.F.);
#7753=ADVANCED_FACE('',(#7246),#342,.T.);
#7754=ADVANCED_FACE('',(#7247,#7248),#343,.F.);
#7755=ADVANCED_FACE('',(#7249,#7250),#344,.T.);
#7756=ADVANCED_FACE('',(#7251),#345,.F.);
#7757=ADVANCED_FACE('',(#7252),#346,.T.);
#7758=ADVANCED_FACE('',(#7253),#347,.T.);
#7759=ADVANCED_FACE('',(#7254),#348,.F.);
#7760=ADVANCED_FACE('',(#7255),#349,.F.);
#7761=ADVANCED_FACE('',(#7256),#7322,.F.);
#7762=ADVANCED_FACE('',(#7257),#7323,.F.);
#7763=ADVANCED_FACE('',(#7258,#7259),#7324,.F.);
#7764=ADVANCED_FACE('',(#7260,#7261),#7325,.F.);
#7765=CLOSED_SHELL('',(#7326,#7327,#7328,#7329,#7330,#7331,#7332,#7333,
#7334,#7335,#7336,#7337,#7338,#7339,#7340,#7341,#7342,#7343,#7344,#7345,
#7346,#7347,#7348,#7349,#7350,#7351,#7352,#7353,#7354,#7355,#7356,#7357,
#7358,#7359,#7360,#7361,#7362,#7363,#7364,#7365,#7366,#7367,#7368,#7369,
#7370,#7371,#7372,#7373,#7374,#7375,#7376,#7377,#7378,#7379,#7380,#7381,
#7382,#7383,#7384,#7385,#7386,#7387,#7388,#7389,#7390,#7391,#7392,#7393,
#7394,#7395,#7396,#7397,#7398,#7399,#7400,#7401,#7402,#7403,#7404,#7405,
#7406,#7407,#7408,#7409,#7410,#7411,#7412,#7413,#7414,#7415,#7416,#7417,
#7418,#7419,#7420,#7421,#7422,#7423,#7424,#7425,#7426,#7427,#7428,#7429,
#7430,#7431,#7432,#7433,#7434,#7435,#7436,#7437,#7438,#7439,#7440,#7441,
#7442,#7443,#7444,#7445,#7446,#7447,#7448,#7449,#7450,#7451,#7452,#7453,
#7454,#7455,#7456,#7457,#7458,#7459,#7460,#7461,#7462,#7463,#7464,#7465,
#7466,#7467,#7468,#7469,#7470,#7471,#7472,#7473,#7474,#7475,#7476,#7477,
#7478,#7479,#7480,#7481,#7482,#7483,#7484,#7485,#7486,#7487,#7488,#7489,
#7490,#7491,#7492,#7493,#7494,#7495,#7496,#7497,#7498,#7499,#7500,#7501,
#7502,#7503,#7504,#7505,#7506,#7507,#7508,#7509,#7510,#7511,#7512,#7513,
#7514,#7515,#7516,#7517,#7518,#7519,#7520,#7521,#7522,#7523,#7524,#7525,
#7526,#7527,#7528,#7529,#7530,#7531,#7532,#7533,#7534,#7535,#7536,#7537,
#7538,#7539,#7540,#7541,#7542,#7543,#7544,#7545,#7546,#7547,#7548,#7549,
#7550,#7551,#7552,#7553,#7554,#7555,#7556,#7557,#7558,#7559,#7560,#7561,
#7562,#7563,#7564,#7565,#7566,#7567,#7568,#7569,#7570,#7571,#7572,#7573,
#7574,#7575,#7576,#7577,#7578,#7579,#7580,#7581,#7582,#7583,#7584,#7585,
#7586,#7587,#7588,#7589,#7590,#7591,#7592,#7593,#7594,#7595,#7596,#7597,
#7598,#7599,#7600,#7601,#7602,#7603,#7604,#7605,#7606,#7607,#7608,#7609,
#7610,#7611,#7612,#7613,#7614,#7615,#7616,#7617,#7618,#7619,#7620,#7621,
#7622,#7623,#7624,#7625,#7626,#7627,#7628,#7629,#7630,#7631,#7632,#7633,
#7634,#7635,#7636,#7637,#7638,#7639,#7640,#7641,#7642,#7643,#7644,#7645,
#7646,#7647,#7648,#7649,#7650,#7651,#7652,#7653,#7654,#7655,#7656,#7657,
#7658,#7659,#7660,#7661,#7662,#7663,#7664,#7665,#7666,#7667,#7668,#7669,
#7670,#7671,#7672,#7673,#7674,#7675,#7676,#7677,#7678,#7679,#7680,#7681,
#7682,#7683,#7684,#7685,#7686,#7687,#7688,#7689,#7690,#7691,#7692,#7693,
#7694,#7695,#7696,#7697,#7698,#7699,#7700,#7701,#7702,#7703,#7704,#7705,
#7706,#7707,#7708,#7709,#7710,#7711,#7712,#7713,#7714,#7715,#7716,#7717,
#7718,#7719,#7720,#7721,#7722,#7723,#7724,#7725,#7726,#7727,#7728,#7729,
#7730,#7731,#7732,#7733,#7734,#7735,#7736,#7737,#7738,#7739,#7740,#7741,
#7742,#7743,#7744,#7745,#7746,#7747,#7748,#7749,#7750,#7751,#7752,#7753,
#7754,#7755,#7756,#7757,#7758,#7759,#7760,#7761,#7762,#7763,#7764));
#7766=STYLED_ITEM('',(#7767),#7774);
#7767=PRESENTATION_STYLE_ASSIGNMENT((#7768));
#7768=SURFACE_STYLE_USAGE(.BOTH.,#7769);
#7769=SURFACE_SIDE_STYLE('',(#7770));
#7770=SURFACE_STYLE_FILL_AREA(#7771);
#7771=FILL_AREA_STYLE('',(#7772));
#7772=FILL_AREA_STYLE_COLOUR('',#7773);
#7773=COLOUR_RGB('',0.627450980392157,0.627450980392157,0.627450980392157);
#7774=MANIFOLD_SOLID_BREP('Plate:1__Plate',#7765);
#7775=SHAPE_DEFINITION_REPRESENTATION(#12854,#7776);
#7776=SHAPE_REPRESENTATION('Plate:1__Plate',(#7777),#12849);
#7777=AXIS2_PLACEMENT_3D('',#10527,#8423,#8424);
#7778=AXIS2_PLACEMENT_3D('',#10528,#8425,#8426);
#7779=AXIS2_PLACEMENT_3D('',#10529,#8427,#8428);
#7780=AXIS2_PLACEMENT_3D('',#10534,#8430,#8431);
#7781=AXIS2_PLACEMENT_3D('',#10537,#8433,#8434);
#7782=AXIS2_PLACEMENT_3D('',#10538,#8435,#8436);
#7783=AXIS2_PLACEMENT_3D('',#10543,#8438,#8439);
#7784=AXIS2_PLACEMENT_3D('',#10546,#8441,#8442);
#7785=AXIS2_PLACEMENT_3D('',#10547,#8443,#8444);
#7786=AXIS2_PLACEMENT_3D('',#10555,#8445,#8446);
#7787=AXIS2_PLACEMENT_3D('',#10556,#8447,#8448);
#7788=AXIS2_PLACEMENT_3D('',#10559,#8451,#8452);
#7789=AXIS2_PLACEMENT_3D('',#10562,#8455,#8456);
#7790=AXIS2_PLACEMENT_3D('',#10576,#8461,#8462);
#7791=AXIS2_PLACEMENT_3D('',#10582,#8466,#8467);
#7792=AXIS2_PLACEMENT_3D('',#10608,#8481,#8482);
#7793=AXIS2_PLACEMENT_3D('',#10614,#8486,#8487);
#7794=AXIS2_PLACEMENT_3D('',#10628,#8492,#8493);
#7795=AXIS2_PLACEMENT_3D('',#10635,#8494,#8495);
#7796=AXIS2_PLACEMENT_3D('',#10644,#8497,#8498);
#7797=AXIS2_PLACEMENT_3D('',#10649,#8501,#8502);
#7798=AXIS2_PLACEMENT_3D('',#10656,#8503,#8504);
#7799=AXIS2_PLACEMENT_3D('',#10660,#8506,#8507);
#7800=AXIS2_PLACEMENT_3D('',#10666,#8508,#8509);
#7801=AXIS2_PLACEMENT_3D('',#10668,#8510,#8511);
#7802=AXIS2_PLACEMENT_3D('',#10674,#8515,#8516);
#7803=AXIS2_PLACEMENT_3D('',#10685,#8522,#8523);
#7804=AXIS2_PLACEMENT_3D('',#10691,#8527,#8528);
#7805=AXIS2_PLACEMENT_3D('',#10695,#8531,#8532);
#7806=AXIS2_PLACEMENT_3D('',#10701,#8535,#8536);
#7807=AXIS2_PLACEMENT_3D('',#10721,#8546,#8547);
#7808=AXIS2_PLACEMENT_3D('',#10724,#8549,#8550);
#7809=AXIS2_PLACEMENT_3D('',#10730,#8553,#8554);
#7810=AXIS2_PLACEMENT_3D('',#10757,#8569,#8570);
#7811=AXIS2_PLACEMENT_3D('',#10759,#8571,#8572);
#7812=AXIS2_PLACEMENT_3D('',#10761,#8573,#8574);
#7813=AXIS2_PLACEMENT_3D('',#10763,#8575,#8576);
#7814=AXIS2_PLACEMENT_3D('',#10765,#8577,#8578);
#7815=AXIS2_PLACEMENT_3D('',#10768,#8579,#8580);
#7816=AXIS2_PLACEMENT_3D('',#10769,#8581,#8582);
#7817=AXIS2_PLACEMENT_3D('',#10772,#8583,#8584);
#7818=AXIS2_PLACEMENT_3D('',#10774,#8585,#8586);
#7819=AXIS2_PLACEMENT_3D('',#10776,#8587,#8588);
#7820=AXIS2_PLACEMENT_3D('',#10778,#8589,#8590);
#7821=AXIS2_PLACEMENT_3D('',#10780,#8591,#8592);
#7822=AXIS2_PLACEMENT_3D('',#10782,#8593,#8594);
#7823=AXIS2_PLACEMENT_3D('',#10784,#8595,#8596);
#7824=AXIS2_PLACEMENT_3D('',#10785,#8597,#8598);
#7825=AXIS2_PLACEMENT_3D('',#10788,#8599,#8600);
#7826=AXIS2_PLACEMENT_3D('',#10789,#8601,#8602);
#7827=AXIS2_PLACEMENT_3D('',#10791,#8603,#8604);
#7828=AXIS2_PLACEMENT_3D('',#10793,#8605,#8606);
#7829=AXIS2_PLACEMENT_3D('',#10795,#8607,#8608);
#7830=AXIS2_PLACEMENT_3D('',#10797,#8609,#8610);
#7831=AXIS2_PLACEMENT_3D('',#10799,#8611,#8612);
#7832=AXIS2_PLACEMENT_3D('',#10801,#8613,#8614);
#7833=AXIS2_PLACEMENT_3D('',#10803,#8615,#8616);
#7834=AXIS2_PLACEMENT_3D('',#10805,#8617,#8618);
#7835=AXIS2_PLACEMENT_3D('',#10811,#8622,#8623);
#7836=AXIS2_PLACEMENT_3D('',#10817,#8627,#8628);
#7837=AXIS2_PLACEMENT_3D('',#10821,#8631,#8632);
#7838=AXIS2_PLACEMENT_3D('',#10822,#8633,#8634);
#7839=AXIS2_PLACEMENT_3D('',#10824,#8635,#8636);
#7840=AXIS2_PLACEMENT_3D('',#10825,#8637,#8638);
#7841=AXIS2_PLACEMENT_3D('',#10827,#8639,#8640);
#7842=AXIS2_PLACEMENT_3D('',#10839,#8641,#8642);
#7843=AXIS2_PLACEMENT_3D('',#10842,#8644,#8645);
#7844=AXIS2_PLACEMENT_3D('',#10859,#8647,#8648);
#7845=AXIS2_PLACEMENT_3D('',#10860,#8649,#8650);
#7846=AXIS2_PLACEMENT_3D('',#10862,#8651,#8652);
#7847=AXIS2_PLACEMENT_3D('',#10864,#8654,#8655);
#7848=AXIS2_PLACEMENT_3D('',#10874,#8661,#8662);
#7849=AXIS2_PLACEMENT_3D('',#10876,#8664,#8665);
#7850=AXIS2_PLACEMENT_3D('',#10880,#8668,#8669);
#7851=AXIS2_PLACEMENT_3D('',#10904,#8682,#8683);
#7852=AXIS2_PLACEMENT_3D('',#10906,#8685,#8686);
#7853=AXIS2_PLACEMENT_3D('',#10910,#8689,#8690);
#7854=AXIS2_PLACEMENT_3D('',#10914,#8693,#8694);
#7855=AXIS2_PLACEMENT_3D('',#10918,#8697,#8698);
#7856=AXIS2_PLACEMENT_3D('',#10924,#8702,#8703);
#7857=AXIS2_PLACEMENT_3D('',#10928,#8706,#8707);
#7858=AXIS2_PLACEMENT_3D('',#10930,#8709,#8710);
#7859=AXIS2_PLACEMENT_3D('',#10934,#8713,#8714);
#7860=AXIS2_PLACEMENT_3D('',#10935,#8715,#8716);
#7861=AXIS2_PLACEMENT_3D('',#10937,#8717,#8718);
#7862=AXIS2_PLACEMENT_3D('',#10948,#8724,#8725);
#7863=AXIS2_PLACEMENT_3D('',#10957,#8731,#8732);
#7864=AXIS2_PLACEMENT_3D('',#10968,#8738,#8739);
#7865=AXIS2_PLACEMENT_3D('',#10978,#8745,#8746);
#7866=AXIS2_PLACEMENT_3D('',#11007,#8762,#8763);
#7867=AXIS2_PLACEMENT_3D('',#11017,#8769,#8770);
#7868=AXIS2_PLACEMENT_3D('',#11025,#8775,#8776);
#7869=AXIS2_PLACEMENT_3D('',#11029,#8779,#8780);
#7870=AXIS2_PLACEMENT_3D('',#11037,#8785,#8786);
#7871=AXIS2_PLACEMENT_3D('',#11043,#8790,#8791);
#7872=AXIS2_PLACEMENT_3D('',#11045,#8793,#8794);
#7873=AXIS2_PLACEMENT_3D('',#11048,#8797,#8798);
#7874=AXIS2_PLACEMENT_3D('',#11055,#8800,#8801);
#7875=AXIS2_PLACEMENT_3D('',#11071,#8810,#8811);
#7876=AXIS2_PLACEMENT_3D('',#11072,#8812,#8813);
#7877=AXIS2_PLACEMENT_3D('',#11074,#8814,#8815);
#7878=AXIS2_PLACEMENT_3D('',#11080,#8819,#8820);
#7879=AXIS2_PLACEMENT_3D('',#11090,#8826,#8827);
#7880=AXIS2_PLACEMENT_3D('',#11095,#8831,#8832);
#7881=AXIS2_PLACEMENT_3D('',#11100,#8836,#8837);
#7882=AXIS2_PLACEMENT_3D('',#11104,#8840,#8841);
#7883=AXIS2_PLACEMENT_3D('',#11105,#8842,#8843);
#7884=AXIS2_PLACEMENT_3D('',#11109,#8846,#8847);
#7885=AXIS2_PLACEMENT_3D('',#11113,#8850,#8851);
#7886=AXIS2_PLACEMENT_3D('',#11117,#8854,#8855);
#7887=AXIS2_PLACEMENT_3D('',#11121,#8858,#8859);
#7888=AXIS2_PLACEMENT_3D('',#11125,#8862,#8863);
#7889=AXIS2_PLACEMENT_3D('',#11132,#8868,#8869);
#7890=AXIS2_PLACEMENT_3D('',#11136,#8872,#8873);
#7891=AXIS2_PLACEMENT_3D('',#11137,#8874,#8875);
#7892=AXIS2_PLACEMENT_3D('',#11139,#8877,#8878);
#7893=AXIS2_PLACEMENT_3D('',#11140,#8879,#8880);
#7894=AXIS2_PLACEMENT_3D('',#11142,#8881,#8882);
#7895=AXIS2_PLACEMENT_3D('',#11144,#8883,#8884);
#7896=AXIS2_PLACEMENT_3D('',#11145,#8885,#8886);
#7897=AXIS2_PLACEMENT_3D('',#11148,#8887,#8888);
#7898=AXIS2_PLACEMENT_3D('',#11149,#8889,#8890);
#7899=AXIS2_PLACEMENT_3D('',#11216,#8925,#8926);
#7900=AXIS2_PLACEMENT_3D('',#11218,#8927,#8928);
#7901=AXIS2_PLACEMENT_3D('',#11220,#8929,#8930);
#7902=AXIS2_PLACEMENT_3D('',#11222,#8931,#8932);
#7903=AXIS2_PLACEMENT_3D('',#11224,#8933,#8934);
#7904=AXIS2_PLACEMENT_3D('',#11226,#8935,#8936);
#7905=AXIS2_PLACEMENT_3D('',#11228,#8937,#8938);
#7906=AXIS2_PLACEMENT_3D('',#11230,#8939,#8940);
#7907=AXIS2_PLACEMENT_3D('',#11268,#8959,#8960);
#7908=AXIS2_PLACEMENT_3D('',#11270,#8961,#8962);
#7909=AXIS2_PLACEMENT_3D('',#11271,#8963,#8964);
#7910=AXIS2_PLACEMENT_3D('',#11274,#8965,#8966);
#7911=AXIS2_PLACEMENT_3D('',#11276,#8967,#8968);
#7912=AXIS2_PLACEMENT_3D('',#11278,#8969,#8970);
#7913=AXIS2_PLACEMENT_3D('',#11279,#8971,#8972);
#7914=AXIS2_PLACEMENT_3D('',#11280,#8973,#8974);
#7915=AXIS2_PLACEMENT_3D('',#11282,#8975,#8976);
#7916=AXIS2_PLACEMENT_3D('',#11283,#8977,#8978);
#7917=AXIS2_PLACEMENT_3D('',#11286,#8979,#8980);
#7918=AXIS2_PLACEMENT_3D('',#11288,#8981,#8982);
#7919=AXIS2_PLACEMENT_3D('',#11290,#8983,#8984);
#7920=AXIS2_PLACEMENT_3D('',#11291,#8985,#8986);
#7921=AXIS2_PLACEMENT_3D('',#11292,#8987,#8988);
#7922=AXIS2_PLACEMENT_3D('',#11294,#8989,#8990);
#7923=AXIS2_PLACEMENT_3D('',#11295,#8991,#8992);
#7924=AXIS2_PLACEMENT_3D('',#11297,#8993,#8994);
#7925=AXIS2_PLACEMENT_3D('',#11298,#8995,#8996);
#7926=AXIS2_PLACEMENT_3D('',#11300,#8997,#8998);
#7927=AXIS2_PLACEMENT_3D('',#11301,#8999,#9000);
#7928=AXIS2_PLACEMENT_3D('',#11303,#9001,#9002);
#7929=AXIS2_PLACEMENT_3D('',#11309,#9006,#9007);
#7930=AXIS2_PLACEMENT_3D('',#11313,#9010,#9011);
#7931=AXIS2_PLACEMENT_3D('',#11317,#9014,#9015);
#7932=AXIS2_PLACEMENT_3D('',#11321,#9018,#9019);
#7933=AXIS2_PLACEMENT_3D('',#11325,#9022,#9023);
#7934=AXIS2_PLACEMENT_3D('',#11327,#9025,#9026);
#7935=AXIS2_PLACEMENT_3D('',#11333,#9030,#9031);
#7936=AXIS2_PLACEMENT_3D('',#11337,#9034,#9035);
#7937=AXIS2_PLACEMENT_3D('',#11341,#9038,#9039);
#7938=AXIS2_PLACEMENT_3D('',#11342,#9040,#9041);
#7939=AXIS2_PLACEMENT_3D('',#11344,#9042,#9043);
#7940=AXIS2_PLACEMENT_3D('',#11345,#9044,#9045);
#7941=AXIS2_PLACEMENT_3D('',#11348,#9046,#9047);
#7942=AXIS2_PLACEMENT_3D('',#11350,#9048,#9049);
#7943=AXIS2_PLACEMENT_3D('',#11352,#9050,#9051);
#7944=AXIS2_PLACEMENT_3D('',#11353,#9052,#9053);
#7945=AXIS2_PLACEMENT_3D('',#11359,#9057,#9058);
#7946=AXIS2_PLACEMENT_3D('',#11365,#9062,#9063);
#7947=AXIS2_PLACEMENT_3D('',#11367,#9065,#9066);
#7948=AXIS2_PLACEMENT_3D('',#11371,#9069,#9070);
#7949=AXIS2_PLACEMENT_3D('',#11375,#9073,#9074);
#7950=AXIS2_PLACEMENT_3D('',#11377,#9076,#9077);
#7951=AXIS2_PLACEMENT_3D('',#11383,#9081,#9082);
#7952=AXIS2_PLACEMENT_3D('',#11387,#9085,#9086);
#7953=AXIS2_PLACEMENT_3D('',#11391,#9089,#9090);
#7954=AXIS2_PLACEMENT_3D('',#11397,#9094,#9095);
#7955=AXIS2_PLACEMENT_3D('',#11403,#9099,#9100);
#7956=AXIS2_PLACEMENT_3D('',#11405,#9102,#9103);
#7957=AXIS2_PLACEMENT_3D('',#11409,#9106,#9107);
#7958=AXIS2_PLACEMENT_3D('',#11413,#9110,#9111);
#7959=AXIS2_PLACEMENT_3D('',#11415,#9113,#9114);
#7960=AXIS2_PLACEMENT_3D('',#11421,#9118,#9119);
#7961=AXIS2_PLACEMENT_3D('',#11425,#9122,#9123);
#7962=AXIS2_PLACEMENT_3D('',#11429,#9126,#9127);
#7963=AXIS2_PLACEMENT_3D('',#11430,#9128,#9129);
#7964=AXIS2_PLACEMENT_3D('',#11432,#9130,#9131);
#7965=AXIS2_PLACEMENT_3D('',#11433,#9132,#9133);
#7966=AXIS2_PLACEMENT_3D('',#11436,#9134,#9135);
#7967=AXIS2_PLACEMENT_3D('',#11438,#9136,#9137);
#7968=AXIS2_PLACEMENT_3D('',#11440,#9138,#9139);
#7969=AXIS2_PLACEMENT_3D('',#11441,#9140,#9141);
#7970=AXIS2_PLACEMENT_3D('',#11442,#9142,#9143);
#7971=AXIS2_PLACEMENT_3D('',#11444,#9144,#9145);
#7972=AXIS2_PLACEMENT_3D('',#11445,#9146,#9147);
#7973=AXIS2_PLACEMENT_3D('',#11448,#9148,#9149);
#7974=AXIS2_PLACEMENT_3D('',#11450,#9150,#9151);
#7975=AXIS2_PLACEMENT_3D('',#11452,#9152,#9153);
#7976=AXIS2_PLACEMENT_3D('',#11453,#9154,#9155);
#7977=AXIS2_PLACEMENT_3D('',#11454,#9156,#9157);
#7978=AXIS2_PLACEMENT_3D('',#11456,#9158,#9159);
#7979=AXIS2_PLACEMENT_3D('',#11457,#9160,#9161);
#7980=AXIS2_PLACEMENT_3D('',#11460,#9162,#9163);
#7981=AXIS2_PLACEMENT_3D('',#11462,#9164,#9165);
#7982=AXIS2_PLACEMENT_3D('',#11464,#9166,#9167);
#7983=AXIS2_PLACEMENT_3D('',#11465,#9168,#9169);
#7984=AXIS2_PLACEMENT_3D('',#11468,#9172,#9173);
#7985=AXIS2_PLACEMENT_3D('',#11470,#9175,#9176);
#7986=AXIS2_PLACEMENT_3D('',#11474,#9179,#9180);
#7987=AXIS2_PLACEMENT_3D('',#11478,#9183,#9184);
#7988=AXIS2_PLACEMENT_3D('',#11481,#9187,#9188);
#7989=AXIS2_PLACEMENT_3D('',#11483,#9190,#9191);
#7990=AXIS2_PLACEMENT_3D('',#11489,#9195,#9196);
#7991=AXIS2_PLACEMENT_3D('',#11495,#9200,#9201);
#7992=AXIS2_PLACEMENT_3D('',#11499,#9204,#9205);
#7993=AXIS2_PLACEMENT_3D('',#11505,#9209,#9210);
#7994=AXIS2_PLACEMENT_3D('',#11509,#9213,#9214);
#7995=AXIS2_PLACEMENT_3D('',#11513,#9217,#9218);
#7996=AXIS2_PLACEMENT_3D('',#11517,#9221,#9222);
#7997=AXIS2_PLACEMENT_3D('',#11521,#9225,#9226);
#7998=AXIS2_PLACEMENT_3D('',#11527,#9230,#9231);
#7999=AXIS2_PLACEMENT_3D('',#11533,#9235,#9236);
#8000=AXIS2_PLACEMENT_3D('',#11537,#9239,#9240);
#8001=AXIS2_PLACEMENT_3D('',#11541,#9243,#9244);
#8002=AXIS2_PLACEMENT_3D('',#11545,#9247,#9248);
#8003=AXIS2_PLACEMENT_3D('',#11547,#9250,#9251);
#8004=AXIS2_PLACEMENT_3D('',#11551,#9254,#9255);
#8005=AXIS2_PLACEMENT_3D('',#11555,#9258,#9259);
#8006=AXIS2_PLACEMENT_3D('',#11557,#9261,#9262);
#8007=AXIS2_PLACEMENT_3D('',#11561,#9265,#9266);
#8008=AXIS2_PLACEMENT_3D('',#11565,#9269,#9270);
#8009=AXIS2_PLACEMENT_3D('',#11567,#9272,#9273);
#8010=AXIS2_PLACEMENT_3D('',#11569,#9275,#9276);
#8011=AXIS2_PLACEMENT_3D('',#11573,#9279,#9280);
#8012=AXIS2_PLACEMENT_3D('',#11577,#9283,#9284);
#8013=AXIS2_PLACEMENT_3D('',#11579,#9286,#9287);
#8014=AXIS2_PLACEMENT_3D('',#11581,#9289,#9290);
#8015=AXIS2_PLACEMENT_3D('',#11583,#9292,#9293);
#8016=AXIS2_PLACEMENT_3D('',#11585,#9295,#9296);
#8017=AXIS2_PLACEMENT_3D('',#11587,#9298,#9299);
#8018=AXIS2_PLACEMENT_3D('',#11589,#9301,#9302);
#8019=AXIS2_PLACEMENT_3D('',#11593,#9305,#9306);
#8020=AXIS2_PLACEMENT_3D('',#11597,#9309,#9310);
#8021=AXIS2_PLACEMENT_3D('',#11599,#9312,#9313);
#8022=AXIS2_PLACEMENT_3D('',#11601,#9315,#9316);
#8023=AXIS2_PLACEMENT_3D('',#11604,#9318,#9319);
#8024=AXIS2_PLACEMENT_3D('',#11625,#9330,#9331);
#8025=AXIS2_PLACEMENT_3D('',#11627,#9332,#9333);
#8026=AXIS2_PLACEMENT_3D('',#11639,#9337,#9338);
#8027=AXIS2_PLACEMENT_3D('',#11647,#9343,#9344);
#8028=AXIS2_PLACEMENT_3D('',#11651,#9347,#9348);
#8029=AXIS2_PLACEMENT_3D('',#11655,#9351,#9352);
#8030=AXIS2_PLACEMENT_3D('',#11661,#9356,#9357);
#8031=AXIS2_PLACEMENT_3D('',#11667,#9361,#9362);
#8032=AXIS2_PLACEMENT_3D('',#11678,#9369,#9370);
#8033=AXIS2_PLACEMENT_3D('',#11680,#9371,#9372);
#8034=AXIS2_PLACEMENT_3D('',#11684,#9375,#9376);
#8035=AXIS2_PLACEMENT_3D('',#11688,#9379,#9380);
#8036=AXIS2_PLACEMENT_3D('',#11689,#9381,#9382);
#8037=AXIS2_PLACEMENT_3D('',#11695,#9383,#9384);
#8038=AXIS2_PLACEMENT_3D('',#11696,#9385,#9386);
#8039=AXIS2_PLACEMENT_3D('',#11698,#9387,#9388);
#8040=AXIS2_PLACEMENT_3D('',#11699,#9389,#9390);
#8041=AXIS2_PLACEMENT_3D('',#11701,#9391,#9392);
#8042=AXIS2_PLACEMENT_3D('',#11702,#9393,#9394);
#8043=AXIS2_PLACEMENT_3D('',#11704,#9395,#9396);
#8044=AXIS2_PLACEMENT_3D('',#11705,#9397,#9398);
#8045=AXIS2_PLACEMENT_3D('',#11707,#9399,#9400);
#8046=AXIS2_PLACEMENT_3D('',#11708,#9401,#9402);
#8047=AXIS2_PLACEMENT_3D('',#11710,#9403,#9404);
#8048=AXIS2_PLACEMENT_3D('',#11711,#9405,#9406);
#8049=AXIS2_PLACEMENT_3D('',#11713,#9407,#9408);
#8050=AXIS2_PLACEMENT_3D('',#11714,#9409,#9410);
#8051=AXIS2_PLACEMENT_3D('',#11716,#9411,#9412);
#8052=AXIS2_PLACEMENT_3D('',#11717,#9413,#9414);
#8053=AXIS2_PLACEMENT_3D('',#11718,#9415,#9416);
#8054=AXIS2_PLACEMENT_3D('',#11720,#9417,#9418);
#8055=AXIS2_PLACEMENT_3D('',#11721,#9419,#9420);
#8056=AXIS2_PLACEMENT_3D('',#11722,#9421,#9422);
#8057=AXIS2_PLACEMENT_3D('',#11724,#9423,#9424);
#8058=AXIS2_PLACEMENT_3D('',#11726,#9425,#9426);
#8059=AXIS2_PLACEMENT_3D('',#11727,#9427,#9428);
#8060=AXIS2_PLACEMENT_3D('',#11728,#9429,#9430);
#8061=AXIS2_PLACEMENT_3D('',#11730,#9431,#9432);
#8062=AXIS2_PLACEMENT_3D('',#11732,#9433,#9434);
#8063=AXIS2_PLACEMENT_3D('',#11733,#9435,#9436);
#8064=AXIS2_PLACEMENT_3D('',#11742,#9441,#9442);
#8065=AXIS2_PLACEMENT_3D('',#11749,#9443,#9444);
#8066=AXIS2_PLACEMENT_3D('',#11750,#9445,#9446);
#8067=AXIS2_PLACEMENT_3D('',#11758,#9451,#9452);
#8068=AXIS2_PLACEMENT_3D('',#11760,#9454,#9455);
#8069=AXIS2_PLACEMENT_3D('',#11762,#9457,#9458);
#8070=AXIS2_PLACEMENT_3D('',#11770,#9463,#9464);
#8071=AXIS2_PLACEMENT_3D('',#11776,#9468,#9469);
#8072=AXIS2_PLACEMENT_3D('',#11782,#9473,#9474);
#8073=AXIS2_PLACEMENT_3D('',#11795,#9482,#9483);
#8074=AXIS2_PLACEMENT_3D('',#11808,#9491,#9492);
#8075=AXIS2_PLACEMENT_3D('',#11812,#9495,#9496);
#8076=AXIS2_PLACEMENT_3D('',#11820,#9501,#9502);
#8077=AXIS2_PLACEMENT_3D('',#11826,#9506,#9507);
#8078=AXIS2_PLACEMENT_3D('',#11828,#9509,#9510);
#8079=AXIS2_PLACEMENT_3D('',#11830,#9512,#9513);
#8080=AXIS2_PLACEMENT_3D('',#11831,#9514,#9515);
#8081=AXIS2_PLACEMENT_3D('',#11832,#9516,#9517);
#8082=AXIS2_PLACEMENT_3D('',#11833,#9518,#9519);
#8083=AXIS2_PLACEMENT_3D('',#11834,#9520,#9521);
#8084=AXIS2_PLACEMENT_3D('',#11838,#9524,#9525);
#8085=AXIS2_PLACEMENT_3D('',#11842,#9528,#9529);
#8086=AXIS2_PLACEMENT_3D('',#11846,#9532,#9533);
#8087=AXIS2_PLACEMENT_3D('',#11850,#9536,#9537);
#8088=AXIS2_PLACEMENT_3D('',#11854,#9540,#9541);
#8089=AXIS2_PLACEMENT_3D('',#11858,#9544,#9545);
#8090=AXIS2_PLACEMENT_3D('',#11862,#9548,#9549);
#8091=AXIS2_PLACEMENT_3D('',#11866,#9552,#9553);
#8092=AXIS2_PLACEMENT_3D('',#11878,#9555,#9556);
#8093=AXIS2_PLACEMENT_3D('',#11890,#9558,#9559);
#8094=AXIS2_PLACEMENT_3D('',#11891,#9560,#9561);
#8095=AXIS2_PLACEMENT_3D('',#11892,#9562,#9563);
#8096=AXIS2_PLACEMENT_3D('',#11893,#9564,#9565);
#8097=AXIS2_PLACEMENT_3D('',#11895,#9566,#9567);
#8098=AXIS2_PLACEMENT_3D('',#11896,#9568,#9569);
#8099=AXIS2_PLACEMENT_3D('',#11897,#9570,#9571);
#8100=AXIS2_PLACEMENT_3D('',#11898,#9572,#9573);
#8101=AXIS2_PLACEMENT_3D('',#11900,#9574,#9575);
#8102=AXIS2_PLACEMENT_3D('',#11901,#9576,#9577);
#8103=AXIS2_PLACEMENT_3D('',#11903,#9579,#9580);
#8104=AXIS2_PLACEMENT_3D('',#11905,#9582,#9583);
#8105=AXIS2_PLACEMENT_3D('',#11906,#9584,#9585);
#8106=AXIS2_PLACEMENT_3D('',#11907,#9586,#9587);
#8107=AXIS2_PLACEMENT_3D('',#11908,#9588,#9589);
#8108=AXIS2_PLACEMENT_3D('',#11910,#9590,#9591);
#8109=AXIS2_PLACEMENT_3D('',#11911,#9592,#9593);
#8110=AXIS2_PLACEMENT_3D('',#11913,#9594,#9595);
#8111=AXIS2_PLACEMENT_3D('',#11914,#9596,#9597);
#8112=AXIS2_PLACEMENT_3D('',#11916,#9598,#9599);
#8113=AXIS2_PLACEMENT_3D('',#11917,#9600,#9601);
#8114=AXIS2_PLACEMENT_3D('',#11919,#9602,#9603);
#8115=AXIS2_PLACEMENT_3D('',#11926,#9608,#9609);
#8116=AXIS2_PLACEMENT_3D('',#11928,#9611,#9612);
#8117=AXIS2_PLACEMENT_3D('',#11930,#9614,#9615);
#8118=AXIS2_PLACEMENT_3D('',#11931,#9616,#9617);
#8119=AXIS2_PLACEMENT_3D('',#11937,#9621,#9622);
#8120=AXIS2_PLACEMENT_3D('',#11938,#9623,#9624);
#8121=AXIS2_PLACEMENT_3D('',#11965,#9639,#9640);
#8122=AXIS2_PLACEMENT_3D('',#11967,#9642,#9643);
#8123=AXIS2_PLACEMENT_3D('',#11972,#9647,#9648);
#8124=AXIS2_PLACEMENT_3D('',#11974,#9650,#9651);
#8125=AXIS2_PLACEMENT_3D('',#11976,#9653,#9654);
#8126=AXIS2_PLACEMENT_3D('',#11982,#9658,#9659);
#8127=AXIS2_PLACEMENT_3D('',#11986,#9662,#9663);
#8128=AXIS2_PLACEMENT_3D('',#11990,#9666,#9667);
#8129=AXIS2_PLACEMENT_3D('',#11997,#9669,#9670);
#8130=AXIS2_PLACEMENT_3D('',#11998,#9671,#9672);
#8131=AXIS2_PLACEMENT_3D('',#12000,#9673,#9674);
#8132=AXIS2_PLACEMENT_3D('',#12001,#9675,#9676);
#8133=AXIS2_PLACEMENT_3D('',#12003,#9677,#9678);
#8134=AXIS2_PLACEMENT_3D('',#12004,#9679,#9680);
#8135=AXIS2_PLACEMENT_3D('',#12006,#9681,#9682);
#8136=AXIS2_PLACEMENT_3D('',#12007,#9683,#9684);
#8137=AXIS2_PLACEMENT_3D('',#12009,#9685,#9686);
#8138=AXIS2_PLACEMENT_3D('',#12015,#9687,#9688);
#8139=AXIS2_PLACEMENT_3D('',#12021,#9689,#9690);
#8140=AXIS2_PLACEMENT_3D('',#12022,#9691,#9692);
#8141=AXIS2_PLACEMENT_3D('',#12023,#9693,#9694);
#8142=AXIS2_PLACEMENT_3D('',#12026,#9696,#9697);
#8143=AXIS2_PLACEMENT_3D('',#12029,#9699,#9700);
#8144=AXIS2_PLACEMENT_3D('',#12035,#9701,#9702);
#8145=AXIS2_PLACEMENT_3D('',#12041,#9703,#9704);
#8146=AXIS2_PLACEMENT_3D('',#12042,#9705,#9706);
#8147=AXIS2_PLACEMENT_3D('',#12043,#9707,#9708);
#8148=AXIS2_PLACEMENT_3D('',#12046,#9710,#9711);
#8149=AXIS2_PLACEMENT_3D('',#12049,#9713,#9714);
#8150=AXIS2_PLACEMENT_3D('',#12055,#9715,#9716);
#8151=AXIS2_PLACEMENT_3D('',#12061,#9717,#9718);
#8152=AXIS2_PLACEMENT_3D('',#12067,#9719,#9720);
#8153=AXIS2_PLACEMENT_3D('',#12068,#9721,#9722);
#8154=AXIS2_PLACEMENT_3D('',#12074,#9723,#9724);
#8155=AXIS2_PLACEMENT_3D('',#12075,#9725,#9726);
#8156=AXIS2_PLACEMENT_3D('',#12081,#9727,#9728);
#8157=AXIS2_PLACEMENT_3D('',#12082,#9729,#9730);
#8158=AXIS2_PLACEMENT_3D('',#12088,#9731,#9732);
#8159=AXIS2_PLACEMENT_3D('',#12089,#9733,#9734);
#8160=AXIS2_PLACEMENT_3D('',#12090,#9735,#9736);
#8161=AXIS2_PLACEMENT_3D('',#12096,#9737,#9738);
#8162=AXIS2_PLACEMENT_3D('',#12097,#9739,#9740);
#8163=AXIS2_PLACEMENT_3D('',#12103,#9741,#9742);
#8164=AXIS2_PLACEMENT_3D('',#12104,#9743,#9744);
#8165=AXIS2_PLACEMENT_3D('',#12105,#9745,#9746);
#8166=AXIS2_PLACEMENT_3D('',#12106,#9747,#9748);
#8167=AXIS2_PLACEMENT_3D('',#12110,#9750,#9751);
#8168=AXIS2_PLACEMENT_3D('',#12117,#9752,#9753);
#8169=AXIS2_PLACEMENT_3D('',#12120,#9755,#9756);
#8170=AXIS2_PLACEMENT_3D('',#12123,#9758,#9759);
#8171=AXIS2_PLACEMENT_3D('',#12124,#9760,#9761);
#8172=AXIS2_PLACEMENT_3D('',#12125,#9762,#9763);
#8173=AXIS2_PLACEMENT_3D('',#12129,#9765,#9766);
#8174=AXIS2_PLACEMENT_3D('',#12136,#9767,#9768);
#8175=AXIS2_PLACEMENT_3D('',#12137,#9769,#9770);
#8176=AXIS2_PLACEMENT_3D('',#12140,#9772,#9773);
#8177=AXIS2_PLACEMENT_3D('',#12141,#9774,#9775);
#8178=AXIS2_PLACEMENT_3D('',#12142,#9776,#9777);
#8179=AXIS2_PLACEMENT_3D('',#12153,#9778,#9779);
#8180=AXIS2_PLACEMENT_3D('',#12158,#9783,#9784);
#8181=AXIS2_PLACEMENT_3D('',#12159,#9785,#9786);
#8182=AXIS2_PLACEMENT_3D('',#12160,#9787,#9788);
#8183=AXIS2_PLACEMENT_3D('',#12164,#9791,#9792);
#8184=AXIS2_PLACEMENT_3D('',#12165,#9793,#9794);
#8185=AXIS2_PLACEMENT_3D('',#12168,#9797,#9798);
#8186=AXIS2_PLACEMENT_3D('',#12173,#9799,#9800);
#8187=AXIS2_PLACEMENT_3D('',#12174,#9801,#9802);
#8188=AXIS2_PLACEMENT_3D('',#12175,#9803,#9804);
#8189=AXIS2_PLACEMENT_3D('',#12179,#9807,#9808);
#8190=AXIS2_PLACEMENT_3D('',#12182,#9811,#9812);
#8191=AXIS2_PLACEMENT_3D('',#12186,#9815,#9816);
#8192=AXIS2_PLACEMENT_3D('',#12188,#9818,#9819);
#8193=AXIS2_PLACEMENT_3D('',#12192,#9822,#9823);
#8194=AXIS2_PLACEMENT_3D('',#12196,#9826,#9827);
#8195=AXIS2_PLACEMENT_3D('',#12200,#9830,#9831);
#8196=AXIS2_PLACEMENT_3D('',#12203,#9834,#9835);
#8197=AXIS2_PLACEMENT_3D('',#12205,#9837,#9838);
#8198=AXIS2_PLACEMENT_3D('',#12206,#9839,#9840);
#8199=AXIS2_PLACEMENT_3D('',#12207,#9841,#9842);
#8200=AXIS2_PLACEMENT_3D('',#12209,#9844,#9845);
#8201=AXIS2_PLACEMENT_3D('',#12213,#9848,#9849);
#8202=AXIS2_PLACEMENT_3D('',#12217,#9852,#9853);
#8203=AXIS2_PLACEMENT_3D('',#12219,#9855,#9856);
#8204=AXIS2_PLACEMENT_3D('',#12220,#9857,#9858);
#8205=AXIS2_PLACEMENT_3D('',#12221,#9859,#9860);
#8206=AXIS2_PLACEMENT_3D('',#12224,#9863,#9864);
#8207=AXIS2_PLACEMENT_3D('',#12233,#9870,#9871);
#8208=AXIS2_PLACEMENT_3D('',#12247,#9879,#9880);
#8209=AXIS2_PLACEMENT_3D('',#12251,#9883,#9884);
#8210=AXIS2_PLACEMENT_3D('',#12257,#9888,#9889);
#8211=AXIS2_PLACEMENT_3D('',#12261,#9892,#9893);
#8212=AXIS2_PLACEMENT_3D('',#12265,#9896,#9897);
#8213=AXIS2_PLACEMENT_3D('',#12283,#9908,#9909);
#8214=AXIS2_PLACEMENT_3D('',#12285,#9911,#9912);
#8215=AXIS2_PLACEMENT_3D('',#12287,#9914,#9915);
#8216=AXIS2_PLACEMENT_3D('',#12289,#9917,#9918);
#8217=AXIS2_PLACEMENT_3D('',#12292,#9921,#9922);
#8218=AXIS2_PLACEMENT_3D('',#12296,#9925,#9926);
#8219=AXIS2_PLACEMENT_3D('',#12298,#9928,#9929);
#8220=AXIS2_PLACEMENT_3D('',#12301,#9932,#9933);
#8221=AXIS2_PLACEMENT_3D('',#12303,#9935,#9936);
#8222=AXIS2_PLACEMENT_3D('',#12304,#9937,#9938);
#8223=AXIS2_PLACEMENT_3D('',#12308,#9941,#9942);
#8224=AXIS2_PLACEMENT_3D('',#12310,#9944,#9945);
#8225=AXIS2_PLACEMENT_3D('',#12314,#9948,#9949);
#8226=AXIS2_PLACEMENT_3D('',#12316,#9951,#9952);
#8227=AXIS2_PLACEMENT_3D('',#12318,#9954,#9955);
#8228=AXIS2_PLACEMENT_3D('',#12320,#9957,#9958);
#8229=AXIS2_PLACEMENT_3D('',#12322,#9960,#9961);
#8230=AXIS2_PLACEMENT_3D('',#12324,#9963,#9964);
#8231=AXIS2_PLACEMENT_3D('',#12325,#9965,#9966);
#8232=AXIS2_PLACEMENT_3D('',#12329,#9969,#9970);
#8233=AXIS2_PLACEMENT_3D('',#12333,#9973,#9974);
#8234=AXIS2_PLACEMENT_3D('',#12335,#9976,#9977);
#8235=AXIS2_PLACEMENT_3D('',#12336,#9978,#9979);
#8236=AXIS2_PLACEMENT_3D('',#12338,#9980,#9981);
#8237=AXIS2_PLACEMENT_3D('',#12342,#9984,#9985);
#8238=AXIS2_PLACEMENT_3D('',#12346,#9988,#9989);
#8239=AXIS2_PLACEMENT_3D('',#12348,#9991,#9992);
#8240=AXIS2_PLACEMENT_3D('',#12349,#9993,#9994);
#8241=AXIS2_PLACEMENT_3D('',#12351,#9995,#9996);
#8242=AXIS2_PLACEMENT_3D('',#12355,#9999,#10000);
#8243=AXIS2_PLACEMENT_3D('',#12359,#10003,#10004);
#8244=AXIS2_PLACEMENT_3D('',#12361,#10006,#10007);
#8245=AXIS2_PLACEMENT_3D('',#12362,#10008,#10009);
#8246=AXIS2_PLACEMENT_3D('',#12364,#10010,#10011);
#8247=AXIS2_PLACEMENT_3D('',#12365,#10012,#10013);
#8248=AXIS2_PLACEMENT_3D('',#12366,#10014,#10015);
#8249=AXIS2_PLACEMENT_3D('',#12367,#10016,#10017);
#8250=AXIS2_PLACEMENT_3D('',#12368,#10018,#10019);
#8251=AXIS2_PLACEMENT_3D('',#12369,#10020,#10021);
#8252=AXIS2_PLACEMENT_3D('',#12371,#10022,#10023);
#8253=AXIS2_PLACEMENT_3D('',#12373,#10024,#10025);
#8254=AXIS2_PLACEMENT_3D('',#12374,#10026,#10027);
#8255=AXIS2_PLACEMENT_3D('',#12375,#10028,#10029);
#8256=AXIS2_PLACEMENT_3D('',#12376,#10030,#10031);
#8257=AXIS2_PLACEMENT_3D('',#12377,#10032,#10033);
#8258=AXIS2_PLACEMENT_3D('',#12378,#10034,#10035);
#8259=AXIS2_PLACEMENT_3D('',#12380,#10036,#10037);
#8260=AXIS2_PLACEMENT_3D('',#12381,#10038,#10039);
#8261=AXIS2_PLACEMENT_3D('',#12382,#10040,#10041);
#8262=AXIS2_PLACEMENT_3D('',#12385,#10042,#10043);
#8263=AXIS2_PLACEMENT_3D('',#12387,#10044,#10045);
#8264=AXIS2_PLACEMENT_3D('',#12389,#10046,#10047);
#8265=AXIS2_PLACEMENT_3D('',#12390,#10048,#10049);
#8266=AXIS2_PLACEMENT_3D('',#12391,#10050,#10051);
#8267=AXIS2_PLACEMENT_3D('',#12394,#10052,#10053);
#8268=AXIS2_PLACEMENT_3D('',#12395,#10054,#10055);
#8269=AXIS2_PLACEMENT_3D('',#12396,#10056,#10057);
#8270=AXIS2_PLACEMENT_3D('',#12397,#10058,#10059);
#8271=AXIS2_PLACEMENT_3D('',#12399,#10060,#10061);
#8272=AXIS2_PLACEMENT_3D('',#12401,#10062,#10063);
#8273=AXIS2_PLACEMENT_3D('',#12402,#10064,#10065);
#8274=AXIS2_PLACEMENT_3D('',#12406,#10067,#10068);
#8275=AXIS2_PLACEMENT_3D('',#12410,#10070,#10071);
#8276=AXIS2_PLACEMENT_3D('',#12414,#10073,#10074);
#8277=AXIS2_PLACEMENT_3D('',#12418,#10076,#10077);
#8278=AXIS2_PLACEMENT_3D('',#12423,#10078,#10079);
#8279=AXIS2_PLACEMENT_3D('',#12424,#10080,#10081);
#8280=AXIS2_PLACEMENT_3D('',#12431,#10083,#10084);
#8281=AXIS2_PLACEMENT_3D('',#12436,#10085,#10086);
#8282=AXIS2_PLACEMENT_3D('',#12438,#10087,#10088);
#8283=AXIS2_PLACEMENT_3D('',#12442,#10090,#10091);
#8284=AXIS2_PLACEMENT_3D('',#12446,#10093,#10094);
#8285=AXIS2_PLACEMENT_3D('',#12450,#10096,#10097);
#8286=AXIS2_PLACEMENT_3D('',#12454,#10099,#10100);
#8287=AXIS2_PLACEMENT_3D('',#12459,#10101,#10102);
#8288=AXIS2_PLACEMENT_3D('',#12460,#10103,#10104);
#8289=AXIS2_PLACEMENT_3D('',#12461,#10105,#10106);
#8290=AXIS2_PLACEMENT_3D('',#12463,#10107,#10108);
#8291=AXIS2_PLACEMENT_3D('',#12465,#10109,#10110);
#8292=AXIS2_PLACEMENT_3D('',#12466,#10111,#10112);
#8293=AXIS2_PLACEMENT_3D('',#12467,#10113,#10114);
#8294=AXIS2_PLACEMENT_3D('',#12469,#10115,#10116);
#8295=AXIS2_PLACEMENT_3D('',#12471,#10117,#10118);
#8296=AXIS2_PLACEMENT_3D('',#12472,#10119,#10120);
#8297=AXIS2_PLACEMENT_3D('',#12473,#10121,#10122);
#8298=AXIS2_PLACEMENT_3D('',#12475,#10123,#10124);
#8299=AXIS2_PLACEMENT_3D('',#12476,#10125,#10126);
#8300=AXIS2_PLACEMENT_3D('',#12478,#10127,#10128);
#8301=AXIS2_PLACEMENT_3D('',#12479,#10129,#10130);
#8302=AXIS2_PLACEMENT_3D('',#12480,#10131,#10132);
#8303=AXIS2_PLACEMENT_3D('',#12481,#10133,#10134);
#8304=AXIS2_PLACEMENT_3D('',#12483,#10135,#10136);
#8305=AXIS2_PLACEMENT_3D('',#12484,#10137,#10138);
#8306=AXIS2_PLACEMENT_3D('',#12486,#10139,#10140);
#8307=AXIS2_PLACEMENT_3D('',#12487,#10141,#10142);
#8308=AXIS2_PLACEMENT_3D('',#12491,#10145,#10146);
#8309=AXIS2_PLACEMENT_3D('',#12492,#10147,#10148);
#8310=AXIS2_PLACEMENT_3D('',#12493,#10149,#10150);
#8311=AXIS2_PLACEMENT_3D('',#12494,#10151,#10152);
#8312=AXIS2_PLACEMENT_3D('',#12504,#10158,#10159);
#8313=AXIS2_PLACEMENT_3D('',#12508,#10162,#10163);
#8314=AXIS2_PLACEMENT_3D('',#12510,#10165,#10166);
#8315=AXIS2_PLACEMENT_3D('',#12518,#10171,#10172);
#8316=AXIS2_PLACEMENT_3D('',#12520,#10174,#10175);
#8317=AXIS2_PLACEMENT_3D('',#12522,#10177,#10178);
#8318=AXIS2_PLACEMENT_3D('',#12526,#10180,#10181);
#8319=AXIS2_PLACEMENT_3D('',#12530,#10183,#10184);
#8320=AXIS2_PLACEMENT_3D('',#12531,#10185,#10186);
#8321=AXIS2_PLACEMENT_3D('',#12538,#10191,#10192);
#8322=AXIS2_PLACEMENT_3D('',#12541,#10194,#10195);
#8323=AXIS2_PLACEMENT_3D('',#12542,#10196,#10197);
#8324=AXIS2_PLACEMENT_3D('',#12544,#10199,#10200);
#8325=AXIS2_PLACEMENT_3D('',#12548,#10203,#10204);
#8326=AXIS2_PLACEMENT_3D('',#12549,#10205,#10206);
#8327=AXIS2_PLACEMENT_3D('',#12550,#10207,#10208);
#8328=AXIS2_PLACEMENT_3D('',#12551,#10209,#10210);
#8329=AXIS2_PLACEMENT_3D('',#12561,#10216,#10217);
#8330=AXIS2_PLACEMENT_3D('',#12565,#10220,#10221);
#8331=AXIS2_PLACEMENT_3D('',#12567,#10223,#10224);
#8332=AXIS2_PLACEMENT_3D('',#12575,#10229,#10230);
#8333=AXIS2_PLACEMENT_3D('',#12577,#10232,#10233);
#8334=AXIS2_PLACEMENT_3D('',#12579,#10235,#10236);
#8335=AXIS2_PLACEMENT_3D('',#12583,#10238,#10239);
#8336=AXIS2_PLACEMENT_3D('',#12587,#10241,#10242);
#8337=AXIS2_PLACEMENT_3D('',#12588,#10243,#10244);
#8338=AXIS2_PLACEMENT_3D('',#12595,#10249,#10250);
#8339=AXIS2_PLACEMENT_3D('',#12598,#10252,#10253);
#8340=AXIS2_PLACEMENT_3D('',#12599,#10254,#10255);
#8341=AXIS2_PLACEMENT_3D('',#12601,#10257,#10258);
#8342=AXIS2_PLACEMENT_3D('',#12605,#10261,#10262);
#8343=AXIS2_PLACEMENT_3D('',#12606,#10263,#10264);
#8344=AXIS2_PLACEMENT_3D('',#12607,#10265,#10266);
#8345=AXIS2_PLACEMENT_3D('',#12608,#10267,#10268);
#8346=AXIS2_PLACEMENT_3D('',#12618,#10274,#10275);
#8347=AXIS2_PLACEMENT_3D('',#12622,#10278,#10279);
#8348=AXIS2_PLACEMENT_3D('',#12624,#10281,#10282);
#8349=AXIS2_PLACEMENT_3D('',#12632,#10287,#10288);
#8350=AXIS2_PLACEMENT_3D('',#12634,#10290,#10291);
#8351=AXIS2_PLACEMENT_3D('',#12636,#10293,#10294);
#8352=AXIS2_PLACEMENT_3D('',#12640,#10296,#10297);
#8353=AXIS2_PLACEMENT_3D('',#12644,#10299,#10300);
#8354=AXIS2_PLACEMENT_3D('',#12645,#10301,#10302);
#8355=AXIS2_PLACEMENT_3D('',#12652,#10307,#10308);
#8356=AXIS2_PLACEMENT_3D('',#12655,#10310,#10311);
#8357=AXIS2_PLACEMENT_3D('',#12656,#10312,#10313);
#8358=AXIS2_PLACEMENT_3D('',#12658,#10315,#10316);
#8359=AXIS2_PLACEMENT_3D('',#12662,#10319,#10320);
#8360=AXIS2_PLACEMENT_3D('',#12663,#10321,#10322);
#8361=AXIS2_PLACEMENT_3D('',#12664,#10323,#10324);
#8362=AXIS2_PLACEMENT_3D('',#12665,#10325,#10326);
#8363=AXIS2_PLACEMENT_3D('',#12675,#10332,#10333);
#8364=AXIS2_PLACEMENT_3D('',#12679,#10336,#10337);
#8365=AXIS2_PLACEMENT_3D('',#12681,#10339,#10340);
#8366=AXIS2_PLACEMENT_3D('',#12689,#10345,#10346);
#8367=AXIS2_PLACEMENT_3D('',#12691,#10348,#10349);
#8368=AXIS2_PLACEMENT_3D('',#12693,#10351,#10352);
#8369=AXIS2_PLACEMENT_3D('',#12697,#10354,#10355);
#8370=AXIS2_PLACEMENT_3D('',#12701,#10357,#10358);
#8371=AXIS2_PLACEMENT_3D('',#12702,#10359,#10360);
#8372=AXIS2_PLACEMENT_3D('',#12709,#10365,#10366);
#8373=AXIS2_PLACEMENT_3D('',#12712,#10368,#10369);
#8374=AXIS2_PLACEMENT_3D('',#12713,#10370,#10371);
#8375=AXIS2_PLACEMENT_3D('',#12715,#10373,#10374);
#8376=AXIS2_PLACEMENT_3D('',#12719,#10377,#10378);
#8377=AXIS2_PLACEMENT_3D('',#12720,#10379,#10380);
#8378=AXIS2_PLACEMENT_3D('',#12721,#10381,#10382);
#8379=AXIS2_PLACEMENT_3D('',#12722,#10383,#10384);
#8380=AXIS2_PLACEMENT_3D('',#12732,#10390,#10391);
#8381=AXIS2_PLACEMENT_3D('',#12736,#10394,#10395);
#8382=AXIS2_PLACEMENT_3D('',#12738,#10397,#10398);
#8383=AXIS2_PLACEMENT_3D('',#12740,#10400,#10401);
#8384=AXIS2_PLACEMENT_3D('',#12748,#10406,#10407);
#8385=AXIS2_PLACEMENT_3D('',#12750,#10409,#10410);
#8386=AXIS2_PLACEMENT_3D('',#12760,#10416,#10417);
#8387=AXIS2_PLACEMENT_3D('',#12764,#10420,#10421);
#8388=AXIS2_PLACEMENT_3D('',#12766,#10423,#10424);
#8389=AXIS2_PLACEMENT_3D('',#12768,#10426,#10427);
#8390=AXIS2_PLACEMENT_3D('',#12776,#10432,#10433);
#8391=AXIS2_PLACEMENT_3D('',#12778,#10435,#10436);
#8392=AXIS2_PLACEMENT_3D('',#12780,#10438,#10439);
#8393=AXIS2_PLACEMENT_3D('',#12782,#10441,#10442);
#8394=AXIS2_PLACEMENT_3D('',#12786,#10446,#10447);
#8395=AXIS2_PLACEMENT_3D('',#12789,#10450,#10451);
#8396=AXIS2_PLACEMENT_3D('',#12790,#10452,#10453);
#8397=AXIS2_PLACEMENT_3D('',#12793,#10456,#10457);
#8398=AXIS2_PLACEMENT_3D('',#12794,#10458,#10459);
#8399=AXIS2_PLACEMENT_3D('',#12796,#10461,#10462);
#8400=AXIS2_PLACEMENT_3D('',#12799,#10465,#10466);
#8401=AXIS2_PLACEMENT_3D('',#12800,#10467,#10468);
#8402=AXIS2_PLACEMENT_3D('',#12801,#10469,#10470);
#8403=AXIS2_PLACEMENT_3D('',#12802,#10471,#10472);
#8404=AXIS2_PLACEMENT_3D('',#12803,#10473,#10474);
#8405=AXIS2_PLACEMENT_3D('',#12804,#10475,#10476);
#8406=AXIS2_PLACEMENT_3D('',#12810,#10480,#10481);
#8407=AXIS2_PLACEMENT_3D('',#12816,#10485,#10486);
#8408=AXIS2_PLACEMENT_3D('',#12818,#10487,#10488);
#8409=AXIS2_PLACEMENT_3D('',#12820,#10490,#10491);
#8410=AXIS2_PLACEMENT_3D('',#12822,#10493,#10494);
#8411=AXIS2_PLACEMENT_3D('',#12823,#10495,#10496);
#8412=AXIS2_PLACEMENT_3D('',#12829,#10500,#10501);
#8413=AXIS2_PLACEMENT_3D('',#12835,#10505,#10506);
#8414=AXIS2_PLACEMENT_3D('',#12837,#10507,#10508);
#8415=AXIS2_PLACEMENT_3D('',#12839,#10510,#10511);
#8416=AXIS2_PLACEMENT_3D('',#12841,#10513,#10514);
#8417=AXIS2_PLACEMENT_3D('',#12842,#10515,#10516);
#8418=AXIS2_PLACEMENT_3D('',#12843,#10517,#10518);
#8419=AXIS2_PLACEMENT_3D('',#12844,#10519,#10520);
#8420=AXIS2_PLACEMENT_3D('',#12845,#10521,#10522);
#8421=AXIS2_PLACEMENT_3D('',#12846,#10523,#10524);
#8422=AXIS2_PLACEMENT_3D('',#12847,#10525,#10526);
#8423=DIRECTION('',(0.,0.,1.));
#8424=DIRECTION('',(1.,0.,0.));
#8425=DIRECTION('',(0.,0.,1.));
#8426=DIRECTION('',(-1.,0.,0.));
#8427=DIRECTION('',(0.,0.,1.));
#8428=DIRECTION('',(1.,0.,0.));
#8429=DIRECTION('',(0.,0.,1.));
#8430=DIRECTION('',(0.,0.,1.));
#8431=DIRECTION('',(1.,0.,0.));
#8432=DIRECTION('',(0.,0.,1.));
#8433=DIRECTION('',(0.,0.,1.));
#8434=DIRECTION('',(0.928736881604044,-0.370739537611509,0.));
#8435=DIRECTION('',(0.,0.,1.));
#8436=DIRECTION('',(1.,0.,0.));
#8437=DIRECTION('',(0.,0.,1.));
#8438=DIRECTION('',(0.,0.,1.));
#8439=DIRECTION('',(1.,0.,0.));
#8440=DIRECTION('',(0.,0.,1.));
#8441=DIRECTION('',(0.,0.,1.));
#8442=DIRECTION('',(-1.,0.,0.));
#8443=DIRECTION('',(0.,0.,1.));
#8444=DIRECTION('',(1.,0.,0.));
#8445=DIRECTION('',(0.,0.,1.));
#8446=DIRECTION('',(1.,0.,0.));
#8447=DIRECTION('',(-0.928736763990059,-0.370739832245301,0.));
#8448=DIRECTION('',(-0.370739832245301,0.928736763990059,0.));
#8449=DIRECTION('',(-0.370739832245301,0.928736763990059,0.));
#8450=DIRECTION('',(-0.370739832245305,0.928736763990057,4.64138244027848E-15));
#8451=DIRECTION('',(0.928736881604044,-0.37073953761151,0.));
#8452=DIRECTION('',(-0.37073953761151,-0.928736881604044,0.));
#8453=DIRECTION('',(-0.37073953761151,-0.928736881604044,0.));
#8454=DIRECTION('',(-0.370739537611501,-0.928736881604047,9.0507172363705E-15));
#8455=DIRECTION('',(-0.24968087339211,-0.66155835831932,-0.707106781186547));
#8456=DIRECTION('',(-0.942942707076108,1.11022302462516E-16,0.332955028753106));
#8457=DIRECTION('',(-0.935584802636472,0.353102077416253,2.70204559194079E-14));
#8458=DIRECTION('',(1.96736044127699E-13,0.730234642362779,-0.683196433753357));
#8459=DIRECTION('',(0.935584802636457,-0.353102077416292,1.15171551067083E-14));
#8460=DIRECTION('',(-0.355896049202674,-0.6164300394321,0.702390211098978));
#8461=DIRECTION('',(0.,0.,1.));
#8462=DIRECTION('',(1.,0.,0.));
#8463=DIRECTION('',(-2.24153901887857E-13,-1.,0.));
#8464=DIRECTION('',(-0.866025403784421,0.50000000000003,-4.69473312105998E-16));
#8465=DIRECTION('',(0.50000000000003,0.866025403784421,0.));
#8466=DIRECTION('',(-1.,2.24153901887857E-13,0.));
#8467=DIRECTION('',(-2.24153901887857E-13,-1.,0.));
#8468=DIRECTION('',(0.,0.,-1.));
#8469=DIRECTION('',(-1.8460393207433E-13,-0.816496580927735,-0.577350269189613));
#8470=DIRECTION('',(0.,0.,1.));
#8471=DIRECTION('',(1.12076950944359E-13,1.,-1.12076950943929E-13));
#8472=DIRECTION('',(0.,0.,1.));
#8473=DIRECTION('',(-2.12708808415202E-13,0.310634913577672,0.950529300162069));
#8474=DIRECTION('',(-2.24153901887857E-13,-1.,0.));
#8475=DIRECTION('',(-2.74928986434857E-15,-0.554700196225223,0.832050294337848));
#8476=DIRECTION('',(0.,1.,0.));
#8477=DIRECTION('',(-2.12296582042997E-13,0.310634913577671,0.950529300162069));
#8478=DIRECTION('',(1.12076950943929E-13,1.,1.12076950943929E-13));
#8479=DIRECTION('',(0.,0.,1.));
#8480=DIRECTION('',(1.63248694361666E-13,0.755928946018418,-0.654653670708019));
#8481=DIRECTION('',(-0.353102077416282,-0.935584802636461,0.));
#8482=DIRECTION('',(0.,0.,-1.));
#8483=DIRECTION('',(0.,0.,-1.));
#8484=DIRECTION('',(0.935584802636477,-0.353102077416239,0.));
#8485=DIRECTION('',(0.691536748830356,-0.260995114428492,-0.673541739806524));
#8486=DIRECTION('',(0.249678821879079,-0.661559132583835,-0.707106781186547));
#8487=DIRECTION('',(-0.94294356597942,3.60822483003176E-16,-0.33295259629265));
#8488=DIRECTION('',(2.05032270332118E-13,-0.730234243452976,0.683196860127929));
#8489=DIRECTION('',(-0.935585897611844,-0.353099176138716,-1.59667642348535E-14));
#8490=DIRECTION('',(0.355896138589174,-0.616430194253972,0.702390029933032));
#8491=DIRECTION('',(0.935585897611838,0.353099176138732,-3.58312473828126E-15));
#8492=DIRECTION('',(0.,0.,-1.));
#8493=DIRECTION('',(1.,0.,0.));
#8494=DIRECTION('',(0.,0.,-1.));
#8495=DIRECTION('',(-1.,0.,0.));
#8496=DIRECTION('',(0.,0.,1.));
#8497=DIRECTION('',(0.,0.,-1.));
#8498=DIRECTION('',(-1.,0.,0.));
#8499=DIRECTION('',(0.,0.,1.));
#8500=DIRECTION('',(0.,0.,-1.));
#8501=DIRECTION('',(0.,0.,-1.));
#8502=DIRECTION('',(-1.,0.,0.));
#8503=DIRECTION('',(0.,0.,-1.));
#8504=DIRECTION('',(-1.,0.,0.));
#8505=DIRECTION('',(0.,0.,1.));
#8506=DIRECTION('',(0.,0.,-1.));
#8507=DIRECTION('',(-1.,0.,0.));
#8508=DIRECTION('',(0.,0.,-1.));
#8509=DIRECTION('',(-1.,0.,0.));
#8510=DIRECTION('',(0.35309917613873,-0.935585897611839,0.));
#8511=DIRECTION('',(0.,0.,-1.));
#8512=DIRECTION('',(0.,0.,-1.));
#8513=DIRECTION('',(-0.691537997912549,-0.260993135910707,-0.673541224017208));
#8514=DIRECTION('',(0.935585897611839,0.35309917613873,0.));
#8515=DIRECTION('',(-0.353102077415856,0.935584802636622,0.));
#8516=DIRECTION('',(0.,0.,1.));
#8517=DIRECTION('',(-0.68319643375342,-0.257847369219321,0.683196433753342));
#8518=DIRECTION('',(0.,0.,1.));
#8519=DIRECTION('',(0.935584802636622,0.353102077415856,0.));
#8520=DIRECTION('',(0.,0.,1.));
#8521=DIRECTION('',(0.935584802636622,0.353102077415856,0.));
#8522=DIRECTION('',(-1.,2.24153901887857E-13,0.));
#8523=DIRECTION('',(-2.24153901887857E-13,-1.,0.));
#8524=DIRECTION('',(1.12076950943929E-13,1.,1.12076950943929E-13));
#8525=DIRECTION('',(0.,0.,1.));
#8526=DIRECTION('',(-2.24153901887857E-13,-1.,0.));
#8527=DIRECTION('',(-0.707106781186547,1.58500744054328E-13,-0.707106781186548));
#8528=DIRECTION('',(-0.707106781186548,0.,0.707106781186547));
#8529=DIRECTION('',(1.12076950943929E-13,1.,1.12076950943929E-13));
#8530=DIRECTION('',(0.577350269193376,-0.57735026918775,-0.577350269187752));
#8531=DIRECTION('',(0.,0.,-1.));
#8532=DIRECTION('',(-1.,0.,0.));
#8533=DIRECTION('',(-1.,0.,0.));
#8534=DIRECTION('',(-2.21397587533178E-12,1.,-2.21397587533179E-12));
#8535=DIRECTION('',(0.,0.,-1.));
#8536=DIRECTION('',(-1.,0.,0.));
#8537=DIRECTION('',(-2.21397587533176E-12,1.,-2.21397587533179E-12));
#8538=DIRECTION('',(-0.866025403789639,-0.499999999990993,4.73000206922788E-16));
#8539=DIRECTION('',(-8.65348067508881E-13,1.,0.));
#8540=DIRECTION('',(0.707106781186504,0.707106781186591,-2.32331293831606E-13));
#8541=DIRECTION('',(1.,-7.39777705475934E-15,2.33946310611789E-27));
#8542=DIRECTION('',(0.707106781186618,-0.707106781186477,2.32331293831569E-13));
#8543=DIRECTION('',(5.8680258178207E-13,-1.,0.));
#8544=DIRECTION('',(-0.866025403784492,0.499999999999908,1.70279888766465E-15));
#8545=DIRECTION('',(6.82015150757125E-13,1.,-6.82015150757124E-13));
#8546=DIRECTION('',(0.,0.,-1.));
#8547=DIRECTION('',(-1.,0.,0.));
#8548=DIRECTION('',(6.82015150757121E-13,1.,-6.82015150757124E-13));
#8549=DIRECTION('',(0.,0.,-1.));
#8550=DIRECTION('',(-1.,0.,0.));
#8551=DIRECTION('',(-0.866025403784374,0.500000000000112,-6.98929828629217E-15));
#8552=DIRECTION('',(-0.500000000000006,-0.866025403784435,-1.56005410033533E-14));
#8553=DIRECTION('',(0.,0.,-1.));
#8554=DIRECTION('',(-1.,0.,0.));
#8555=DIRECTION('',(-0.500000000000013,-0.866025403784431,-8.08234561882679E-15));
#8556=DIRECTION('',(0.86602540378442,-0.500000000000033,4.39350515905977E-15));
#8557=DIRECTION('',(1.12076950943929E-13,1.,1.12076950943929E-13));
#8558=DIRECTION('',(0.866025403784095,-0.500000000000596,-1.08160630465742E-15));
#8559=DIRECTION('',(-1.,-1.97215226305253E-31,3.34425539332894E-15));
#8560=DIRECTION('',(0.866025403784093,0.500000000000598,-7.8585458072851E-16));
#8561=DIRECTION('',(-1.20655575140367E-13,1.,1.20655575140367E-13));
#8562=DIRECTION('',(0.86602540378442,0.500000000000032,-1.91021963437338E-15));
#8563=DIRECTION('',(-0.50000000000001,0.866025403784433,1.07764990734932E-14));
#8564=DIRECTION('',(-0.500000000000021,0.866025403784427,3.45013579195902E-15));
#8565=DIRECTION('',(-0.866025403784372,-0.500000000000116,2.32974797051569E-15));
#8566=DIRECTION('',(0.93558589761201,-0.353099176138277,0.));
#8567=DIRECTION('',(-1.20655575140367E-13,1.,1.20655575140367E-13));
#8568=DIRECTION('',(-1.,0.,0.));
#8569=DIRECTION('',(0.,0.,-1.));
#8570=DIRECTION('',(-1.,0.,0.));
#8571=DIRECTION('',(0.,0.,-1.));
#8572=DIRECTION('',(-1.,0.,0.));
#8573=DIRECTION('',(-9.11954030903067E-29,-3.28566066700326E-13,-1.));
#8574=DIRECTION('',(0.,1.,-3.28566066700326E-13));
#8575=DIRECTION('',(0.,0.,-1.));
#8576=DIRECTION('',(-1.,0.,0.));
#8577=DIRECTION('',(0.,0.,-1.));
#8578=DIRECTION('',(-1.,0.,0.));
#8579=DIRECTION('',(0.,0.,-1.));
#8580=DIRECTION('',(-1.,0.,0.));
#8581=DIRECTION('',(0.,0.,-1.));
#8582=DIRECTION('',(-1.,0.,0.));
#8583=DIRECTION('',(0.,0.,-1.));
#8584=DIRECTION('',(-1.,0.,0.));
#8585=DIRECTION('',(0.,0.,-1.));
#8586=DIRECTION('',(-1.,0.,0.));
#8587=DIRECTION('',(0.,0.,-1.));
#8588=DIRECTION('',(-1.,0.,0.));
#8589=DIRECTION('',(0.,0.,-1.));
#8590=DIRECTION('',(-1.,0.,0.));
#8591=DIRECTION('',(0.,0.,-1.));
#8592=DIRECTION('',(-1.,0.,0.));
#8593=DIRECTION('',(0.,0.,-1.));
#8594=DIRECTION('',(-1.,0.,0.));
#8595=DIRECTION('',(0.,0.,-1.));
#8596=DIRECTION('',(-1.,0.,0.));
#8597=DIRECTION('',(0.,0.,-1.));
#8598=DIRECTION('',(-1.,0.,0.));
#8599=DIRECTION('',(0.,0.,-1.));
#8600=DIRECTION('',(-1.,0.,0.));
#8601=DIRECTION('',(0.,0.,-1.));
#8602=DIRECTION('',(-1.,0.,0.));
#8603=DIRECTION('',(-9.11954030903067E-29,-3.28566066700326E-13,-1.));
#8604=DIRECTION('',(0.,1.,-3.28566066700326E-13));
#8605=DIRECTION('',(-9.11954030903067E-29,-3.28566066700326E-13,-1.));
#8606=DIRECTION('',(0.,1.,-3.28566066700326E-13));
#8607=DIRECTION('',(-9.11954030903067E-29,-3.28566066700326E-13,-1.));
#8608=DIRECTION('',(0.,1.,-3.28566066700326E-13));
#8609=DIRECTION('',(-9.11954030903067E-29,-3.28566066700326E-13,-1.));
#8610=DIRECTION('',(0.,1.,-3.28566066700326E-13));
#8611=DIRECTION('',(0.,0.,-1.));
#8612=DIRECTION('',(-1.,0.,0.));
#8613=DIRECTION('',(0.,0.,-1.));
#8614=DIRECTION('',(-1.,0.,0.));
#8615=DIRECTION('',(0.,0.,1.));
#8616=DIRECTION('',(-1.,0.,0.));
#8617=DIRECTION('',(0.,0.,1.));
#8618=DIRECTION('',(1.,0.,0.));
#8619=DIRECTION('',(0.50000000000003,-0.866025403784421,0.));
#8620=DIRECTION('',(-0.866025403784425,-0.500000000000024,-7.04209968159136E-15));
#8621=DIRECTION('',(-2.41311150280735E-13,1.,0.));
#8622=DIRECTION('',(0.353099176138277,0.93558589761201,0.));
#8623=DIRECTION('',(0.,0.,1.));
#8624=DIRECTION('',(0.93558589761201,-0.353099176138277,0.));
#8625=DIRECTION('',(0.,0.,1.));
#8626=DIRECTION('',(-0.683196860127968,0.257845109751194,-0.683196860127943));
#8627=DIRECTION('',(0.707106781186547,1.70632750739433E-13,-0.707106781186548));
#8628=DIRECTION('',(-0.707106781186548,0.,-0.707106781186547));
#8629=DIRECTION('',(-1.20655575140367E-13,1.,1.20655575140367E-13));
#8630=DIRECTION('',(0.577350269190705,0.577350269189088,0.577350269189084));
#8631=DIRECTION('',(0.,0.,-1.));
#8632=DIRECTION('',(1.,0.,0.));
#8633=DIRECTION('',(0.,0.,-1.));
#8634=DIRECTION('',(-1.,0.,0.));
#8635=DIRECTION('',(0.,0.,-1.));
#8636=DIRECTION('',(1.,0.,0.));
#8637=DIRECTION('',(0.,0.,-1.));
#8638=DIRECTION('',(-1.,0.,0.));
#8639=DIRECTION('',(0.,0.,-1.));
#8640=DIRECTION('',(1.,0.,0.));
#8641=DIRECTION('',(0.,0.,-1.));
#8642=DIRECTION('',(-1.,0.,0.));
#8643=DIRECTION('',(0.,0.,1.));
#8644=DIRECTION('',(0.,0.,-1.));
#8645=DIRECTION('',(-1.,0.,0.));
#8646=DIRECTION('',(0.,0.,1.));
#8647=DIRECTION('',(0.,0.,-1.));
#8648=DIRECTION('',(-1.,0.,0.));
#8649=DIRECTION('',(0.,0.,-1.));
#8650=DIRECTION('',(-1.,0.,0.));
#8651=DIRECTION('',(-0.353553390593357,0.612372435695744,-0.707106781186549));
#8652=DIRECTION('',(-0.894427190999874,-1.66533453693773E-16,0.447213595500041));
#8653=DIRECTION('',(0.211324865405128,0.788675134594849,0.577350269189598));
#8654=DIRECTION('',(0.707106781186548,3.66223031030535E-16,-0.707106781186547));
#8655=DIRECTION('',(-0.707106781186547,-2.46519032881566E-32,-0.707106781186548));
#8656=DIRECTION('',(-2.58958788668383E-16,1.,2.58958788668383E-16));
#8657=DIRECTION('',(0.678598344545743,0.281084637715321,0.678598344545744));
#8658=DIRECTION('',(-2.58958788668383E-16,1.,2.58958788668383E-16));
#8659=DIRECTION('',(-0.707106781186547,-2.46519032881566E-32,-0.707106781186548));
#8660=DIRECTION('',(-2.58958788668383E-16,1.,2.58958788668383E-16));
#8661=DIRECTION('',(-1.51050751649725E-16,0.,1.));
#8662=DIRECTION('',(1.,0.,1.51050751649725E-16));
#8663=DIRECTION('',(-0.707106781187547,0.707106781185548,-3.55393866087403E-14));
#8664=DIRECTION('',(-1.51050751649725E-16,0.,1.));
#8665=DIRECTION('',(1.,0.,1.51050751649725E-16));
#8666=DIRECTION('',(1.,0.,0.));
#8667=DIRECTION('',(-2.41311150280735E-13,1.,0.));
#8668=DIRECTION('',(1.,2.41311150280735E-13,0.));
#8669=DIRECTION('',(-2.41311150280735E-13,1.,0.));
#8670=DIRECTION('',(2.35645941426405E-13,-0.755928946018401,0.654653670708039));
#8671=DIRECTION('',(0.,0.,1.));
#8672=DIRECTION('',(-1.20655575140367E-13,1.,1.20655575140367E-13));
#8673=DIRECTION('',(-7.52313130539957E-14,0.31063491357859,0.950529300161769));
#8674=DIRECTION('',(-2.41311150280735E-13,1.,0.));
#8675=DIRECTION('',(-6.18590219490703E-15,0.554700196225222,-0.832050294337848));
#8676=DIRECTION('',(1.64477485128301E-15,1.,-4.32315906559451E-28));
#8677=DIRECTION('',(-7.42007471184716E-14,0.310634913578629,0.950529300161756));
#8678=DIRECTION('',(0.,0.,1.));
#8679=DIRECTION('',(-1.20655575140797E-13,1.,-1.20655575140367E-13));
#8680=DIRECTION('',(0.,0.,1.));
#8681=DIRECTION('',(-2.11678291390186E-13,0.816496580927423,0.577350269190055));
#8682=DIRECTION('',(1.,2.41311150280735E-13,0.));
#8683=DIRECTION('',(-2.41311150280735E-13,1.,0.));
#8684=DIRECTION('',(0.,0.,1.));
#8685=DIRECTION('',(0.612372435695791,0.353553390593291,-0.707106781186542));
#8686=DIRECTION('',(-0.755928946018454,0.,-0.654653670707978));
#8687=DIRECTION('',(-0.788675134594855,0.211324865405108,-0.577350269189598));
#8688=DIRECTION('',(0.499999999999992,-0.866025403784443,-3.11699089142235E-14));
#8689=DIRECTION('',(-0.866025403784421,-0.50000000000003,0.));
#8690=DIRECTION('',(0.50000000000003,-0.866025403784421,0.));
#8691=DIRECTION('',(0.500000000000074,-0.866025403784396,0.));
#8692=DIRECTION('',(0.353553390593311,-0.612372435695798,0.707106781186527));
#8693=DIRECTION('',(-0.612372435695786,0.353553390593288,-0.707106781186548));
#8694=DIRECTION('',(-0.755928946018459,8.32667268468867E-17,0.654653670707972));
#8695=DIRECTION('',(0.50000000000002,0.866025403784427,2.79728935551266E-15));
#8696=DIRECTION('',(-0.78867513459486,-0.2113248654051,0.577350269189594));
#8697=DIRECTION('',(0.866025403784426,-0.500000000000021,0.));
#8698=DIRECTION('',(0.500000000000021,0.866025403784426,0.));
#8699=DIRECTION('',(0.500000000000021,0.866025403784426,0.));
#8700=DIRECTION('',(0.353553390593299,0.612372435695802,-0.707106781186528));
#8701=DIRECTION('',(0.,0.,1.));
#8702=DIRECTION('',(0.,0.,1.));
#8703=DIRECTION('',(1.,0.,0.));
#8704=DIRECTION('',(0.50000000000003,0.866025403784421,0.));
#8705=DIRECTION('',(0.866025403784412,-0.500000000000046,0.));
#8706=DIRECTION('',(0.866025403784421,-0.50000000000003,0.));
#8707=DIRECTION('',(0.50000000000003,0.866025403784421,0.));
#8708=DIRECTION('',(0.353553390593308,0.612372435695805,-0.707106781186521));
#8709=DIRECTION('',(-1.51050751649725E-16,0.,1.));
#8710=DIRECTION('',(1.,0.,1.51050751649725E-16));
#8711=DIRECTION('',(9.77569427223201E-14,1.,9.77569427223201E-14));
#8712=DIRECTION('',(-0.707106781186661,-0.707106781186434,-3.23080005873122E-14));
#8713=DIRECTION('',(-9.11954030903067E-29,-3.28566066700326E-13,-1.));
#8714=DIRECTION('',(1.,0.,-9.11954030903067E-29));
#8715=DIRECTION('',(-9.11954030903067E-29,-3.28566066700326E-13,-1.));
#8716=DIRECTION('',(0.,1.,-3.28566066700326E-13));
#8717=DIRECTION('',(0.707106781187011,-0.707106781186084,0.));
#8718=DIRECTION('',(0.,0.,-1.));
#8719=DIRECTION('',(-0.577350269188766,-0.577350269189522,-0.577350269190589));
#8720=DIRECTION('',(0.,0.,-1.));
#8721=DIRECTION('',(0.678598344545195,0.678598344546086,0.281084637715818));
#8722=DIRECTION('',(0.,0.,-1.));
#8723=DIRECTION('',(-0.57735026918939,-0.577350269190152,0.577350269189335));
#8724=DIRECTION('',(1.,5.17917577336764E-16,0.));
#8725=DIRECTION('',(5.17917577336764E-16,-1.,0.));
#8726=DIRECTION('',(-3.54098946748185E-15,-0.57735026918963,-0.816496580927723));
#8727=DIRECTION('',(-4.42070304183651E-16,1.,-1.83111515515265E-16));
#8728=DIRECTION('',(0.,0.,-1.));
#8729=DIRECTION('',(0.,0.,-1.));
#8730=DIRECTION('',(-2.58958788668384E-16,1.,-2.58958788668382E-16));
#8731=DIRECTION('',(-0.707106781186962,-0.707106781186133,0.));
#8732=DIRECTION('',(0.,0.,1.));
#8733=DIRECTION('',(-0.577350269189382,0.577350269190068,-0.577350269189427));
#8734=DIRECTION('',(0.,0.,1.));
#8735=DIRECTION('',(0.67859834454529,-0.678598344546094,-0.28108463771557));
#8736=DIRECTION('',(0.,0.,1.));
#8737=DIRECTION('',(-0.577350269189332,0.577350269190013,0.577350269189532));
#8738=DIRECTION('',(0.,-0.707106781186544,0.707106781186551));
#8739=DIRECTION('',(1.,0.,0.));
#8740=DIRECTION('',(1.,0.,0.));
#8741=DIRECTION('',(-0.577350269190113,-0.577350269189332,-0.577350269189432));
#8742=DIRECTION('',(0.577350269149178,-0.577350269209932,-0.577350269209767));
#8743=DIRECTION('',(1.,0.,0.));
#8744=DIRECTION('',(0.577350269189781,0.577350269189425,0.577350269189671));
#8745=DIRECTION('',(0.,-1.,0.));
#8746=DIRECTION('',(1.,0.,0.));
#8747=DIRECTION('',(-1.,0.,0.));
#8748=DIRECTION('',(0.,0.,-1.));
#8749=DIRECTION('',(-1.,0.,0.));
#8750=DIRECTION('',(0.,0.,1.));
#8751=DIRECTION('',(-1.,0.,0.));
#8752=DIRECTION('',(0.,0.,-1.));
#8753=DIRECTION('',(-1.,0.,0.));
#8754=DIRECTION('',(0.,0.,-1.));
#8755=DIRECTION('',(1.,0.,0.));
#8756=DIRECTION('',(0.,0.,1.));
#8757=DIRECTION('',(-1.,0.,0.));
#8758=DIRECTION('',(0.,0.,-1.));
#8759=DIRECTION('',(0.707106781186548,-2.77555756156289E-16,0.707106781186547));
#8760=DIRECTION('',(1.,-2.09541177949331E-31,1.51050751649725E-16));
#8761=DIRECTION('',(0.707106781186548,1.94289029309402E-16,-0.707106781186547));
#8762=DIRECTION('',(-0.707106781184977,-0.707106781188118,0.));
#8763=DIRECTION('',(0.,0.,1.));
#8764=DIRECTION('',(-0.577350269143471,0.577350269140907,-0.577350269284499));
#8765=DIRECTION('',(0.,0.,1.));
#8766=DIRECTION('',(0.577350269191344,-0.57735026918878,-0.577350269188754));
#8767=DIRECTION('',(0.577350269191292,-0.577350269188738,0.577350269188847));
#8768=DIRECTION('',(-0.577350269190664,0.57735026918811,0.577350269190103));
#8769=DIRECTION('',(-0.707106781274508,-3.13103471005055E-12,0.707106781098587));
#8770=DIRECTION('',(0.707106781098587,0.,0.707106781274508));
#8771=DIRECTION('',(-0.57735026909291,-0.577350269237012,-0.577350269238955));
#8772=DIRECTION('',(-2.21397587588261E-12,1.,2.21397587533179E-12));
#8773=DIRECTION('',(-0.6947465905024,0.18615678803512,-0.694746590674426));
#8774=DIRECTION('',(-2.21397587588261E-12,1.,2.21397587533179E-12));
#8775=DIRECTION('',(0.,-0.707106781187741,0.707106781185354));
#8776=DIRECTION('',(1.,0.,0.));
#8777=DIRECTION('',(-0.577350269190591,0.577350269188167,0.57735026919012));
#8778=DIRECTION('',(1.,0.,0.));
#8779=DIRECTION('',(0.707106781186069,-0.707106781187026,0.));
#8780=DIRECTION('',(0.,0.,-1.));
#8781=DIRECTION('',(0.577350269190159,0.577350269189388,0.577350269189331));
#8782=DIRECTION('',(0.,0.,-1.));
#8783=DIRECTION('',(-0.577350269170189,-0.577350269169418,0.57735026922927));
#8784=DIRECTION('',(0.577350269190159,0.577350269189378,-0.577350269189341));
#8785=DIRECTION('',(0.707106781223174,-9.64515075994614E-13,0.707106781149921));
#8786=DIRECTION('',(0.707106781149921,0.,-0.707106781223174));
#8787=DIRECTION('',(6.82015150827777E-13,1.,6.82015150757123E-13));
#8788=DIRECTION('',(0.6947465905832,0.18615678795503,-0.694746590615086));
#8789=DIRECTION('',(6.82015150827777E-13,1.,6.82015150757123E-13));
#8790=DIRECTION('',(0.,0.707106781186547,-0.707106781186548));
#8791=DIRECTION('',(-1.,0.,0.));
#8792=DIRECTION('',(-1.,0.,0.));
#8793=DIRECTION('',(0.,-0.707106781186547,-0.707106781186548));
#8794=DIRECTION('',(-1.,0.,0.));
#8795=DIRECTION('',(0.577350269187898,0.577350269190482,-0.577350269190497));
#8796=DIRECTION('',(0.577350269189056,-0.577350269189908,0.577350269189913));
#8797=DIRECTION('',(-0.707106781186545,-3.13103470966105E-12,-0.70710678118655));
#8798=DIRECTION('',(-0.70710678118655,0.,0.707106781186545));
#8799=DIRECTION('',(-2.21397587533178E-12,1.,-2.21397587533179E-12));
#8800=DIRECTION('',(0.,1.,0.));
#8801=DIRECTION('',(0.,0.,1.));
#8802=DIRECTION('',(0.382683432365085,0.,-0.923879532511289));
#8803=DIRECTION('',(0.707106781186548,0.,-0.707106781186548));
#8804=DIRECTION('',(1.,2.09541177949331E-31,1.51050751649725E-16));
#8805=DIRECTION('',(0.707106781186548,4.71844785465691E-16,0.707106781186547));
#8806=DIRECTION('',(0.382683432365089,0.,0.923879532511287));
#8807=DIRECTION('',(0.,0.,-1.));
#8808=DIRECTION('',(-0.707106781186548,0.,0.707106781186548));
#8809=DIRECTION('',(1.,0.,0.));
#8810=DIRECTION('',(0.,0.,-1.));
#8811=DIRECTION('',(1.,0.,0.));
#8812=DIRECTION('',(0.,0.,-1.));
#8813=DIRECTION('',(-1.,0.,0.));
#8814=DIRECTION('',(-1.06809010794846E-16,-0.707106781186548,0.707106781186548));
#8815=DIRECTION('',(1.,-2.09541177949331E-31,1.51050751649725E-16));
#8816=DIRECTION('',(-0.28108463771469,0.678598344545872,0.678598344545876));
#8817=DIRECTION('',(1.,-2.09541177949331E-31,1.51050751649725E-16));
#8818=DIRECTION('',(-0.281084637714813,-0.678598344545847,-0.67859834454585));
#8819=DIRECTION('',(-1.51050751649725E-16,0.,1.));
#8820=DIRECTION('',(1.,0.,1.51050751649725E-16));
#8821=DIRECTION('',(0.816496580927699,-0.577350269189665,2.12459368048543E-14));
#8822=DIRECTION('',(2.86323456153028E-14,1.,-6.91245971070177E-14));
#8823=DIRECTION('',(1.,2.09541177949331E-31,1.51050751649725E-16));
#8824=DIRECTION('',(-7.58472731531142E-17,1.,-1.83111515515266E-16));
#8825=DIRECTION('',(0.816496580927732,0.577350269189618,-2.12459368048521E-14));
#8826=DIRECTION('',(0.215739405272269,0.825942591020958,0.520840998146608));
#8827=DIRECTION('',(0.923879532511284,1.66533453693773E-16,-0.382683432365096));
#8828=DIRECTION('',(0.923879532511288,0.,-0.382683432365087));
#8829=DIRECTION('',(0.707106781186549,-0.5,0.5));
#8830=DIRECTION('',(0.146446609406721,0.5,-0.853553390593276));
#8831=DIRECTION('',(-0.215739405272259,0.82594259102097,0.520840998146593));
#8832=DIRECTION('',(0.923879532511286,-6.38378239159465E-16,0.382683432365091));
#8833=DIRECTION('',(0.923879532511286,-3.15544362088404E-30,0.382683432365091));
#8834=DIRECTION('',(0.146446609406628,-0.5,0.853553390593288));
#8835=DIRECTION('',(0.707106781186596,0.499999999999969,-0.499999999999963));
#8836=DIRECTION('',(-0.499999999999965,0.707106781186597,0.499999999999965));
#8837=DIRECTION('',(0.707106781186548,4.71844785465691E-16,0.707106781186547));
#8838=DIRECTION('',(-0.35740674433652,0.357406744336614,-0.862856209461038));
#8839=DIRECTION('',(0.707106781186548,4.71844785465691E-16,0.707106781186547));
#8840=DIRECTION('',(-1.06809010794846E-16,0.707106781186548,0.707106781186548));
#8841=DIRECTION('',(1.,2.09541177949331E-31,1.51050751649725E-16));
#8842=DIRECTION('',(-0.382683432365091,7.48199247569902E-14,0.923879532511286));
#8843=DIRECTION('',(0.923879532511286,-3.15544362088404E-30,0.382683432365091));
#8844=DIRECTION('',(0.862856209461009,-0.357406744336585,0.35740674433662));
#8845=DIRECTION('',(2.86323456153028E-14,1.,-6.91245971070177E-14));
#8846=DIRECTION('',(0.5,0.707106781186551,0.5));
#8847=DIRECTION('',(0.707106781186548,0.,-0.707106781186548));
#8848=DIRECTION('',(-0.357406744336537,-0.35740674433663,0.862856209461025));
#8849=DIRECTION('',(0.707106781186548,0.,-0.707106781186548));
#8850=DIRECTION('',(0.382683432365087,1.98198476177444E-16,0.923879532511288));
#8851=DIRECTION('',(0.923879532511288,0.,-0.382683432365087));
#8852=DIRECTION('',(0.862856209461026,0.357406744336571,-0.357406744336594));
#8853=DIRECTION('',(-7.58472731531142E-17,1.,-1.83111515515266E-16));
#8854=DIRECTION('',(-0.707106781186547,1.38249194214035E-13,0.707106781186548));
#8855=DIRECTION('',(0.707106781186548,0.,0.707106781186547));
#8856=DIRECTION('',(0.707106781186548,-2.77555756156289E-16,0.707106781186547));
#8857=DIRECTION('',(1.66881539829338E-13,1.,-6.91245971070175E-14));
#8858=DIRECTION('',(-0.923879532511287,1.8063127708406E-13,0.382683432365089));
#8859=DIRECTION('',(0.382683432365089,0.,0.923879532511287));
#8860=DIRECTION('',(0.357406744336658,0.357406744336557,0.862856209461005));
#8861=DIRECTION('',(1.66881539829338E-13,1.,-6.91245971070175E-14));
#8862=DIRECTION('',(-1.,1.9551388544464E-13,0.));
#8863=DIRECTION('',(1.9551388544464E-13,1.,0.));
#8864=DIRECTION('',(9.77569427223201E-14,1.,-9.77569427223201E-14));
#8865=DIRECTION('',(0.,0.,-1.));
#8866=DIRECTION('',(9.77569427223201E-14,1.,9.77569427223201E-14));
#8867=DIRECTION('',(1.38098589231713E-13,0.577350269189624,0.816496580927727));
#8868=DIRECTION('',(0.923879532511289,4.78493449229269E-16,0.382683432365085));
#8869=DIRECTION('',(0.382683432365085,0.,-0.923879532511289));
#8870=DIRECTION('',(0.357406744336596,-0.357406744336557,-0.862856209461031));
#8871=DIRECTION('',(-4.42070304183651E-16,1.,-1.83111515515265E-16));
#8872=DIRECTION('',(-0.500000000000036,-0.707106781186497,0.500000000000036));
#8873=DIRECTION('',(0.707106781186548,-2.77555756156289E-16,0.707106781186547));
#8874=DIRECTION('',(0.5,-0.707106781186546,0.5));
#8875=DIRECTION('',(0.707106781186548,1.94289029309402E-16,-0.707106781186547));
#8876=DIRECTION('',(0.707106781186548,1.94289029309402E-16,-0.707106781186547));
#8877=DIRECTION('',(0.,0.,1.));
#8878=DIRECTION('',(6.12323399573677E-17,1.,0.));
#8879=DIRECTION('',(0.,0.,1.));
#8880=DIRECTION('',(1.,0.,0.));
#8881=DIRECTION('',(0.,0.,1.));
#8882=DIRECTION('',(1.,0.,0.));
#8883=DIRECTION('',(0.,0.,1.));
#8884=DIRECTION('',(1.,0.,0.));
#8885=DIRECTION('',(0.,0.,1.));
#8886=DIRECTION('',(1.,0.,0.));
#8887=DIRECTION('',(0.,0.,1.));
#8888=DIRECTION('',(1.,0.,0.));
#8889=DIRECTION('',(0.,0.,1.));
#8890=DIRECTION('',(1.,0.,0.));
#8891=DIRECTION('',(1.,-6.31088724176809E-29,2.89669125007592E-14));
#8892=DIRECTION('',(0.707106781190556,0.707106781182539,6.66305597090503E-14));
#8893=DIRECTION('',(-4.3267403375445E-13,1.,4.32674033754441E-13));
#8894=DIRECTION('',(1.,-2.52435489670724E-29,-4.43400914334106E-13));
#8895=DIRECTION('',(-0.866025403784544,0.499999999999818,1.90901923500159E-15));
#8896=DIRECTION('',(-2.8533841528996E-13,1.,2.85338415289961E-13));
#8897=DIRECTION('',(0.866025403784447,0.499999999999985,-2.5038576645621E-15));
#8898=DIRECTION('',(0.866025403783964,-0.500000000000822,-4.6736163238313E-16));
#8899=DIRECTION('',(0.500000000000573,0.866025403784108,3.47943945226848E-15));
#8900=DIRECTION('',(-2.58958788668384E-16,1.,-2.58958788668382E-16));
#8901=DIRECTION('',(0.707106781187512,-0.707106781185583,1.3492982066813E-14));
#8902=DIRECTION('',(-1.20655575140797E-13,1.,-1.20655575140367E-13));
#8903=DIRECTION('',(-0.866025403784187,-0.500000000000435,-1.40076309222799E-16));
#8904=DIRECTION('',(1.,-6.7053176943786E-30,3.64191130617102E-15));
#8905=DIRECTION('',(-0.866025403784184,0.500000000000441,-7.00381546112905E-16));
#8906=DIRECTION('',(1.12076950944359E-13,1.,-1.12076950943929E-13));
#8907=DIRECTION('',(0.707106781186686,0.707106781186409,2.45326946669352E-15));
#8908=DIRECTION('',(9.77569427223201E-14,1.,-9.77569427223201E-14));
#8909=DIRECTION('',(0.50000000000057,-0.866025403784109,1.04383183573093E-14));
#8910=DIRECTION('',(0.866025403784028,0.500000000000713,1.55787210794535E-16));
#8911=DIRECTION('',(0.866025403784448,-0.499999999999984,3.33847688608236E-15));
#8912=DIRECTION('',(-2.41574854662701E-14,1.,-2.41574854662699E-14));
#8913=DIRECTION('',(-0.866025403784432,-0.500000000000013,-1.90901923500116E-15));
#8914=DIRECTION('',(1.,-1.67632942359465E-30,1.35265798849929E-15));
#8915=DIRECTION('',(-2.93401290891035E-13,1.,-2.93401290891035E-13));
#8916=DIRECTION('',(0.707106781186503,-0.707106781186592,-6.66305597098348E-14));
#8917=DIRECTION('',(1.,-6.31088724176809E-29,2.89669125007592E-14));
#8918=DIRECTION('',(0.5,0.86602540378444,1.89672048243677E-15));
#8919=DIRECTION('',(1.,0.,0.));
#8920=DIRECTION('',(0.5,0.866025403784439,-1.1556266144132E-15));
#8921=DIRECTION('',(1.,0.,0.));
#8922=DIRECTION('',(0.5,-0.866025403784439,1.1556266144132E-15));
#8923=DIRECTION('',(1.,0.,0.));
#8924=DIRECTION('',(0.5,-0.866025403784441,6.32240160812342E-16));
#8925=DIRECTION('',(0.,0.,1.));
#8926=DIRECTION('',(1.,0.,0.));
#8927=DIRECTION('',(0.,0.,1.));
#8928=DIRECTION('',(1.,0.,0.));
#8929=DIRECTION('',(0.,0.,1.));
#8930=DIRECTION('',(1.,0.,0.));
#8931=DIRECTION('',(0.,0.,1.));
#8932=DIRECTION('',(1.,0.,0.));
#8933=DIRECTION('',(0.,0.,1.));
#8934=DIRECTION('',(1.,0.,0.));
#8935=DIRECTION('',(0.,0.,1.));
#8936=DIRECTION('',(1.,0.,0.));
#8937=DIRECTION('',(0.,0.,1.));
#8938=DIRECTION('',(1.,0.,0.));
#8939=DIRECTION('',(0.,0.,1.));
#8940=DIRECTION('',(1.,0.,0.));
#8941=DIRECTION('',(0.0236363509793222,0.999720622430278,1.12673594905286E-14));
#8942=DIRECTION('',(0.877601631201463,0.4793906308143,-5.16420643315893E-15));
#8943=DIRECTION('',(0.853965280222143,-0.52032999161601,6.10315305736918E-15));
#8944=DIRECTION('',(-0.0236363509793592,-0.999720622430277,2.34736656052692E-15));
#8945=DIRECTION('',(-0.877601631201469,-0.479390630814287,5.16420643315901E-15));
#8946=DIRECTION('',(-0.853965280222164,0.520329991615976,-9.85893955421237E-15));
#8947=DIRECTION('',(0.,1.,0.));
#8948=DIRECTION('',(-0.866025403784439,-0.5,0.));
#8949=DIRECTION('',(-0.866025403784439,0.5,0.));
#8950=DIRECTION('',(0.,1.,0.));
#8951=DIRECTION('',(0.866025403784439,0.5,0.));
#8952=DIRECTION('',(0.86602540378444,-0.5,4.69473312105363E-16));
#8953=DIRECTION('',(0.866025403784439,-0.5,-4.69473312105363E-16));
#8954=DIRECTION('',(-8.58465484992661E-17,1.,-8.58465484992663E-17));
#8955=DIRECTION('',(-0.866025403784438,-0.5,0.));
#8956=DIRECTION('',(-0.866025403784439,0.5,4.69473312105363E-16));
#8957=DIRECTION('',(-8.58465484992663E-17,1.,8.58465484992662E-17));
#8958=DIRECTION('',(0.866025403784439,0.5,4.69473312105362E-16));
#8959=DIRECTION('',(0.,0.,1.));
#8960=DIRECTION('',(1.,0.,0.));
#8961=DIRECTION('',(0.,0.,1.));
#8962=DIRECTION('',(6.12323399573677E-17,1.,0.));
#8963=DIRECTION('',(0.,0.,1.));
#8964=DIRECTION('',(1.,0.,0.));
#8965=DIRECTION('',(0.,0.,1.));
#8966=DIRECTION('',(1.,0.,0.));
#8967=DIRECTION('',(0.,0.,1.));
#8968=DIRECTION('',(1.,0.,0.));
#8969=DIRECTION('',(0.,0.,1.));
#8970=DIRECTION('',(1.,0.,0.));
#8971=DIRECTION('',(0.,0.,1.));
#8972=DIRECTION('',(1.,0.,0.));
#8973=DIRECTION('',(0.,0.,1.));
#8974=DIRECTION('',(1.,0.,0.));
#8975=DIRECTION('',(0.,0.,1.));
#8976=DIRECTION('',(1.,0.,0.));
#8977=DIRECTION('',(0.,0.,1.));
#8978=DIRECTION('',(1.,0.,0.));
#8979=DIRECTION('',(0.,0.,1.));
#8980=DIRECTION('',(1.,0.,0.));
#8981=DIRECTION('',(0.,0.,1.));
#8982=DIRECTION('',(1.,0.,0.));
#8983=DIRECTION('',(0.,0.,1.));
#8984=DIRECTION('',(1.,0.,0.));
#8985=DIRECTION('',(0.,0.,1.));
#8986=DIRECTION('',(1.,0.,0.));
#8987=DIRECTION('',(0.,0.,1.));
#8988=DIRECTION('',(1.,0.,0.));
#8989=DIRECTION('',(0.,0.,1.));
#8990=DIRECTION('',(1.,0.,0.));
#8991=DIRECTION('',(0.,0.,1.));
#8992=DIRECTION('',(1.,0.,0.));
#8993=DIRECTION('',(0.,0.,1.));
#8994=DIRECTION('',(1.,0.,0.));
#8995=DIRECTION('',(0.,0.,1.));
#8996=DIRECTION('',(1.,0.,0.));
#8997=DIRECTION('',(0.,0.,1.));
#8998=DIRECTION('',(1.,0.,0.));
#8999=DIRECTION('',(0.,0.,1.));
#9000=DIRECTION('',(1.,0.,0.));
#9001=DIRECTION('',(0.353553390593274,0.612372435695795,0.707106781186547));
#9002=DIRECTION('',(0.894427190999916,-3.05311331771918E-16,-0.447213595499959));
#9003=DIRECTION('',(1.02030433976035E-15,0.755928946018454,-0.654653670707977));
#9004=DIRECTION('',(-0.866025403784439,0.5,0.));
#9005=DIRECTION('',(0.654653670707979,0.377964473009228,-0.654653670707975));
#9006=DIRECTION('',(-0.353553390593275,0.612372435695796,0.707106781186546));
#9007=DIRECTION('',(0.894427190999915,2.77555756156289E-17,0.44721359549996));
#9008=DIRECTION('',(-0.654653670707978,0.377964473009226,-0.654653670707977));
#9009=DIRECTION('',(-0.866025403784439,-0.5,-1.07308185624083E-15));
#9010=DIRECTION('',(-0.707106781186548,-1.21405353170582E-16,0.707106781186547));
#9011=DIRECTION('',(0.707106781186547,0.,0.707106781186548));
#9012=DIRECTION('',(-0.654653670707972,-0.377964473009241,-0.654653670707975));
#9013=DIRECTION('',(-8.58465484992663E-17,1.,8.58465484992662E-17));
#9014=DIRECTION('',(-0.353553390593272,-0.612372435695793,0.70710678118655));
#9015=DIRECTION('',(0.894427190999917,2.77555756156289E-17,0.447213595499955));
#9016=DIRECTION('',(0.866025403784439,-0.5,0.));
#9017=DIRECTION('',(-1.41955386401438E-15,-0.755928946018456,-0.654653670707975));
#9018=DIRECTION('',(0.353553390593276,-0.612372435695795,0.707106781186547));
#9019=DIRECTION('',(0.894427190999915,3.88578058618804E-16,-0.44721359549996));
#9020=DIRECTION('',(0.866025403784438,0.5,-1.07308185624083E-15));
#9021=DIRECTION('',(0.654653670707978,-0.377964473009226,-0.654653670707977));
#9022=DIRECTION('',(0.707106781186547,1.21405353170582E-16,0.707106781186549));
#9023=DIRECTION('',(0.707106781186549,1.23259516440783E-32,-0.707106781186547));
#9024=DIRECTION('',(-8.58465484992661E-17,1.,-8.58465484992663E-17));
#9025=DIRECTION('',(-0.5,0.866025403784439,0.));
#9026=DIRECTION('',(-0.866025403784439,-0.5,0.));
#9027=DIRECTION('',(0.,0.,1.));
#9028=DIRECTION('',(-0.866025403784439,-0.5,0.));
#9029=DIRECTION('',(0.,0.,1.));
#9030=DIRECTION('',(-1.,-1.71693096998533E-16,0.));
#9031=DIRECTION('',(1.71693096998533E-16,-1.,0.));
#9032=DIRECTION('',(0.,0.,1.));
#9033=DIRECTION('',(0.,1.,0.));
#9034=DIRECTION('',(-0.5,-0.866025403784439,0.));
#9035=DIRECTION('',(0.866025403784439,-0.5,0.));
#9036=DIRECTION('',(0.,0.,1.));
#9037=DIRECTION('',(0.866025403784439,-0.5,0.));
#9038=DIRECTION('',(0.,0.,1.));
#9039=DIRECTION('',(-1.,0.,0.));
#9040=DIRECTION('',(0.,0.,1.));
#9041=DIRECTION('',(1.,0.,0.));
#9042=DIRECTION('',(0.,0.,1.));
#9043=DIRECTION('',(1.,0.,0.));
#9044=DIRECTION('',(0.,0.,1.));
#9045=DIRECTION('',(1.,0.,0.));
#9046=DIRECTION('',(0.,0.,1.));
#9047=DIRECTION('',(1.,0.,0.));
#9048=DIRECTION('',(0.,0.,1.));
#9049=DIRECTION('',(1.,0.,0.));
#9050=DIRECTION('',(0.,0.,1.));
#9051=DIRECTION('',(1.,0.,0.));
#9052=DIRECTION('',(-0.353553390593276,-0.612372435695798,0.707106781186545));
#9053=DIRECTION('',(0.894427190999914,1.38777878078144E-16,0.447213595499961));
#9054=DIRECTION('',(0.,-0.75592894601845,-0.654653670707982));
#9055=DIRECTION('',(0.866025403784442,-0.499999999999994,8.04811392180627E-15));
#9056=DIRECTION('',(-0.654653670707998,-0.377964473009156,-0.654653670707998));
#9057=DIRECTION('',(0.707106781186548,0.,0.707106781186548));
#9058=DIRECTION('',(0.707106781186548,0.,-0.707106781186548));
#9059=DIRECTION('',(0.,1.,0.));
#9060=DIRECTION('',(-0.654653670707996,0.377964473009161,0.654653670707996));
#9061=DIRECTION('',(0.654653670707956,0.377964473009302,-0.654653670707956));
#9062=DIRECTION('',(0.353553390593276,-0.612372435695798,0.707106781186545));
#9063=DIRECTION('',(0.894427190999914,-1.38777878078144E-16,-0.447213595499961));
#9064=DIRECTION('',(0.866025403784442,0.499999999999994,-6.97503206556544E-15));
#9065=DIRECTION('',(0.35355339059327,0.61237243569579,0.707106781186553));
#9066=DIRECTION('',(0.894427190999919,3.33066907387547E-16,-0.447213595499952));
#9067=DIRECTION('',(-0.866025403784436,0.5,-7.51157299368574E-15));
#9068=DIRECTION('',(0.,0.755928946018457,-0.654653670707974));
#9069=DIRECTION('',(-0.353553390593273,0.612372435695794,0.707106781186549));
#9070=DIRECTION('',(0.894427190999917,4.16333634234434E-16,0.447213595499956));
#9071=DIRECTION('',(-0.866025403784436,-0.5,7.51157299368573E-15));
#9072=DIRECTION('',(-0.654653670707934,0.377964473009274,-0.654653670707994));
#9073=DIRECTION('',(-0.707106781186548,0.,0.707106781186548));
#9074=DIRECTION('',(0.707106781186548,0.,0.707106781186548));
#9075=DIRECTION('',(0.,1.,0.));
#9076=DIRECTION('',(0.5,0.866025403784439,0.));
#9077=DIRECTION('',(-0.866025403784439,0.5,0.));
#9078=DIRECTION('',(0.,0.,1.));
#9079=DIRECTION('',(-0.866025403784446,0.499999999999987,0.));
#9080=DIRECTION('',(0.,0.,1.));
#9081=DIRECTION('',(-0.5,0.866025403784439,0.));
#9082=DIRECTION('',(-0.866025403784439,-0.5,0.));
#9083=DIRECTION('',(0.,0.,1.));
#9084=DIRECTION('',(-0.866025403784446,-0.499999999999988,0.));
#9085=DIRECTION('',(-1.,0.,0.));
#9086=DIRECTION('',(0.,-1.,0.));
#9087=DIRECTION('',(0.,0.,1.));
#9088=DIRECTION('',(0.,1.,0.));
#9089=DIRECTION('',(0.367928865526416,0.60384464054295,0.707106781186548));
#9090=DIRECTION('',(0.88709694923255,2.77555756156289E-17,-0.461583148156756));
#9091=DIRECTION('',(0.0178674018835662,0.755717756426623,-0.654653670707988));
#9092=DIRECTION('',(-0.853965280222152,0.520329991615994,1.18039004186482E-14));
#9093=DIRECTION('',(0.663404476098251,0.36238525428241,-0.654653670708015));
#9094=DIRECTION('',(-0.706909231412478,0.0167134240599756,0.707106781186555));
#9095=DIRECTION('',(0.707205562971494,0.,0.707007985600002));
#9096=DIRECTION('',(-0.0236363509793154,-0.999720622430278,-5.36540928120403E-15));
#9097=DIRECTION('',(0.645537074214714,-0.393332502144002,0.654653670707989));
#9098=DIRECTION('',(-0.663404476098212,-0.362385254282562,-0.654653670707971));
#9099=DIRECTION('',(-0.338980365886083,0.620558064602928,0.707106781186551));
#9100=DIRECTION('',(0.901737312624522,2.22044604925032E-16,0.432284419127852));
#9101=DIRECTION('',(-0.877601631201467,-0.479390630814292,-3.21924556872256E-15));
#9102=DIRECTION('',(-0.367928865526402,-0.603844640542959,0.707106781186548));
#9103=DIRECTION('',(0.887096949232558,3.60822483003176E-16,0.461583148156743));
#9104=DIRECTION('',(0.853965280222157,-0.520329991615988,-3.75578649684288E-15));
#9105=DIRECTION('',(-0.0178674018834493,-0.75571775642665,-0.65465367070796));
#9106=DIRECTION('',(0.338980365886082,-0.620558064602931,0.70710678118655));
#9107=DIRECTION('',(0.901737312624523,-2.77555756156289E-17,-0.432284419127852));
#9108=DIRECTION('',(0.877601631201465,0.479390630814295,3.75578649684283E-15));
#9109=DIRECTION('',(0.645537074214655,-0.393332502144101,-0.654653670707989));
#9110=DIRECTION('',(0.706909231412485,-0.0167134240600082,0.707106781186548));
#9111=DIRECTION('',(0.707205562971487,0.,-0.707007985600009));
#9112=DIRECTION('',(0.0236363509793544,0.999720622430277,1.60962278436131E-15));
#9113=DIRECTION('',(-0.520329991616004,-0.853965280222147,0.));
#9114=DIRECTION('',(0.853965280222147,-0.520329991616004,0.));
#9115=DIRECTION('',(0.,0.,1.));
#9116=DIRECTION('',(0.853965280222159,-0.520329991615985,0.));
#9117=DIRECTION('',(0.,0.,1.));
#9118=DIRECTION('',(0.479390630814295,-0.877601631201465,0.));
#9119=DIRECTION('',(0.877601631201465,0.479390630814295,0.));
#9120=DIRECTION('',(0.,0.,1.));
#9121=DIRECTION('',(0.877601631201469,0.479390630814287,0.));
#9122=DIRECTION('',(0.999720622430278,-0.0236363509793105,0.));
#9123=DIRECTION('',(0.0236363509793105,0.999720622430278,0.));
#9124=DIRECTION('',(0.,0.,1.));
#9125=DIRECTION('',(0.0236363509793208,0.999720622430278,0.));
#9126=DIRECTION('',(0.,0.,1.));
#9127=DIRECTION('',(-1.,0.,0.));
#9128=DIRECTION('',(0.,0.,1.));
#9129=DIRECTION('',(1.,0.,0.));
#9130=DIRECTION('',(0.,0.,1.));
#9131=DIRECTION('',(1.,0.,0.));
#9132=DIRECTION('',(0.,0.,1.));
#9133=DIRECTION('',(1.,0.,0.));
#9134=DIRECTION('',(0.,0.,1.));
#9135=DIRECTION('',(1.,0.,0.));
#9136=DIRECTION('',(0.,0.,1.));
#9137=DIRECTION('',(1.,0.,0.));
#9138=DIRECTION('',(0.,0.,1.));
#9139=DIRECTION('',(1.,0.,0.));
#9140=DIRECTION('',(0.,0.,1.));
#9141=DIRECTION('',(-1.83697019872103E-16,-1.,0.));
#9142=DIRECTION('',(0.,0.,1.));
#9143=DIRECTION('',(1.,0.,0.));
#9144=DIRECTION('',(0.,0.,1.));
#9145=DIRECTION('',(-1.83697019872103E-16,-1.,0.));
#9146=DIRECTION('',(0.,0.,1.));
#9147=DIRECTION('',(1.,0.,0.));
#9148=DIRECTION('',(0.,0.,1.));
#9149=DIRECTION('',(1.,0.,0.));
#9150=DIRECTION('',(0.,0.,1.));
#9151=DIRECTION('',(1.,0.,0.));
#9152=DIRECTION('',(0.,0.,1.));
#9153=DIRECTION('',(1.,0.,0.));
#9154=DIRECTION('',(0.,0.,1.));
#9155=DIRECTION('',(-1.,1.22464679914735E-16,0.));
#9156=DIRECTION('',(0.,0.,1.));
#9157=DIRECTION('',(1.,0.,0.));
#9158=DIRECTION('',(0.,0.,1.));
#9159=DIRECTION('',(-1.,1.22464679914735E-16,0.));
#9160=DIRECTION('',(0.,0.,1.));
#9161=DIRECTION('',(1.,0.,0.));
#9162=DIRECTION('',(0.,0.,1.));
#9163=DIRECTION('',(1.,0.,0.));
#9164=DIRECTION('',(0.,0.,1.));
#9165=DIRECTION('',(1.,0.,0.));
#9166=DIRECTION('',(0.,0.,1.));
#9167=DIRECTION('',(1.,0.,0.));
#9168=DIRECTION('',(-0.707106781187904,1.58500744054632E-13,0.707106781185191));
#9169=DIRECTION('',(0.707106781185191,0.,0.707106781187904));
#9170=DIRECTION('',(-0.65465367070689,-0.377964473008795,-0.654653670709314));
#9171=DIRECTION('',(0.678598344543876,-0.281084637717902,0.678598344546542));
#9172=DIRECTION('',(-0.707106781186548,1.38249194214035E-13,0.707106781186548));
#9173=DIRECTION('',(0.707106781186548,0.,0.707106781186548));
#9174=DIRECTION('',(-0.678598344545799,0.281084637714924,-0.678598344545852));
#9175=DIRECTION('',(-0.353553390593588,-0.612372435695617,0.707106781186544));
#9176=DIRECTION('',(0.894427190999756,-2.77555756156289E-16,0.447213595500278));
#9177=DIRECTION('',(-0.186156787897541,-0.69474659060685,-0.694746590606841));
#9178=DIRECTION('',(0.866025403784184,-0.500000000000442,-4.3202434297219E-16));
#9179=DIRECTION('',(-2.5752201810735E-15,-0.707106781186544,0.707106781186551));
#9180=DIRECTION('',(1.,-6.7053176943786E-30,3.64191130617102E-15));
#9181=DIRECTION('',(0.186156787897556,-0.694746590606849,-0.694746590606837));
#9182=DIRECTION('',(1.,-6.7053176943786E-30,3.64191130617102E-15));
#9183=DIRECTION('',(0.353553390593582,-0.612372435695618,0.707106781186547));
#9184=DIRECTION('',(0.89442719099976,5.55111512312578E-17,-0.44721359550027));
#9185=DIRECTION('',(0.65465367070797,-0.377964473009099,-0.654653670708058));
#9186=DIRECTION('',(0.866025403784189,0.500000000000433,-2.30412982918863E-15));
#9187=DIRECTION('',(0.707106781187808,1.70632750739738E-13,0.707106781185288));
#9188=DIRECTION('',(0.707106781185288,0.,-0.707106781187808));
#9189=DIRECTION('',(0.678598344543936,0.28108463771806,-0.678598344546417));
#9190=DIRECTION('',(-0.353553390594153,0.612372435696154,0.707106781185797));
#9191=DIRECTION('',(0.894427190999281,2.22044604925031E-16,0.447213595501228));
#9192=DIRECTION('',(-0.866025403784065,-0.500000000000648,-7.45802724727454E-14));
#9193=DIRECTION('',(9.53940196616968E-13,-0.755928946017686,0.654653670708865));
#9194=DIRECTION('',(0.211324865405361,0.788675134594487,-0.577350269190007));
#9195=DIRECTION('',(-9.56473636294005E-16,-0.707106781186548,0.707106781186547));
#9196=DIRECTION('',(1.,-1.67632942359465E-30,1.35265798849929E-15));
#9197=DIRECTION('',(1.,-1.67632942359465E-30,1.35265798849929E-15));
#9198=DIRECTION('',(-0.577350269189912,0.577350269189482,0.577350269189483));
#9199=DIRECTION('',(0.186156787897474,-0.694746590606854,-0.694746590606854));
#9200=DIRECTION('',(0.707106781186548,4.14932084795875E-13,0.707106781186548));
#9201=DIRECTION('',(0.707106781186548,0.,-0.707106781186548));
#9202=DIRECTION('',(-2.93401290891035E-13,1.,-2.93401290891035E-13));
#9203=DIRECTION('',(-0.678598344545733,-0.281084637714966,0.678598344545901));
#9204=DIRECTION('',(0.353553390594585,0.612372435696722,0.707106781185089));
#9205=DIRECTION('',(0.894427190998884,-4.9960036108132E-16,-0.447213595502022));
#9206=DIRECTION('',(-2.31103369061773E-12,0.755928946017867,-0.654653670708656));
#9207=DIRECTION('',(-0.866025403783965,0.500000000000821,2.60877496303612E-15));
#9208=DIRECTION('',(0.211324865406061,-0.788675134594045,0.577350269190355));
#9209=DIRECTION('',(0.500000000000059,0.499999999999937,0.70710678118655));
#9210=DIRECTION('',(0.816496580927695,1.11022302462516E-16,-0.57735026918967));
#9211=DIRECTION('',(-0.707106781186462,0.707106781186633,0.));
#9212=DIRECTION('',(-0.281084637714906,-0.678598344545813,0.678598344545846));
#9213=DIRECTION('',(-0.353553390593262,0.612372435695802,0.707106781186547));
#9214=DIRECTION('',(0.894427190999922,1.94289029309402E-16,0.447213595499946));
#9215=DIRECTION('',(-0.654653670708166,0.377964473009037,-0.654653670707899));
#9216=DIRECTION('',(-0.866025403784451,-0.499999999999979,-5.10786963570541E-15));
#9217=DIRECTION('',(-0.707106781186546,-4.03529456769109E-13,0.707106781186549));
#9218=DIRECTION('',(0.707106781186549,-2.52435489670724E-29,0.707106781186546));
#9219=DIRECTION('',(-0.654653670707879,-0.377964473009197,-0.654653670708092));
#9220=DIRECTION('',(-2.8533841528996E-13,1.,2.85338415289961E-13));
#9221=DIRECTION('',(-0.353553390593224,-0.612372435696009,0.707106781186386));
#9222=DIRECTION('',(0.8944271909999,-1.11022302462516E-16,0.44721359549999));
#9223=DIRECTION('',(-0.186156787904553,-0.694746590603727,-0.694746590608085));
#9224=DIRECTION('',(0.866025403784546,-0.499999999999814,1.99134872854931E-15));
#9225=DIRECTION('',(-0.707106781186555,-6.11893486622211E-13,0.70710678118654));
#9226=DIRECTION('',(0.70710678118654,0.,0.707106781186555));
#9227=DIRECTION('',(-0.678598344545596,0.281084637716587,-0.678598344545367));
#9228=DIRECTION('',(-4.3267403375445E-13,1.,4.32674033754441E-13));
#9229=DIRECTION('',(0.577350269189211,0.577350269189945,0.577350269189722));
#9230=DIRECTION('',(-2.04827002593242E-14,0.707106781186548,0.707106781186548));
#9231=DIRECTION('',(1.,-6.31088724176809E-29,2.89669125007592E-14));
#9232=DIRECTION('',(0.377964473009226,0.654653670707983,-0.654653670707972));
#9233=DIRECTION('',(1.,-6.31088724176809E-29,2.89669125007592E-14));
#9234=DIRECTION('',(0.281084637712722,-0.678598344546277,0.678598344546286));
#9235=DIRECTION('',(0.612372435695799,0.353553390593273,0.707106781186545));
#9236=DIRECTION('',(0.755928946018451,-3.05311331771918E-16,-0.654653670707981));
#9237=DIRECTION('',(0.377964473009226,0.654653670707978,-0.654653670707978));
#9238=DIRECTION('',(-0.5,0.866025403784441,0.));
#9239=DIRECTION('',(0.,0.707106781186548,0.707106781186548));
#9240=DIRECTION('',(1.,0.,0.));
#9241=DIRECTION('',(1.,0.,0.));
#9242=DIRECTION('',(0.377964473009227,0.654653670707977,-0.654653670707977));
#9243=DIRECTION('',(0.612372435695796,0.353553390593275,0.707106781186546));
#9244=DIRECTION('',(0.755928946018453,1.38777878078144E-16,-0.654653670707979));
#9245=DIRECTION('',(-0.5,0.866025403784439,-1.1556266144132E-15));
#9246=DIRECTION('',(0.377964473009224,0.654653670707978,-0.654653670707978));
#9247=DIRECTION('',(-0.499999999997202,0.500000000002806,0.707106781186542));
#9248=DIRECTION('',(0.816496580929247,-5.55111512312578E-17,0.577350269187475));
#9249=DIRECTION('',(-0.70710678119052,-0.707106781182575,-1.22663473334071E-14));
#9250=DIRECTION('',(0.,0.707106781186548,0.707106781186547));
#9251=DIRECTION('',(1.,0.,0.));
#9252=DIRECTION('',(1.,0.,0.));
#9253=DIRECTION('',(-0.377964473009242,0.654653670707973,-0.654653670707973));
#9254=DIRECTION('',(-0.612372435695794,0.353553390593274,0.707106781186548));
#9255=DIRECTION('',(0.755928946018455,-5.55111512312578E-17,0.654653670707977));
#9256=DIRECTION('',(-0.5,-0.866025403784438,0.));
#9257=DIRECTION('',(-0.377964473009226,0.654653670707979,-0.654653670707976));
#9258=DIRECTION('',(3.13531793309962E-13,-0.707106781186547,0.707106781186548));
#9259=DIRECTION('',(1.,-2.52435489670724E-29,-4.43400914334106E-13));
#9260=DIRECTION('',(1.,-2.52435489670724E-29,-4.43400914334106E-13));
#9261=DIRECTION('',(0.,0.707106781186548,0.707106781186548));
#9262=DIRECTION('',(1.,0.,0.));
#9263=DIRECTION('',(1.,0.,0.));
#9264=DIRECTION('',(-0.377964473009227,0.654653670707977,-0.654653670707977));
#9265=DIRECTION('',(-0.612372435695798,0.353553390593273,0.707106781186545));
#9266=DIRECTION('',(0.755928946018451,-1.66533453693773E-16,0.654653670707981));
#9267=DIRECTION('',(-0.5,-0.86602540378444,-6.32240160812258E-16));
#9268=DIRECTION('',(-0.377964473009224,0.654653670707977,-0.65465367070798));
#9269=DIRECTION('',(-2.04827002593242E-14,0.707106781186548,0.707106781186548));
#9270=DIRECTION('',(1.,-6.31088724176809E-29,2.89669125007592E-14));
#9271=DIRECTION('',(1.,-6.31088724176809E-29,2.89669125007592E-14));
#9272=DIRECTION('',(-0.612372435695562,0.353553390593677,0.707106781186548));
#9273=DIRECTION('',(0.755928946018578,-2.77555756156289E-17,0.654653670707835));
#9274=DIRECTION('',(-0.500000000000563,-0.866025403784113,8.09537622105871E-15));
#9275=DIRECTION('',(0.353553390593282,-0.612372435695792,0.707106781186546));
#9276=DIRECTION('',(0.894427190999911,-8.32667268468867E-17,-0.447213595499967));
#9277=DIRECTION('',(0.866025403784433,0.500000000000011,2.21260969838893E-16));
#9278=DIRECTION('',(0.654653670707982,-0.377964473009216,-0.654653670707979));
#9279=DIRECTION('',(0.70710678118655,3.416384357923E-14,0.707106781186546));
#9280=DIRECTION('',(0.707106781186546,-3.15544362088404E-30,-0.70710678118655));
#9281=DIRECTION('',(-2.41574854662701E-14,1.,-2.41574854662699E-14));
#9282=DIRECTION('',(0.654653670707947,0.377964473009299,-0.654653670707967));
#9283=DIRECTION('',(0.70710678118655,3.66223031030535E-16,0.707106781186546));
#9284=DIRECTION('',(0.707106781186546,2.46519032881566E-32,-0.70710678118655));
#9285=DIRECTION('',(-0.678598344545727,-0.281084637715384,0.678598344545733));
#9286=DIRECTION('',(0.353553390593263,0.612372435695805,0.707106781186544));
#9287=DIRECTION('',(0.894427190999921,-3.88578058618805E-16,-0.447213595499947));
#9288=DIRECTION('',(-0.866025403784447,0.499999999999985,-4.50694379621205E-15));
#9289=DIRECTION('',(0.499999999999313,0.50000000000069,0.707106781186546));
#9290=DIRECTION('',(0.816496580928099,2.77555756156289E-17,-0.577350269189098));
#9291=DIRECTION('',(-0.70710678118752,0.707106781185575,-6.13317366672875E-16));
#9292=DIRECTION('',(0.612372435695567,0.35355339059369,0.707106781186537));
#9293=DIRECTION('',(0.75592894601857,-1.11022302462516E-16,-0.654653670707844));
#9294=DIRECTION('',(-0.500000000000581,0.866025403784103,1.15648231732045E-15));
#9295=DIRECTION('',(-0.499999999999904,0.500000000000098,0.707106781186546));
#9296=DIRECTION('',(0.816496580927778,-3.05311331771918E-16,0.577350269189553));
#9297=DIRECTION('',(-0.707106781186678,-0.707106781186417,8.58644313342067E-15));
#9298=DIRECTION('',(-0.707106781186411,0.707106781186684,0.));
#9299=DIRECTION('',(0.707106781186684,0.707106781186411,0.));
#9300=DIRECTION('',(0.707106781186679,0.707106781186416,8.58644313342068E-15));
#9301=DIRECTION('',(-0.500000000000441,-0.866025403784184,0.));
#9302=DIRECTION('',(0.866025403784184,-0.500000000000441,0.));
#9303=DIRECTION('',(0.,0.,1.));
#9304=DIRECTION('',(0.866025403784184,-0.500000000000441,0.));
#9305=DIRECTION('',(-3.64191130617106E-15,-1.,0.));
#9306=DIRECTION('',(1.,-3.64191130617106E-15,0.));
#9307=DIRECTION('',(0.,0.,1.));
#9308=DIRECTION('',(1.,-3.64191130617106E-15,0.));
#9309=DIRECTION('',(0.500000000000435,-0.866025403784188,0.));
#9310=DIRECTION('',(0.866025403784188,0.500000000000435,0.));
#9311=DIRECTION('',(0.866025403784188,0.500000000000435,0.));
#9312=DIRECTION('',(0.707106781185574,0.707106781187521,0.));
#9313=DIRECTION('',(0.707106781187521,-0.707106781185574,0.));
#9314=DIRECTION('',(0.70710678118752,-0.707106781185575,-9.1997605000931E-16));
#9315=DIRECTION('',(-1.,-4.42795175066358E-12,0.));
#9316=DIRECTION('',(4.42795175066358E-12,-1.,0.));
#9317=DIRECTION('',(0.,0.,1.));
#9318=DIRECTION('',(1.,0.,0.));
#9319=DIRECTION('',(0.,0.,-1.));
#9320=DIRECTION('',(0.,0.,1.));
#9321=DIRECTION('',(0.,1.,0.));
#9322=DIRECTION('',(0.,0.,1.));
#9323=DIRECTION('',(-3.13037183950074E-12,0.70710678118654,-0.707106781186555));
#9324=DIRECTION('',(4.42795175066358E-12,-1.,0.));
#9325=DIRECTION('',(0.,0.,1.));
#9326=DIRECTION('',(-2.21397587533176E-12,1.,-2.21397587533179E-12));
#9327=DIRECTION('',(0.,0.,1.));
#9328=DIRECTION('',(4.42795175066358E-12,-1.,0.));
#9329=DIRECTION('',(0.,0.,1.));
#9330=DIRECTION('',(1.,0.,0.));
#9331=DIRECTION('',(0.,0.,-1.));
#9332=DIRECTION('',(-0.866025403784109,0.50000000000057,0.));
#9333=DIRECTION('',(-0.50000000000057,-0.866025403784109,0.));
#9334=DIRECTION('',(0.,0.,-1.));
#9335=DIRECTION('',(0.500000000000486,0.866025403784158,0.));
#9336=DIRECTION('',(0.,0.,1.));
#9337=DIRECTION('',(0.500000000000823,0.866025403783964,0.));
#9338=DIRECTION('',(0.866025403783964,-0.500000000000823,0.));
#9339=DIRECTION('',(0.,0.,-1.));
#9340=DIRECTION('',(0.480384461416278,-0.277350098111819,0.832050294337522));
#9341=DIRECTION('',(0.866025403783965,-0.500000000000822,-2.20280101782889E-15));
#9342=DIRECTION('',(0.,0.,1.));
#9343=DIRECTION('',(-0.499999999999983,0.866025403784449,0.));
#9344=DIRECTION('',(-0.866025403784449,-0.499999999999983,0.));
#9345=DIRECTION('',(0.,0.,1.));
#9346=DIRECTION('',(0.86602540378445,0.49999999999998,4.20648087646606E-15));
#9347=DIRECTION('',(-1.,-5.70676830579923E-13,0.));
#9348=DIRECTION('',(5.70676830579923E-13,-1.,0.));
#9349=DIRECTION('',(0.,0.,1.));
#9350=DIRECTION('',(-3.61538755922138E-13,1.,2.08734498054129E-13));
#9351=DIRECTION('',(0.499999999999816,0.866025403784545,0.));
#9352=DIRECTION('',(-0.866025403784545,0.499999999999816,0.));
#9353=DIRECTION('',(0.,0.,-1.));
#9354=DIRECTION('',(-0.866025403784545,0.499999999999816,1.40857390213811E-15));
#9355=DIRECTION('',(-0.480384461415373,0.277350098112539,-0.832050294337805));
#9356=DIRECTION('',(4.43400914334106E-13,-1.,0.));
#9357=DIRECTION('',(-1.,-4.43400914334106E-13,0.));
#9358=DIRECTION('',(0.,0.,-1.));
#9359=DIRECTION('',(-1.,0.,0.));
#9360=DIRECTION('',(0.707106781186548,0.,0.707106781186547));
#9361=DIRECTION('',(-1.,-8.65348067508881E-13,0.));
#9362=DIRECTION('',(-8.65348067508881E-13,1.,0.));
#9363=DIRECTION('',(0.,0.,-1.));
#9364=DIRECTION('',(2.99637145392621E-41,-1.,3.28566066700326E-13));
#9365=DIRECTION('',(0.,0.,-1.));
#9366=DIRECTION('',(6.52994777449049E-13,-0.755928946016349,-0.654653670710408));
#9367=DIRECTION('',(0.,0.,1.));
#9368=DIRECTION('',(0.,1.,0.));
#9369=DIRECTION('',(1.,0.,0.));
#9370=DIRECTION('',(0.,0.,-1.));
#9371=DIRECTION('',(-0.707106781182585,0.70710678119051,0.));
#9372=DIRECTION('',(0.70710678119051,0.707106781182585,0.));
#9373=DIRECTION('',(0.,0.,-1.));
#9374=DIRECTION('',(0.70710678119051,0.707106781182585,0.));
#9375=DIRECTION('',(-2.89669125007593E-14,1.,0.));
#9376=DIRECTION('',(1.,2.89669125007593E-14,0.));
#9377=DIRECTION('',(0.,0.,-1.));
#9378=DIRECTION('',(1.,2.89669125007593E-14,0.));
#9379=DIRECTION('',(0.,0.,1.));
#9380=DIRECTION('',(-1.,0.,0.));
#9381=DIRECTION('',(0.,0.,1.));
#9382=DIRECTION('',(1.,0.,0.));
#9383=DIRECTION('',(0.,0.,-1.));
#9384=DIRECTION('',(1.,0.,0.));
#9385=DIRECTION('',(0.,0.,-1.));
#9386=DIRECTION('',(-1.,0.,0.));
#9387=DIRECTION('',(0.,0.,1.));
#9388=DIRECTION('',(-1.,0.,0.));
#9389=DIRECTION('',(0.,0.,1.));
#9390=DIRECTION('',(1.,0.,0.));
#9391=DIRECTION('',(0.,0.,-1.));
#9392=DIRECTION('',(1.,0.,0.));
#9393=DIRECTION('',(0.,0.,-1.));
#9394=DIRECTION('',(-1.,0.,0.));
#9395=DIRECTION('',(0.,0.,1.));
#9396=DIRECTION('',(-1.,0.,0.));
#9397=DIRECTION('',(0.,0.,1.));
#9398=DIRECTION('',(1.,0.,0.));
#9399=DIRECTION('',(0.,0.,-1.));
#9400=DIRECTION('',(1.,0.,0.));
#9401=DIRECTION('',(0.,0.,-1.));
#9402=DIRECTION('',(-1.,0.,0.));
#9403=DIRECTION('',(0.,0.,-1.));
#9404=DIRECTION('',(1.,0.,0.));
#9405=DIRECTION('',(0.,0.,-1.));
#9406=DIRECTION('',(-1.,0.,0.));
#9407=DIRECTION('',(1.,0.,0.));
#9408=DIRECTION('',(0.,-1.,0.));
#9409=DIRECTION('',(1.,0.,0.));
#9410=DIRECTION('',(0.,0.,-1.));
#9411=DIRECTION('',(1.,0.,0.));
#9412=DIRECTION('',(0.,-1.,0.));
#9413=DIRECTION('',(1.,0.,0.));
#9414=DIRECTION('',(0.,-1.,0.));
#9415=DIRECTION('',(1.,0.,0.));
#9416=DIRECTION('',(0.,0.,-1.));
#9417=DIRECTION('',(1.,0.,0.));
#9418=DIRECTION('',(0.,-1.,0.));
#9419=DIRECTION('',(-1.,0.,0.));
#9420=DIRECTION('',(0.,1.,0.));
#9421=DIRECTION('',(-1.,0.,0.));
#9422=DIRECTION('',(0.,0.,1.));
#9423=DIRECTION('',(-1.,0.,0.));
#9424=DIRECTION('',(0.,0.,1.));
#9425=DIRECTION('',(-1.,0.,0.));
#9426=DIRECTION('',(0.,1.,0.));
#9427=DIRECTION('',(-1.,0.,0.));
#9428=DIRECTION('',(0.,1.,0.));
#9429=DIRECTION('',(-1.,0.,0.));
#9430=DIRECTION('',(0.,0.,1.));
#9431=DIRECTION('',(-1.,0.,0.));
#9432=DIRECTION('',(0.,0.,1.));
#9433=DIRECTION('',(-1.,0.,0.));
#9434=DIRECTION('',(0.,1.,0.));
#9435=DIRECTION('',(0.,1.,-3.5202202667867E-15));
#9436=DIRECTION('',(-4.80168711190163E-27,-3.5202202667867E-15,-1.));
#9437=DIRECTION('',(0.,0.,1.));
#9438=DIRECTION('',(-1.,0.,0.));
#9439=DIRECTION('',(-4.80168711190163E-27,-3.5202202667867E-15,-1.));
#9440=DIRECTION('',(1.,0.,0.));
#9441=DIRECTION('',(-1.,0.,0.));
#9442=DIRECTION('',(0.,-1.,2.58191465443728E-15));
#9443=DIRECTION('',(-1.,0.,0.));
#9444=DIRECTION('',(0.,0.,1.));
#9445=DIRECTION('',(0.,0.,1.));
#9446=DIRECTION('',(1.,0.,0.));
#9447=DIRECTION('',(0.,1.,0.));
#9448=DIRECTION('',(1.,0.,0.));
#9449=DIRECTION('',(0.,1.,0.));
#9450=DIRECTION('',(0.500000000000489,-0.866025403784156,0.));
#9451=DIRECTION('',(1.,0.,0.));
#9452=DIRECTION('',(0.,-1.,2.58191465443728E-15));
#9453=DIRECTION('',(1.,0.,0.));
#9454=DIRECTION('',(0.,1.,-3.5202202667867E-15));
#9455=DIRECTION('',(0.,3.5202202667867E-15,1.));
#9456=DIRECTION('',(1.,0.,0.));
#9457=DIRECTION('',(0.,-1.,2.30168248212974E-15));
#9458=DIRECTION('',(3.13956465008948E-27,2.30168248212974E-15,1.));
#9459=DIRECTION('',(0.,0.,1.));
#9460=DIRECTION('',(-1.,7.22628095662474E-42,3.13956465008948E-27));
#9461=DIRECTION('',(0.707106781186953,0.,0.707106781186142));
#9462=DIRECTION('',(0.,0.,1.));
#9463=DIRECTION('',(0.,-0.707106781186554,-0.707106781186541));
#9464=DIRECTION('',(-9.64515075944645E-13,-0.707106781186541,0.707106781186554));
#9465=DIRECTION('',(-0.577350269190072,0.57735026918939,-0.577350269189416));
#9466=DIRECTION('',(-9.61681630943793E-13,-0.707106781186534,0.707106781186561));
#9467=DIRECTION('',(-1.,6.8201515075711E-13,-6.82015150757123E-13));
#9468=DIRECTION('',(0.,-2.57246865649794E-15,-1.));
#9469=DIRECTION('',(-1.36403030151425E-12,-1.,2.57246865649794E-15));
#9470=DIRECTION('',(-0.866025403784492,0.499999999999907,0.));
#9471=DIRECTION('',(5.82252519511213E-15,1.,-5.8225251951188E-15));
#9472=DIRECTION('',(1.36403030151425E-12,1.,0.));
#9473=DIRECTION('',(1.,5.8680258178207E-13,0.));
#9474=DIRECTION('',(5.8680258178207E-13,-1.,0.));
#9475=DIRECTION('',(0.,0.,-1.));
#9476=DIRECTION('',(0.,1.,0.));
#9477=DIRECTION('',(0.,0.,1.));
#9478=DIRECTION('',(-4.82648313764813E-13,0.755928946018554,0.654653670707862));
#9479=DIRECTION('',(-8.7648218029211E-17,-3.28653714918356E-13,-1.));
#9480=DIRECTION('',(5.8680258178207E-13,-1.,0.));
#9481=DIRECTION('',(0.,0.,-1.));
#9482=DIRECTION('',(1.,-1.36403030151425E-12,0.));
#9483=DIRECTION('',(1.36403030151425E-12,1.,0.));
#9484=DIRECTION('',(6.82015150757121E-13,1.,-6.82015150757124E-13));
#9485=DIRECTION('',(0.,0.,1.));
#9486=DIRECTION('',(1.36403030151425E-12,1.,0.));
#9487=DIRECTION('',(0.,0.,1.));
#9488=DIRECTION('',(6.82015150757125E-13,1.,-6.82015150757124E-13));
#9489=DIRECTION('',(0.,0.,1.));
#9490=DIRECTION('',(0.,0.,1.));
#9491=DIRECTION('',(-1.,1.16450503902376E-14,0.));
#9492=DIRECTION('',(-1.16450503902376E-14,-1.,0.));
#9493=DIRECTION('',(5.82252519511213E-15,1.,-5.8225251951188E-15));
#9494=DIRECTION('',(0.,0.,-1.));
#9495=DIRECTION('',(0.,-1.,2.30168248212974E-15));
#9496=DIRECTION('',(0.,-2.30168248212974E-15,-1.));
#9497=DIRECTION('',(1.,0.,0.));
#9498=DIRECTION('',(0.,0.,1.));
#9499=DIRECTION('',(0.707106781186547,0.,-0.707106781186548));
#9500=DIRECTION('',(1.,0.,0.));
#9501=DIRECTION('',(0.,-2.57246865649794E-15,-1.));
#9502=DIRECTION('',(0.,1.,-2.57246865649794E-15));
#9503=DIRECTION('',(-1.37638245172123E-12,1.,-1.37638245172123E-12));
#9504=DIRECTION('',(-0.866025403789639,-0.499999999990993,0.));
#9505=DIRECTION('',(1.,0.,0.));
#9506=DIRECTION('',(0.,-0.707106781186554,-0.707106781186541));
#9507=DIRECTION('',(0.,0.707106781186541,-0.707106781186554));
#9508=DIRECTION('',(-0.57735026918856,-0.577350269190162,0.577350269190155));
#9509=DIRECTION('',(0.,0.,1.));
#9510=DIRECTION('',(1.,0.,0.));
#9511=DIRECTION('',(0.,1.,0.));
#9512=DIRECTION('',(0.,0.,-1.));
#9513=DIRECTION('',(1.,0.,0.));
#9514=DIRECTION('',(0.,0.,-1.));
#9515=DIRECTION('',(1.,0.,0.));
#9516=DIRECTION('',(0.,0.,-1.));
#9517=DIRECTION('',(1.,0.,0.));
#9518=DIRECTION('',(0.,0.,-1.));
#9519=DIRECTION('',(1.,0.,0.));
#9520=DIRECTION('',(-0.86602540378444,-0.5,0.));
#9521=DIRECTION('',(-0.5,0.86602540378444,0.));
#9522=DIRECTION('',(0.,0.,-1.));
#9523=DIRECTION('',(-0.5,0.86602540378444,0.));
#9524=DIRECTION('',(0.,-1.,0.));
#9525=DIRECTION('',(-1.,0.,0.));
#9526=DIRECTION('',(0.,0.,-1.));
#9527=DIRECTION('',(-1.,0.,0.));
#9528=DIRECTION('',(-0.866025403784439,-0.5,0.));
#9529=DIRECTION('',(-0.5,0.866025403784439,0.));
#9530=DIRECTION('',(0.,0.,-1.));
#9531=DIRECTION('',(-0.5,0.866025403784439,0.));
#9532=DIRECTION('',(0.,-1.,0.));
#9533=DIRECTION('',(-1.,0.,0.));
#9534=DIRECTION('',(0.,0.,-1.));
#9535=DIRECTION('',(-1.,0.,0.));
#9536=DIRECTION('',(0.866025403784439,-0.5,0.));
#9537=DIRECTION('',(-0.5,-0.866025403784439,0.));
#9538=DIRECTION('',(0.,0.,-1.));
#9539=DIRECTION('',(-0.5,-0.866025403784439,0.));
#9540=DIRECTION('',(0.,-1.,0.));
#9541=DIRECTION('',(-1.,0.,0.));
#9542=DIRECTION('',(0.,0.,-1.));
#9543=DIRECTION('',(-1.,0.,0.));
#9544=DIRECTION('',(0.866025403784441,-0.5,0.));
#9545=DIRECTION('',(-0.5,-0.866025403784441,0.));
#9546=DIRECTION('',(0.,0.,-1.));
#9547=DIRECTION('',(-0.5,-0.866025403784441,0.));
#9548=DIRECTION('',(-2.89669125007593E-14,1.,0.));
#9549=DIRECTION('',(1.,2.89669125007593E-14,0.));
#9550=DIRECTION('',(0.,0.,-1.));
#9551=DIRECTION('',(1.,2.89669125007593E-14,0.));
#9552=DIRECTION('',(-0.65671606375462,-0.262152649436615,-0.707106781186549));
#9553=DIRECTION('',(-0.732733081327745,-1.38777878078145E-16,0.680516150820793));
#9554=DIRECTION('',(0.370739832245295,-0.928736763990061,5.26102600471522E-15));
#9555=DIRECTION('',(0.656716146920268,-0.262152441099064,-0.707106781186547));
#9556=DIRECTION('',(-0.732733038355405,5.55111512312578E-17,-0.680516197090457));
#9557=DIRECTION('',(0.370739537611507,0.928736881604045,-1.05221201147849E-15));
#9558=DIRECTION('',(0.,0.,1.));
#9559=DIRECTION('',(-1.,0.,0.));
#9560=DIRECTION('',(0.,0.,1.));
#9561=DIRECTION('',(1.,0.,0.));
#9562=DIRECTION('',(0.,0.,1.));
#9563=DIRECTION('',(-1.,0.,0.));
#9564=DIRECTION('',(0.,0.,1.));
#9565=DIRECTION('',(1.,0.,0.));
#9566=DIRECTION('',(0.,0.,1.));
#9567=DIRECTION('',(-1.,0.,0.));
#9568=DIRECTION('',(0.,0.,1.));
#9569=DIRECTION('',(1.,0.,0.));
#9570=DIRECTION('',(0.,0.,1.));
#9571=DIRECTION('',(-1.,0.,0.));
#9572=DIRECTION('',(0.,0.,1.));
#9573=DIRECTION('',(1.,0.,0.));
#9574=DIRECTION('',(0.499999999999311,0.500000000000688,-0.707106781186548));
#9575=DIRECTION('',(-0.816496580928101,-1.38777878078144E-16,-0.577350269189095));
#9576=DIRECTION('',(-0.499999999999903,0.500000000000096,-0.707106781186548));
#9577=DIRECTION('',(-0.816496580927779,8.32667268468867E-17,0.577350269189551));
#9578=DIRECTION('',(-0.678598344545807,0.281084637714932,0.678598344545841));
#9579=DIRECTION('',(-0.707106781186548,1.38249194214035E-13,-0.707106781186548));
#9580=DIRECTION('',(-0.707106781186548,0.,0.707106781186548));
#9581=DIRECTION('',(9.77569427223201E-14,1.,9.77569427223201E-14));
#9582=DIRECTION('',(0.707106781186547,3.66223031030534E-16,0.707106781186548));
#9583=DIRECTION('',(0.707106781186548,0.,-0.707106781186547));
#9584=DIRECTION('',(-1.51050751649725E-16,0.,1.));
#9585=DIRECTION('',(1.,0.,1.51050751649725E-16));
#9586=DIRECTION('',(-9.11954030903067E-29,-3.28566066700326E-13,-1.));
#9587=DIRECTION('',(1.,0.,-9.11954030903067E-29));
#9588=DIRECTION('',(-9.11954030903067E-29,-3.28566066700326E-13,-1.));
#9589=DIRECTION('',(0.,1.,-3.28566066700326E-13));
#9590=DIRECTION('',(-9.11954030903067E-29,-3.28566066700326E-13,-1.));
#9591=DIRECTION('',(1.,0.,-9.11954030903067E-29));
#9592=DIRECTION('',(-9.11954030903067E-29,-3.28566066700326E-13,-1.));
#9593=DIRECTION('',(0.,1.,-3.28566066700326E-13));
#9594=DIRECTION('',(-9.11954030903067E-29,-3.28566066700326E-13,-1.));
#9595=DIRECTION('',(1.,0.,-9.11954030903067E-29));
#9596=DIRECTION('',(-9.11954030903067E-29,-3.28566066700326E-13,-1.));
#9597=DIRECTION('',(0.,1.,-3.28566066700326E-13));
#9598=DIRECTION('',(-9.11954030903067E-29,-3.28566066700326E-13,-1.));
#9599=DIRECTION('',(1.,0.,-9.11954030903067E-29));
#9600=DIRECTION('',(-9.11954030903067E-29,-3.28566066700326E-13,-1.));
#9601=DIRECTION('',(0.,1.,-3.28566066700326E-13));
#9602=DIRECTION('',(9.11954030903067E-29,3.28566066700326E-13,1.));
#9603=DIRECTION('',(-1.,3.55270726843274E-49,9.11954030903067E-29));
#9604=DIRECTION('',(0.707106781186461,-0.707106781186634,0.));
#9605=DIRECTION('',(0.707106781186618,-0.707106781186477,2.32331293831569E-13));
#9606=DIRECTION('',(-1.,3.55270726843274E-49,9.11954030903067E-29));
#9607=DIRECTION('',(-0.707106781186462,-0.707106781186633,2.33060599335844E-13));
#9608=DIRECTION('',(0.707106781186477,0.707106781186618,-2.3245524713027E-13));
#9609=DIRECTION('',(0.707106781186618,-0.707106781186477,2.32331293831569E-13));
#9610=DIRECTION('',(-9.24922070427671E-29,-3.28741363136385E-13,-1.));
#9611=DIRECTION('',(7.39777705475934E-15,1.,-3.28741363136385E-13));
#9612=DIRECTION('',(1.,-7.39777705475934E-15,2.33946310611789E-27));
#9613=DIRECTION('',(8.76482180297411E-17,-3.28653714918356E-13,-1.));
#9614=DIRECTION('',(-0.707106781186591,0.707106781186504,-2.32455247130233E-13));
#9615=DIRECTION('',(0.707106781186504,0.707106781186591,-2.32331293831606E-13));
#9616=DIRECTION('',(-1.35265798849929E-15,-1.,0.));
#9617=DIRECTION('',(-1.,1.35265798849929E-15,0.));
#9618=DIRECTION('',(0.,0.,-1.));
#9619=DIRECTION('',(0.707106781186548,0.,-0.707106781186547));
#9620=DIRECTION('',(-1.,0.,0.));
#9621=DIRECTION('',(0.707106781186634,0.707106781186461,0.));
#9622=DIRECTION('',(0.707106781186461,-0.707106781186634,0.));
#9623=DIRECTION('',(0.,0.,-1.));
#9624=DIRECTION('',(-1.,0.,0.));
#9625=DIRECTION('',(8.00160738468582E-16,1.,8.00160738468583E-16));
#9626=DIRECTION('',(0.866025403784432,0.500000000000011,7.51157299368585E-16));
#9627=DIRECTION('',(-3.62613165300805E-14,1.,-2.09354808598123E-14));
#9628=DIRECTION('',(-0.766726774564737,-0.641973561111013,0.));
#9629=DIRECTION('',(0.866025403784089,-0.500000000000606,0.));
#9630=DIRECTION('',(0.766726774564738,0.641973561111012,0.));
#9631=DIRECTION('',(-3.62613165300805E-14,1.,-2.09354808598123E-14));
#9632=DIRECTION('',(-0.866025403784436,0.5,-6.76041569460726E-14));
#9633=DIRECTION('',(1.66533453693773E-15,1.,-3.49996158024988E-30));
#9634=DIRECTION('',(0.86602540378441,-0.50000000000005,0.));
#9635=DIRECTION('',(-0.866025403784454,0.499999999999974,1.30007994120939E-14));
#9636=DIRECTION('',(-0.866025403784028,-0.500000000000712,4.69473312105245E-16));
#9637=DIRECTION('',(5.82252519511213E-15,1.,-5.8225251951188E-15));
#9638=DIRECTION('',(-0.866025403784492,0.499999999999907,0.));
#9639=DIRECTION('',(0.707106781186547,-1.13159816842074E-15,0.707106781186548));
#9640=DIRECTION('',(0.707106781186548,0.,-0.707106781186547));
#9641=DIRECTION('',(-0.654653670707978,0.377964473009224,0.654653670707978));
#9642=DIRECTION('',(-0.499999999990993,0.866025403789639,0.));
#9643=DIRECTION('',(-0.866025403789639,-0.499999999990993,0.));
#9644=DIRECTION('',(-0.654653670709776,-0.377964473001192,0.654653670710817));
#9645=DIRECTION('',(-0.866025403789639,-0.499999999990993,0.));
#9646=DIRECTION('',(0.866025403789641,0.499999999990989,-4.81271526293169E-15));
#9647=DIRECTION('',(-0.353553390586904,0.61237243569947,-0.707106781186549));
#9648=DIRECTION('',(-0.894427191003139,2.4980018054066E-16,0.447213595493512));
#9649=DIRECTION('',(0.654653670708056,-0.377964473011857,-0.654653670706381));
#9650=DIRECTION('',(0.866025403784103,0.500000000000581,0.));
#9651=DIRECTION('',(-0.500000000000581,0.866025403784103,0.));
#9652=DIRECTION('',(0.,0.,1.));
#9653=DIRECTION('',(-0.500000000000011,0.866025403784432,0.));
#9654=DIRECTION('',(-0.866025403784432,-0.500000000000011,0.));
#9655=DIRECTION('',(0.,0.,1.));
#9656=DIRECTION('',(-0.480384461415248,-0.277350098112642,0.832050294337842));
#9657=DIRECTION('',(-0.866025403784432,-0.500000000000012,-1.15246955629543E-15));
#9658=DIRECTION('',(1.,4.83149709325399E-14,0.));
#9659=DIRECTION('',(-4.83149709325399E-14,1.,0.));
#9660=DIRECTION('',(0.,0.,1.));
#9661=DIRECTION('',(-3.62613165300805E-14,1.,-2.09354808598123E-14));
#9662=DIRECTION('',(0.499999999999981,0.86602540378445,0.));
#9663=DIRECTION('',(-0.86602540378445,0.499999999999981,0.));
#9664=DIRECTION('',(0.,0.,-1.));
#9665=DIRECTION('',(0.866025403784448,-0.499999999999983,4.35671233633832E-15));
#9666=DIRECTION('',(0.707106781186546,-9.64515075944653E-13,-0.707106781186549));
#9667=DIRECTION('',(-0.707106781186549,0.,-0.707106781186546));
#9668=DIRECTION('',(0.577350269190134,0.577350269189397,0.577350269189346));
#9669=DIRECTION('',(0.,0.,-1.));
#9670=DIRECTION('',(1.,0.,0.));
#9671=DIRECTION('',(0.,0.,-1.));
#9672=DIRECTION('',(-1.,0.,0.));
#9673=DIRECTION('',(0.,0.,1.));
#9674=DIRECTION('',(1.,0.,0.));
#9675=DIRECTION('',(0.,0.,-1.));
#9676=DIRECTION('',(-1.,0.,0.));
#9677=DIRECTION('',(0.,0.,-1.));
#9678=DIRECTION('',(1.,0.,0.));
#9679=DIRECTION('',(0.,0.,-1.));
#9680=DIRECTION('',(-1.,0.,0.));
#9681=DIRECTION('',(0.,0.,1.));
#9682=DIRECTION('',(1.,0.,0.));
#9683=DIRECTION('',(0.,0.,-1.));
#9684=DIRECTION('',(-1.,0.,0.));
#9685=DIRECTION('',(0.,0.,-1.));
#9686=DIRECTION('',(6.12323399573677E-17,-1.,0.));
#9687=DIRECTION('',(0.,0.,-1.));
#9688=DIRECTION('',(-1.,0.,0.));
#9689=DIRECTION('',(0.,0.,-1.));
#9690=DIRECTION('',(1.60812264967664E-16,1.,0.));
#9691=DIRECTION('',(0.,0.,-1.));
#9692=DIRECTION('',(-1.,0.,0.));
#9693=DIRECTION('',(0.,0.,1.));
#9694=DIRECTION('',(-7.04481399828022E-16,1.,0.));
#9695=DIRECTION('',(0.,0.,1.));
#9696=DIRECTION('',(0.,0.,1.));
#9697=DIRECTION('',(1.,0.,0.));
#9698=DIRECTION('',(0.,0.,1.));
#9699=DIRECTION('',(0.,0.,-1.));
#9700=DIRECTION('',(1.39349996950756E-15,-1.,0.));
#9701=DIRECTION('',(0.,0.,-1.));
#9702=DIRECTION('',(-1.,0.,0.));
#9703=DIRECTION('',(0.,0.,-1.));
#9704=DIRECTION('',(-6.12323399573677E-17,1.,0.));
#9705=DIRECTION('',(0.,0.,-1.));
#9706=DIRECTION('',(-1.,0.,0.));
#9707=DIRECTION('',(0.,0.,1.));
#9708=DIRECTION('',(1.83697019872103E-16,1.,0.));
#9709=DIRECTION('',(0.,0.,1.));
#9710=DIRECTION('',(0.,0.,1.));
#9711=DIRECTION('',(1.,0.,0.));
#9712=DIRECTION('',(0.,0.,1.));
#9713=DIRECTION('',(0.,0.,-1.));
#9714=DIRECTION('',(1.,0.,0.));
#9715=DIRECTION('',(0.,0.,-1.));
#9716=DIRECTION('',(-1.,0.,0.));
#9717=DIRECTION('',(0.,0.,-1.));
#9718=DIRECTION('',(0.707106781186547,-0.707106781186548,0.));
#9719=DIRECTION('',(0.,0.,-1.));
#9720=DIRECTION('',(-1.,0.,0.));
#9721=DIRECTION('',(0.,0.,-1.));
#9722=DIRECTION('',(-1.,0.,0.));
#9723=DIRECTION('',(0.,0.,-1.));
#9724=DIRECTION('',(-1.,0.,0.));
#9725=DIRECTION('',(0.,0.,-1.));
#9726=DIRECTION('',(-0.707106781186547,-0.707106781186548,0.));
#9727=DIRECTION('',(0.,0.,-1.));
#9728=DIRECTION('',(-1.,0.,0.));
#9729=DIRECTION('',(0.,0.,-1.));
#9730=DIRECTION('',(-1.,0.,0.));
#9731=DIRECTION('',(0.,0.,-1.));
#9732=DIRECTION('',(-1.,0.,0.));
#9733=DIRECTION('',(0.,0.,-1.));
#9734=DIRECTION('',(-0.707106781186548,0.707106781186547,0.));
#9735=DIRECTION('',(0.,0.,-1.));
#9736=DIRECTION('',(-1.,0.,0.));
#9737=DIRECTION('',(0.,0.,-1.));
#9738=DIRECTION('',(-1.,0.,0.));
#9739=DIRECTION('',(0.,0.,-1.));
#9740=DIRECTION('',(-1.,0.,0.));
#9741=DIRECTION('',(0.,0.,-1.));
#9742=DIRECTION('',(0.707106781186547,0.707106781186548,0.));
#9743=DIRECTION('',(0.,0.,-1.));
#9744=DIRECTION('',(-1.,0.,0.));
#9745=DIRECTION('',(0.,0.,1.));
#9746=DIRECTION('',(6.12323399573677E-17,1.,0.));
#9747=DIRECTION('',(0.,0.,1.));
#9748=DIRECTION('',(1.,0.,0.));
#9749=DIRECTION('',(0.,0.,1.));
#9750=DIRECTION('',(0.,0.,1.));
#9751=DIRECTION('',(1.,0.,0.));
#9752=DIRECTION('',(0.,0.,1.));
#9753=DIRECTION('',(1.,0.,0.));
#9754=DIRECTION('',(0.,0.,1.));
#9755=DIRECTION('',(0.,0.,1.));
#9756=DIRECTION('',(-1.,0.,0.));
#9757=DIRECTION('',(0.,0.,1.));
#9758=DIRECTION('',(0.,0.,1.));
#9759=DIRECTION('',(1.,0.,0.));
#9760=DIRECTION('',(0.,0.,1.));
#9761=DIRECTION('',(1.,0.,0.));
#9762=DIRECTION('',(0.,0.,1.));
#9763=DIRECTION('',(1.,0.,0.));
#9764=DIRECTION('',(0.,0.,1.));
#9765=DIRECTION('',(0.,0.,1.));
#9766=DIRECTION('',(1.,0.,0.));
#9767=DIRECTION('',(0.,0.,1.));
#9768=DIRECTION('',(1.,0.,0.));
#9769=DIRECTION('',(0.,0.,1.));
#9770=DIRECTION('',(1.,-5.66553889764798E-16,0.));
#9771=DIRECTION('',(0.,0.,1.));
#9772=DIRECTION('',(0.,0.,1.));
#9773=DIRECTION('',(1.,0.,0.));
#9774=DIRECTION('',(0.,0.,-1.));
#9775=DIRECTION('',(1.,0.,0.));
#9776=DIRECTION('',(0.,0.,-1.));
#9777=DIRECTION('',(-1.,0.,0.));
#9778=DIRECTION('',(-2.12740935937085E-11,1.,0.));
#9779=DIRECTION('',(-1.,-2.12740935937085E-11,0.));
#9780=DIRECTION('',(0.,0.,1.));
#9781=DIRECTION('',(-1.,-2.12740935937085E-11,0.));
#9782=DIRECTION('',(-0.707106781186552,0.,0.707106781186543));
#9783=DIRECTION('',(0.,0.,1.));
#9784=DIRECTION('',(0.999130053744615,-0.0417029459904446,0.));
#9785=DIRECTION('',(0.,0.,1.));
#9786=DIRECTION('',(1.,0.,0.));
#9787=DIRECTION('',(-5.9663513430222E-14,0.707106781186546,-0.707106781186549));
#9788=DIRECTION('',(-1.,5.04870979341448E-29,8.43769498718491E-14));
#9789=DIRECTION('',(5.96635134302218E-14,0.707106781186549,0.707106781186546));
#9790=DIRECTION('',(-1.,5.04870979341448E-29,8.43769498718491E-14));
#9791=DIRECTION('',(-0.707106781186543,-3.13103470966104E-12,-0.707106781186552));
#9792=DIRECTION('',(-0.707106781186552,0.,0.707106781186543));
#9793=DIRECTION('',(0.353553390593208,0.612372435695833,-0.707106781186547));
#9794=DIRECTION('',(-0.894427190999949,-8.32667268468867E-17,-0.447213595499892));
#9795=DIRECTION('',(0.866025403784454,-0.499999999999974,-7.81206042707362E-14));
#9796=DIRECTION('',(-0.654653670708998,-0.377964473008194,-0.654653670707553));
#9797=DIRECTION('',(0.,0.,-1.));
#9798=DIRECTION('',(-1.,0.,0.));
#9799=DIRECTION('',(0.,0.,-1.));
#9800=DIRECTION('',(-1.,0.,0.));
#9801=DIRECTION('',(0.707106781186548,-9.64515075944656E-13,-0.707106781186547));
#9802=DIRECTION('',(-0.707106781186547,0.,-0.707106781186548));
#9803=DIRECTION('',(8.43769498718494E-14,-1.,0.));
#9804=DIRECTION('',(1.,8.43769498718494E-14,0.));
#9805=DIRECTION('',(0.,0.,1.));
#9806=DIRECTION('',(1.,8.43769498718494E-14,0.));
#9807=DIRECTION('',(-0.353553390593294,-0.612372435695782,-0.707106781186548));
#9808=DIRECTION('',(-0.894427190999906,0.,0.447213595499978));
#9809=DIRECTION('',(-0.866025403784491,0.499999999999909,1.37894436139563E-13));
#9810=DIRECTION('',(-0.654653670708615,-0.377964473007164,0.654653670708531));
#9811=DIRECTION('',(-0.707106781186548,1.58500744054328E-13,-0.707106781186547));
#9812=DIRECTION('',(-0.707106781186547,0.,0.707106781186548));
#9813=DIRECTION('',(0.595756378309558,-0.538654504675136,-0.595756378309677));
#9814=DIRECTION('',(0.654653670708128,0.377964473008846,-0.654653670708047));
#9815=DIRECTION('',(0.353553390593357,0.612372435695744,-0.707106781186549));
#9816=DIRECTION('',(-0.894427190999874,1.66533453693773E-16,-0.447213595500041));
#9817=DIRECTION('',(0.211324865405126,-0.788675134594847,-0.577350269189601));
#9818=DIRECTION('',(-0.353553390593696,-0.612372435695551,-0.707106781186547));
#9819=DIRECTION('',(-0.894427190999702,2.22044604925032E-16,0.447213595500386));
#9820=DIRECTION('',(0.866025403784095,-0.500000000000595,9.97309779664711E-15));
#9821=DIRECTION('',(0.186156787898312,0.694746590606551,-0.694746590606932));
#9822=DIRECTION('',(-2.36474566664258E-15,-0.707106781186547,-0.707106781186548));
#9823=DIRECTION('',(-1.,-1.97215226305253E-31,3.34425539332894E-15));
#9824=DIRECTION('',(-1.,-1.97215226305253E-31,3.34425539332894E-15));
#9825=DIRECTION('',(-0.186156787902196,0.694746590606223,-0.69474659060622));
#9826=DIRECTION('',(0.353553390593697,-0.612372435695552,-0.707106781186546));
#9827=DIRECTION('',(-0.894427190999701,8.32667268468867E-17,-0.447213595500387));
#9828=DIRECTION('',(-0.866025403784124,-0.500000000000544,-6.14518820117523E-14));
#9829=DIRECTION('',(-0.654653670708103,0.377964473008917,-0.65465367070803));
#9830=DIRECTION('',(0.707106781186547,1.70632750739433E-13,-0.707106781186548));
#9831=DIRECTION('',(-0.707106781186548,0.,-0.707106781186547));
#9832=DIRECTION('',(-0.654653670708044,0.377964473009158,-0.654653670707951));
#9833=DIRECTION('',(0.595756378312289,0.538654504669077,0.595756378312424));
#9834=DIRECTION('',(0.353553390593295,-0.612372435695782,-0.707106781186548));
#9835=DIRECTION('',(-0.894427190999905,2.77555756156289E-17,-0.44721359549998));
#9836=DIRECTION('',(-0.86602540378442,-0.500000000000032,2.28170649727359E-15));
#9837=DIRECTION('',(0.612372435695791,0.353553390593291,-0.707106781186542));
#9838=DIRECTION('',(-0.755928946018454,0.,-0.654653670707978));
#9839=DIRECTION('',(-0.612372435695786,0.353553390593288,-0.707106781186548));
#9840=DIRECTION('',(-0.755928946018459,8.32667268468867E-17,0.654653670707972));
#9841=DIRECTION('',(0.50000000000003,0.866025403784422,0.));
#9842=DIRECTION('',(-0.866025403784422,0.50000000000003,0.));
#9843=DIRECTION('',(0.866025403784422,-0.500000000000029,-9.92046303162326E-16));
#9844=DIRECTION('',(0.,0.,-1.));
#9845=DIRECTION('',(-1.,0.,0.));
#9846=DIRECTION('',(-0.499999999999991,0.866025403784444,0.));
#9847=DIRECTION('',(0.866025403784412,0.500000000000046,0.));
#9848=DIRECTION('',(0.353553390593295,-0.612372435695783,-0.707106781186547));
#9849=DIRECTION('',(-0.894427190999905,8.32667268468867E-17,-0.44721359549998));
#9850=DIRECTION('',(0.353553390593299,-0.612372435695802,0.707106781186528));
#9851=DIRECTION('',(0.866025403784421,0.500000000000031,-1.68647871537612E-15));
#9852=DIRECTION('',(0.50000000000003,-0.866025403784422,0.));
#9853=DIRECTION('',(0.866025403784422,0.50000000000003,0.));
#9854=DIRECTION('',(0.,0.,1.));
#9855=DIRECTION('',(0.866025403784426,0.500000000000021,0.));
#9856=DIRECTION('',(-0.500000000000021,0.866025403784426,0.));
#9857=DIRECTION('',(-0.353553390593296,-0.612372435695785,-0.707106781186545));
#9858=DIRECTION('',(-0.894427190999904,-3.33066907387547E-16,0.447213595499982));
#9859=DIRECTION('',(3.21786275824186E-15,0.962206045824367,-0.272322465799347));
#9860=DIRECTION('',(0.,0.272322465799347,0.962206045824367));
#9861=DIRECTION('',(0.0727750996048119,0.271600369254622,0.959654638033007));
#9862=DIRECTION('',(-0.0727750996064548,0.271600369254758,0.959654638032845));
#9863=DIRECTION('',(0.481103022912828,0.833294879358664,-0.272322465798855));
#9864=DIRECTION('',(-0.492598219850593,0.,-0.870256855072126));
#9865=DIRECTION('',(-1.62534969885798E-13,-0.31063491357748,-0.950529300162131));
#9866=DIRECTION('',(-0.86602540378434,0.500000000000171,1.0312316638456E-12));
#9867=DIRECTION('',(0.221192081789837,0.185202177812026,0.957483272066495));
#9868=DIRECTION('',(-0.221192081789827,-0.185202177812019,-0.957483272066498));
#9869=DIRECTION('',(-0.866025403783951,0.500000000000844,1.03122534890013E-12));
#9870=DIRECTION('',(-0.481103022912698,0.83329487935844,-0.27232246579977));
#9871=DIRECTION('',(-0.492598219851948,-3.88578058618805E-16,0.870256855071359));
#9872=DIRECTION('',(-0.866025403781518,-0.500000000005059,-1.82101991003073E-11));
#9873=DIRECTION('',(-2.85260650045984E-12,0.310634913577072,0.950529300162265));
#9874=DIRECTION('',(0.866025403784091,0.500000000000602,0.));
#9875=DIRECTION('',(-0.866025403784246,-0.500000000000334,1.03122534889991E-12));
#9876=DIRECTION('',(-0.221192081790567,0.185202177812638,0.957483272066208));
#9877=DIRECTION('',(0.866025403784089,0.500000000000606,0.));
#9878=DIRECTION('',(0.221192081790576,-0.185202177812645,-0.957483272066204));
#9879=DIRECTION('',(-0.641973561111013,0.766726774564737,0.));
#9880=DIRECTION('',(-0.766726774564737,-0.641973561111013,0.));
#9881=DIRECTION('',(0.461213768960913,0.386170218017171,-0.798845680990665));
#9882=DIRECTION('',(-0.766726774564737,-0.641973561111013,0.));
#9883=DIRECTION('',(0.641973561111013,0.766726774564737,0.));
#9884=DIRECTION('',(-0.766726774564737,0.641973561111013,0.));
#9885=DIRECTION('',(-0.766726774564737,0.641973561111013,0.));
#9886=DIRECTION('',(0.461213768961042,-0.386170218017285,0.798845680990536));
#9887=DIRECTION('',(-0.766726774564737,0.641973561111012,0.));
#9888=DIRECTION('',(-1.,1.66533453693773E-15,1.70234197109191E-13));
#9889=DIRECTION('',(1.70234197109191E-13,-2.79996926233551E-28,1.));
#9890=DIRECTION('',(-1.56709522267674E-13,0.554700196225287,-0.832050294337805));
#9891=DIRECTION('',(1.64477485128301E-15,1.,2.44834268929051E-29));
#9892=DIRECTION('',(-2.10273597475994E-11,3.50175884082916E-26,1.));
#9893=DIRECTION('',(1.,-1.64477485128301E-15,2.10273597475994E-11));
#9894=DIRECTION('',(-0.866025403789704,-0.499999999990881,-1.82037606093929E-11));
#9895=DIRECTION('',(1.66533453693773E-15,1.,6.17167138281078E-29));
#9896=DIRECTION('',(0.,0.,-1.));
#9897=DIRECTION('',(-1.,0.,0.));
#9898=DIRECTION('',(-1.37638245172123E-12,1.,-1.37638245172123E-12));
#9899=DIRECTION('',(-0.866025403783965,0.500000000000821,2.91073453504755E-15));
#9900=DIRECTION('',(0.866025403784457,0.499999999999969,0.));
#9901=DIRECTION('',(0.,1.,0.));
#9902=DIRECTION('',(0.866025403784247,0.500000000000332,0.));
#9903=DIRECTION('',(0.,1.,0.));
#9904=DIRECTION('',(0.766726774564739,-0.64197356111101,0.));
#9905=DIRECTION('',(0.,1.,0.));
#9906=DIRECTION('',(0.866025403784546,-0.499999999999815,4.62250645765017E-16));
#9907=DIRECTION('',(-8.00160738468582E-16,1.,8.00160738468583E-16));
#9908=DIRECTION('',(0.353553390593281,-0.61237243569579,0.707106781186548));
#9909=DIRECTION('',(0.894427190999912,-8.32667268468867E-17,-0.447213595499965));
#9910=DIRECTION('',(-0.407436526174414,0.579639464284286,0.705700764193402));
#9911=DIRECTION('',(-0.707106781186547,-1.13159816842074E-15,0.707106781186548));
#9912=DIRECTION('',(0.707106781186548,0.,0.707106781186547));
#9913=DIRECTION('',(0.654653670707954,0.377964473009308,0.654653670707953));
#9914=DIRECTION('',(-0.353553390593143,-0.61237243569587,0.707106781186548));
#9915=DIRECTION('',(0.894427190999982,3.05311331771918E-16,0.447213595499826));
#9916=DIRECTION('',(-0.40743652617411,-0.579639464284491,-0.70570076419341));
#9917=DIRECTION('',(-0.707106781186142,8.23429409819134E-15,0.707106781186953));
#9918=DIRECTION('',(0.707106781186953,0.,0.707106781186142));
#9919=DIRECTION('',(-0.654653670708318,0.377964473009335,-0.654653670707574));
#9920=DIRECTION('',(0.654653670708602,-0.377964473008356,0.654653670707855));
#9921=DIRECTION('',(-0.353553390593777,0.612372435695504,0.707106781186548));
#9922=DIRECTION('',(0.894427190999661,-8.32667268468867E-17,0.447213595500467));
#9923=DIRECTION('',(-0.298264238019073,0.642670114238855,-0.705700764193379));
#9924=DIRECTION('',(0.866025403784028,0.500000000000711,1.0166773928452E-15));
#9925=DIRECTION('',(-0.500000000000712,0.866025403784028,0.));
#9926=DIRECTION('',(0.866025403784028,0.500000000000712,0.));
#9927=DIRECTION('',(0.480384461415609,0.277350098112348,-0.832050294337732));
#9928=DIRECTION('',(0.707106781186548,1.94649873023649E-12,0.707106781186547));
#9929=DIRECTION('',(0.707106781186547,0.,-0.707106781186548));
#9930=DIRECTION('',(-1.37638245172123E-12,1.,-1.37638245172123E-12));
#9931=DIRECTION('',(0.654653670707336,0.377964473009644,-0.654653670708378));
#9932=DIRECTION('',(0.353553390593856,0.612372435695459,0.707106781186547));
#9933=DIRECTION('',(0.894427190999621,2.77555756156289E-17,-0.447213595500548));
#9934=DIRECTION('',(-0.298264238019075,-0.642670114238855,0.705700764193378));
#9935=DIRECTION('',(1.,2.75276490344246E-12,0.));
#9936=DIRECTION('',(-2.75276490344246E-12,1.,0.));
#9937=DIRECTION('',(0.641973561111012,-0.766726774564738,0.));
#9938=DIRECTION('',(0.766726774564738,0.641973561111012,0.));
#9939=DIRECTION('',(0.766726774564738,0.641973561111012,0.));
#9940=DIRECTION('',(-0.46121376896091,-0.386170218017184,0.798845680990661));
#9941=DIRECTION('',(-1.19084636331899E-12,1.98315757702181E-27,-1.));
#9942=DIRECTION('',(-1.,0.,1.19084636331899E-12));
#9943=DIRECTION('',(-3.62613165300805E-14,1.,-2.09354808598123E-14));
#9944=DIRECTION('',(-1.19084636331899E-12,1.98315757702181E-27,-1.));
#9945=DIRECTION('',(-1.,0.,1.19084636331899E-12));
#9946=DIRECTION('',(0.766726774564738,-0.641973561111012,0.));
#9947=DIRECTION('',(-3.61538755922138E-13,1.,2.08734498054129E-13));
#9948=DIRECTION('',(-0.641973561111012,-0.766726774564738,0.));
#9949=DIRECTION('',(0.766726774564738,-0.641973561111012,0.));
#9950=DIRECTION('',(-0.461213768961042,0.386170218017282,-0.798845680990537));
#9951=DIRECTION('',(0.866025403784438,4.18709617196245E-14,0.5));
#9952=DIRECTION('',(0.5,3.15544362088405E-29,-0.866025403784438));
#9953=DIRECTION('',(-0.480384461415249,-0.27735009811263,0.832050294337846));
#9954=DIRECTION('',(-0.866025403784439,-4.17468996108257E-13,0.5));
#9955=DIRECTION('',(0.5,0.,0.866025403784439));
#9956=DIRECTION('',(0.480384461415333,-0.277350098112813,0.832050294337736));
#9957=DIRECTION('',(1.,-1.66533453693773E-15,3.00183158753411E-12));
#9958=DIRECTION('',(3.00183158753411E-12,-4.93733710296306E-27,-1.));
#9959=DIRECTION('',(-2.52659738533131E-12,-0.554700196226234,0.832050294337174));
#9960=DIRECTION('',(1.19084636331899E-12,-1.98315757702181E-27,1.));
#9961=DIRECTION('',(1.,-1.64477485128301E-15,-1.19084636331899E-12));
#9962=DIRECTION('',(-0.866025403784744,0.499999999999471,1.0187123755257E-12));
#9963=DIRECTION('',(0.433012701892203,0.75000000000001,0.5));
#9964=DIRECTION('',(0.755928946018467,-8.32667268468867E-17,-0.654653670707963));
#9965=DIRECTION('',(0.5,-0.866025403784439,0.));
#9966=DIRECTION('',(0.866025403784439,0.5,0.));
#9967=DIRECTION('',(0.,0.,1.));
#9968=DIRECTION('',(0.866025403784439,0.5,0.));
#9969=DIRECTION('',(1.,1.71693096998532E-16,0.));
#9970=DIRECTION('',(-1.71693096998532E-16,1.,0.));
#9971=DIRECTION('',(0.,0.,1.));
#9972=DIRECTION('',(0.,1.,0.));
#9973=DIRECTION('',(0.5,0.866025403784439,0.));
#9974=DIRECTION('',(-0.866025403784439,0.5,0.));
#9975=DIRECTION('',(-0.866025403784439,0.5,0.));
#9976=DIRECTION('',(0.,0.,-1.));
#9977=DIRECTION('',(-1.,0.,0.));
#9978=DIRECTION('',(0.,0.,1.));
#9979=DIRECTION('',(1.,0.,0.));
#9980=DIRECTION('',(1.,0.,0.));
#9981=DIRECTION('',(0.,1.,0.));
#9982=DIRECTION('',(0.,1.,0.));
#9983=DIRECTION('',(0.,0.,1.));
#9984=DIRECTION('',(0.5,-0.866025403784439,0.));
#9985=DIRECTION('',(0.866025403784439,0.5,0.));
#9986=DIRECTION('',(0.866025403784432,0.500000000000011,0.));
#9987=DIRECTION('',(0.,0.,1.));
#9988=DIRECTION('',(-0.5,-0.866025403784439,0.));
#9989=DIRECTION('',(0.866025403784439,-0.5,0.));
#9990=DIRECTION('',(0.866025403784432,-0.500000000000012,0.));
#9991=DIRECTION('',(0.,0.,-1.));
#9992=DIRECTION('',(-1.,0.,0.));
#9993=DIRECTION('',(0.,0.,1.));
#9994=DIRECTION('',(1.,0.,0.));
#9995=DIRECTION('',(-0.999720622430277,0.0236363509793563,0.));
#9996=DIRECTION('',(-0.0236363509793563,-0.999720622430277,0.));
#9997=DIRECTION('',(-0.0236363509793533,-0.999720622430277,0.));
#9998=DIRECTION('',(0.,0.,1.));
#9999=DIRECTION('',(-0.479390630814292,0.877601631201467,0.));
#10000=DIRECTION('',(-0.877601631201467,-0.479390630814292,0.));
#10001=DIRECTION('',(-0.877601631201463,-0.4793906308143,0.));
#10002=DIRECTION('',(0.,0.,1.));
#10003=DIRECTION('',(0.520329991615985,0.853965280222158,0.));
#10004=DIRECTION('',(-0.853965280222158,0.520329991615985,0.));
#10005=DIRECTION('',(-0.853965280222155,0.520329991615991,0.));
#10006=DIRECTION('',(0.,0.,-1.));
#10007=DIRECTION('',(-1.,0.,0.));
#10008=DIRECTION('',(0.,0.,1.));
#10009=DIRECTION('',(1.,0.,0.));
#10010=DIRECTION('',(-0.433012701892204,0.750000000000009,0.5));
#10011=DIRECTION('',(0.755928946018466,2.77555756156289E-17,0.654653670707964));
#10012=DIRECTION('',(0.,0.,-1.));
#10013=DIRECTION('',(-1.,0.,0.));
#10014=DIRECTION('',(0.,0.,1.));
#10015=DIRECTION('',(1.,0.,0.));
#10016=DIRECTION('',(0.,0.,1.));
#10017=DIRECTION('',(-1.,0.,0.));
#10018=DIRECTION('',(0.,0.,-1.));
#10019=DIRECTION('',(-1.,0.,0.));
#10020=DIRECTION('',(0.,0.,1.));
#10021=DIRECTION('',(1.,0.,0.));
#10022=DIRECTION('',(0.,0.,-1.));
#10023=DIRECTION('',(-1.,0.,0.));
#10024=DIRECTION('',(0.,0.,1.));
#10025=DIRECTION('',(1.,0.,0.));
#10026=DIRECTION('',(0.,0.,-1.));
#10027=DIRECTION('',(-1.,0.,0.));
#10028=DIRECTION('',(0.,0.,-1.));
#10029=DIRECTION('',(-1.,0.,0.));
#10030=DIRECTION('',(0.,0.,-1.));
#10031=DIRECTION('',(-1.,0.,0.));
#10032=DIRECTION('',(0.,0.,-1.));
#10033=DIRECTION('',(-1.,0.,0.));
#10034=DIRECTION('',(0.,0.,1.));
#10035=DIRECTION('',(1.,0.,0.));
#10036=DIRECTION('',(0.,0.,-1.));
#10037=DIRECTION('',(-1.,0.,0.));
#10038=DIRECTION('',(0.,0.,-1.));
#10039=DIRECTION('',(-1.,0.,0.));
#10040=DIRECTION('',(0.,0.,1.));
#10041=DIRECTION('',(1.,0.,0.));
#10042=DIRECTION('',(0.,0.,-1.));
#10043=DIRECTION('',(-1.,0.,0.));
#10044=DIRECTION('',(0.,0.,1.));
#10045=DIRECTION('',(1.,0.,0.));
#10046=DIRECTION('',(0.,0.,1.));
#10047=DIRECTION('',(1.,0.,0.));
#10048=DIRECTION('',(0.,0.,-1.));
#10049=DIRECTION('',(-1.,0.,0.));
#10050=DIRECTION('',(0.,0.,1.));
#10051=DIRECTION('',(1.,0.,0.));
#10052=DIRECTION('',(0.,0.,1.));
#10053=DIRECTION('',(1.,0.,0.));
#10054=DIRECTION('',(0.,0.,-1.));
#10055=DIRECTION('',(-1.,0.,0.));
#10056=DIRECTION('',(0.,0.,-1.));
#10057=DIRECTION('',(-1.,0.,0.));
#10058=DIRECTION('',(0.,0.,1.));
#10059=DIRECTION('',(1.,0.,0.));
#10060=DIRECTION('',(0.,0.,-1.));
#10061=DIRECTION('',(-1.,0.,0.));
#10062=DIRECTION('',(0.,0.,1.));
#10063=DIRECTION('',(1.,0.,0.));
#10064=DIRECTION('',(0.,0.,1.));
#10065=DIRECTION('',(1.,0.,0.));
#10066=DIRECTION('',(0.,0.,1.));
#10067=DIRECTION('',(0.,0.,1.));
#10068=DIRECTION('',(1.,0.,0.));
#10069=DIRECTION('',(0.,0.,1.));
#10070=DIRECTION('',(0.,0.,1.));
#10071=DIRECTION('',(1.,0.,0.));
#10072=DIRECTION('',(0.,0.,1.));
#10073=DIRECTION('',(0.,0.,1.));
#10074=DIRECTION('',(1.,0.,0.));
#10075=DIRECTION('',(0.,0.,1.));
#10076=DIRECTION('',(0.,0.,1.));
#10077=DIRECTION('',(1.,0.,0.));
#10078=DIRECTION('',(0.,0.,1.));
#10079=DIRECTION('',(-1.83697019872103E-16,-1.,0.));
#10080=DIRECTION('',(0.,0.,1.));
#10081=DIRECTION('',(1.,0.,0.));
#10082=DIRECTION('',(0.,0.,1.));
#10083=DIRECTION('',(0.,0.,-1.));
#10084=DIRECTION('',(-1.,0.,0.));
#10085=DIRECTION('',(0.,0.,-1.));
#10086=DIRECTION('',(-1.,0.,0.));
#10087=DIRECTION('',(0.,0.,1.));
#10088=DIRECTION('',(1.,0.,0.));
#10089=DIRECTION('',(0.,0.,1.));
#10090=DIRECTION('',(0.,0.,1.));
#10091=DIRECTION('',(1.,0.,0.));
#10092=DIRECTION('',(0.,0.,1.));
#10093=DIRECTION('',(0.,0.,1.));
#10094=DIRECTION('',(1.,0.,0.));
#10095=DIRECTION('',(0.,0.,1.));
#10096=DIRECTION('',(0.,0.,1.));
#10097=DIRECTION('',(1.,0.,0.));
#10098=DIRECTION('',(0.,0.,1.));
#10099=DIRECTION('',(0.,0.,1.));
#10100=DIRECTION('',(1.,0.,0.));
#10101=DIRECTION('',(0.499999999999907,0.866025403784492,0.));
#10102=DIRECTION('',(-0.866025403784492,0.499999999999907,0.));
#10103=DIRECTION('',(0.,0.,-1.));
#10104=DIRECTION('',(-1.,0.,0.));
#10105=DIRECTION('',(0.,0.,1.));
#10106=DIRECTION('',(1.,0.,0.));
#10107=DIRECTION('',(0.,0.,-1.));
#10108=DIRECTION('',(-1.,0.,0.));
#10109=DIRECTION('',(0.,0.,1.));
#10110=DIRECTION('',(-1.,0.,0.));
#10111=DIRECTION('',(0.,0.,-1.));
#10112=DIRECTION('',(-1.,0.,0.));
#10113=DIRECTION('',(0.,0.,1.));
#10114=DIRECTION('',(1.,0.,0.));
#10115=DIRECTION('',(0.,0.,-1.));
#10116=DIRECTION('',(-1.,0.,0.));
#10117=DIRECTION('',(0.,0.,1.));
#10118=DIRECTION('',(-1.,0.,0.));
#10119=DIRECTION('',(0.,0.,1.));
#10120=DIRECTION('',(-1.,0.,0.));
#10121=DIRECTION('',(0.,0.,-1.));
#10122=DIRECTION('',(-1.,0.,0.));
#10123=DIRECTION('',(0.,0.,1.));
#10124=DIRECTION('',(-1.,0.,0.));
#10125=DIRECTION('',(0.,0.,-1.));
#10126=DIRECTION('',(-1.,0.,0.));
#10127=DIRECTION('',(0.,0.,-1.));
#10128=DIRECTION('',(-1.,4.19553059484528E-34,0.));
#10129=DIRECTION('',(0.,0.,-1.));
#10130=DIRECTION('',(-1.,4.19553059484523E-34,0.));
#10131=DIRECTION('',(0.,0.,1.));
#10132=DIRECTION('',(-1.,0.,0.));
#10133=DIRECTION('',(0.,0.,1.));
#10134=DIRECTION('',(1.,0.,0.));
#10135=DIRECTION('',(0.,0.,-1.));
#10136=DIRECTION('',(-1.,0.,0.));
#10137=DIRECTION('',(0.,0.,1.));
#10138=DIRECTION('',(1.,0.,0.));
#10139=DIRECTION('',(0.,0.,1.));
#10140=DIRECTION('',(-1.,1.22464679914735E-16,0.));
#10141=DIRECTION('',(0.,0.,1.));
#10142=DIRECTION('',(1.,0.,0.));
#10143=DIRECTION('',(0.,0.,1.));
#10144=DIRECTION('',(0.,0.,1.));
#10145=DIRECTION('',(0.,0.,1.));
#10146=DIRECTION('',(-1.,0.,0.));
#10147=DIRECTION('',(0.,0.,1.));
#10148=DIRECTION('',(-1.,0.,0.));
#10149=DIRECTION('',(0.,0.,1.));
#10150=DIRECTION('',(-1.,0.,0.));
#10151=DIRECTION('',(1.83697019872103E-16,1.,0.));
#10152=DIRECTION('',(-1.,1.83697019872103E-16,0.));
#10153=DIRECTION('',(-1.,1.83697019872103E-16,0.));
#10154=DIRECTION('',(0.,0.,1.));
#10155=DIRECTION('',(-1.,1.83697019872103E-16,0.));
#10156=DIRECTION('',(-1.,1.83697019872103E-16,0.));
#10157=DIRECTION('',(0.,0.,1.));
#10158=DIRECTION('',(0.,0.,-1.));
#10159=DIRECTION('',(-1.,0.,0.));
#10160=DIRECTION('',(1.83697019872103E-16,1.,0.));
#10161=DIRECTION('',(1.,-1.07187543957223E-15,0.));
#10162=DIRECTION('',(0.,0.,-1.));
#10163=DIRECTION('',(-1.,0.,0.));
#10164=DIRECTION('',(1.83697019872103E-16,1.,0.));
#10165=DIRECTION('',(-1.07187543957223E-15,-1.,0.));
#10166=DIRECTION('',(1.,-1.07187543957223E-15,0.));
#10167=DIRECTION('',(1.,-1.07187543957223E-15,0.));
#10168=DIRECTION('',(0.,0.,1.));
#10169=DIRECTION('',(1.,-1.07187543957223E-15,0.));
#10170=DIRECTION('',(0.,0.,1.));
#10171=DIRECTION('',(0.,0.,-1.));
#10172=DIRECTION('',(-1.,0.,0.));
#10173=DIRECTION('',(-9.8976744526834E-16,-1.,0.));
#10174=DIRECTION('',(0.,0.,-1.));
#10175=DIRECTION('',(-1.,0.,0.));
#10176=DIRECTION('',(-9.8976744526834E-16,-1.,0.));
#10177=DIRECTION('',(0.,0.,1.));
#10178=DIRECTION('',(-1.83697019872103E-16,-1.,0.));
#10179=DIRECTION('',(-1.83697019872103E-16,-1.,0.));
#10180=DIRECTION('',(0.,0.,1.));
#10181=DIRECTION('',(1.,0.,0.));
#10182=DIRECTION('',(-1.83697019872103E-16,-1.,0.));
#10183=DIRECTION('',(0.,0.,1.));
#10184=DIRECTION('',(1.,0.,0.));
#10185=DIRECTION('',(1.,-1.83697019872103E-16,0.));
#10186=DIRECTION('',(1.83697019872103E-16,1.,0.));
#10187=DIRECTION('',(0.,0.,1.));
#10188=DIRECTION('',(1.83697019872103E-16,1.,0.));
#10189=DIRECTION('',(1.83697019872103E-16,1.,0.));
#10190=DIRECTION('',(0.,0.,1.));
#10191=DIRECTION('',(0.,0.,1.));
#10192=DIRECTION('',(-1.83697019872103E-16,-1.,0.));
#10193=DIRECTION('',(0.,0.,1.));
#10194=DIRECTION('',(0.,0.,1.));
#10195=DIRECTION('',(1.,0.,0.));
#10196=DIRECTION('',(0.,0.,-1.));
#10197=DIRECTION('',(-1.,0.,0.));
#10198=DIRECTION('',(-9.8976744526834E-16,-1.,0.));
#10199=DIRECTION('',(-1.,9.8976744526834E-16,0.));
#10200=DIRECTION('',(-9.8976744526834E-16,-1.,0.));
#10201=DIRECTION('',(0.,0.,1.));
#10202=DIRECTION('',(-9.8976744526834E-16,-1.,0.));
#10203=DIRECTION('',(0.,0.,1.));
#10204=DIRECTION('',(3.06161699786838E-16,1.,0.));
#10205=DIRECTION('',(0.,0.,1.));
#10206=DIRECTION('',(1.,0.,0.));
#10207=DIRECTION('',(0.,0.,-1.));
#10208=DIRECTION('',(-1.,0.,0.));
#10209=DIRECTION('',(1.,-1.22464679914735E-16,0.));
#10210=DIRECTION('',(1.22464679914735E-16,1.,0.));
#10211=DIRECTION('',(1.22464679914735E-16,1.,0.));
#10212=DIRECTION('',(0.,0.,1.));
#10213=DIRECTION('',(1.22464679914735E-16,1.,0.));
#10214=DIRECTION('',(1.22464679914735E-16,1.,0.));
#10215=DIRECTION('',(0.,0.,1.));
#10216=DIRECTION('',(0.,0.,-1.));
#10217=DIRECTION('',(-1.,0.,0.));
#10218=DIRECTION('',(1.,-1.22464679914735E-16,0.));
#10219=DIRECTION('',(-1.01064309961486E-15,-1.,0.));
#10220=DIRECTION('',(0.,0.,-1.));
#10221=DIRECTION('',(-1.,0.,0.));
#10222=DIRECTION('',(1.,-1.22464679914735E-16,0.));
#10223=DIRECTION('',(-1.,1.01064309961486E-15,0.));
#10224=DIRECTION('',(-1.01064309961486E-15,-1.,0.));
#10225=DIRECTION('',(-1.01064309961486E-15,-1.,0.));
#10226=DIRECTION('',(0.,0.,1.));
#10227=DIRECTION('',(-1.01064309961486E-15,-1.,0.));
#10228=DIRECTION('',(0.,0.,1.));
#10229=DIRECTION('',(0.,0.,-1.));
#10230=DIRECTION('',(-1.,0.,0.));
#10231=DIRECTION('',(-1.,9.28535105310972E-16,0.));
#10232=DIRECTION('',(0.,0.,-1.));
#10233=DIRECTION('',(-1.,0.,0.));
#10234=DIRECTION('',(-1.,9.28535105310972E-16,0.));
#10235=DIRECTION('',(0.,0.,1.));
#10236=DIRECTION('',(-1.,1.22464679914735E-16,0.));
#10237=DIRECTION('',(-1.,1.22464679914735E-16,0.));
#10238=DIRECTION('',(0.,0.,1.));
#10239=DIRECTION('',(1.,0.,0.));
#10240=DIRECTION('',(-1.,1.22464679914735E-16,0.));
#10241=DIRECTION('',(0.,0.,1.));
#10242=DIRECTION('',(1.,0.,0.));
#10243=DIRECTION('',(-1.22464679914735E-16,-1.,0.));
#10244=DIRECTION('',(1.,-1.22464679914735E-16,0.));
#10245=DIRECTION('',(0.,0.,1.));
#10246=DIRECTION('',(1.,-1.22464679914735E-16,0.));
#10247=DIRECTION('',(1.,-1.22464679914735E-16,0.));
#10248=DIRECTION('',(0.,0.,1.));
#10249=DIRECTION('',(0.,0.,1.));
#10250=DIRECTION('',(-1.,1.22464679914735E-16,0.));
#10251=DIRECTION('',(0.,0.,1.));
#10252=DIRECTION('',(0.,0.,1.));
#10253=DIRECTION('',(1.,0.,0.));
#10254=DIRECTION('',(0.,0.,-1.));
#10255=DIRECTION('',(-1.,0.,0.));
#10256=DIRECTION('',(-1.,9.28535105310972E-16,0.));
#10257=DIRECTION('',(9.28535105310972E-16,1.,0.));
#10258=DIRECTION('',(-1.,9.28535105310972E-16,0.));
#10259=DIRECTION('',(0.,0.,1.));
#10260=DIRECTION('',(-1.,9.28535105310972E-16,0.));
#10261=DIRECTION('',(0.,0.,1.));
#10262=DIRECTION('',(1.,-2.44929359829471E-16,0.));
#10263=DIRECTION('',(0.,0.,1.));
#10264=DIRECTION('',(1.,0.,0.));
#10265=DIRECTION('',(0.,0.,-1.));
#10266=DIRECTION('',(-1.,0.,0.));
#10267=DIRECTION('',(-6.12323399573677E-17,-1.,0.));
#10268=DIRECTION('',(1.,-6.12323399573677E-17,0.));
#10269=DIRECTION('',(1.,-6.12323399573677E-17,0.));
#10270=DIRECTION('',(0.,0.,1.));
#10271=DIRECTION('',(1.,-6.12323399573677E-17,0.));
#10272=DIRECTION('',(1.,-6.12323399573677E-17,0.));
#10273=DIRECTION('',(0.,0.,1.));
#10274=DIRECTION('',(0.,0.,-1.));
#10275=DIRECTION('',(-1.,0.,0.));
#10276=DIRECTION('',(-6.12323399573677E-17,-1.,0.));
#10277=DIRECTION('',(-1.,9.49410759657492E-16,0.));
#10278=DIRECTION('',(0.,0.,-1.));
#10279=DIRECTION('',(-1.,0.,0.));
#10280=DIRECTION('',(-6.12323399573677E-17,-1.,0.));
#10281=DIRECTION('',(9.49410759657492E-16,1.,0.));
#10282=DIRECTION('',(-1.,9.49410759657492E-16,0.));
#10283=DIRECTION('',(-1.,9.49410759657492E-16,0.));
#10284=DIRECTION('',(0.,0.,1.));
#10285=DIRECTION('',(-1.,9.49410759657492E-16,0.));
#10286=DIRECTION('',(0.,0.,1.));
#10287=DIRECTION('',(0.,0.,-1.));
#10288=DIRECTION('',(-1.,0.,0.));
#10289=DIRECTION('',(8.67302765353605E-16,1.,0.));
#10290=DIRECTION('',(0.,0.,-1.));
#10291=DIRECTION('',(-1.,0.,0.));
#10292=DIRECTION('',(8.67302765353605E-16,1.,0.));
#10293=DIRECTION('',(0.,0.,1.));
#10294=DIRECTION('',(6.12323399573677E-17,1.,0.));
#10295=DIRECTION('',(6.12323399573677E-17,1.,0.));
#10296=DIRECTION('',(0.,0.,1.));
#10297=DIRECTION('',(1.,0.,0.));
#10298=DIRECTION('',(6.12323399573677E-17,1.,0.));
#10299=DIRECTION('',(0.,0.,1.));
#10300=DIRECTION('',(1.,0.,0.));
#10301=DIRECTION('',(-1.,6.12323399573677E-17,0.));
#10302=DIRECTION('',(-6.12323399573677E-17,-1.,0.));
#10303=DIRECTION('',(0.,0.,1.));
#10304=DIRECTION('',(-6.12323399573677E-17,-1.,0.));
#10305=DIRECTION('',(-6.12323399573677E-17,-1.,0.));
#10306=DIRECTION('',(0.,0.,1.));
#10307=DIRECTION('',(0.,0.,1.));
#10308=DIRECTION('',(6.12323399573677E-17,1.,0.));
#10309=DIRECTION('',(0.,0.,1.));
#10310=DIRECTION('',(0.,0.,1.));
#10311=DIRECTION('',(1.,0.,0.));
#10312=DIRECTION('',(0.,0.,-1.));
#10313=DIRECTION('',(-1.,0.,0.));
#10314=DIRECTION('',(8.67302765353605E-16,1.,0.));
#10315=DIRECTION('',(1.,-8.67302765353605E-16,0.));
#10316=DIRECTION('',(8.67302765353605E-16,1.,0.));
#10317=DIRECTION('',(0.,0.,1.));
#10318=DIRECTION('',(8.67302765353605E-16,1.,0.));
#10319=DIRECTION('',(0.,0.,1.));
#10320=DIRECTION('',(-1.83697019872103E-16,-1.,0.));
#10321=DIRECTION('',(0.,0.,1.));
#10322=DIRECTION('',(1.,0.,0.));
#10323=DIRECTION('',(0.,0.,-1.));
#10324=DIRECTION('',(-1.,0.,0.));
#10325=DIRECTION('',(-1.,0.,0.));
#10326=DIRECTION('',(0.,-1.,0.));
#10327=DIRECTION('',(0.,-1.,0.));
#10328=DIRECTION('',(0.,0.,1.));
#10329=DIRECTION('',(0.,-1.,0.));
#10330=DIRECTION('',(0.,-1.,0.));
#10331=DIRECTION('',(0.,0.,1.));
#10332=DIRECTION('',(0.,0.,-1.));
#10333=DIRECTION('',(-1.,0.,0.));
#10334=DIRECTION('',(-1.,0.,0.));
#10335=DIRECTION('',(8.88178419700124E-16,1.,0.));
#10336=DIRECTION('',(0.,0.,-1.));
#10337=DIRECTION('',(-1.,0.,0.));
#10338=DIRECTION('',(-1.,0.,0.));
#10339=DIRECTION('',(1.,-8.88178419700124E-16,0.));
#10340=DIRECTION('',(8.88178419700124E-16,1.,0.));
#10341=DIRECTION('',(8.88178419700124E-16,1.,0.));
#10342=DIRECTION('',(0.,0.,1.));
#10343=DIRECTION('',(8.88178419700124E-16,1.,0.));
#10344=DIRECTION('',(0.,0.,1.));
#10345=DIRECTION('',(0.,0.,-1.));
#10346=DIRECTION('',(-1.,0.,0.));
#10347=DIRECTION('',(1.,-8.06070425396237E-16,0.));
#10348=DIRECTION('',(0.,0.,-1.));
#10349=DIRECTION('',(-1.,0.,0.));
#10350=DIRECTION('',(1.,-8.06070425396237E-16,0.));
#10351=DIRECTION('',(0.,0.,1.));
#10352=DIRECTION('',(1.,0.,0.));
#10353=DIRECTION('',(1.,0.,0.));
#10354=DIRECTION('',(0.,0.,1.));
#10355=DIRECTION('',(1.,0.,0.));
#10356=DIRECTION('',(1.,0.,0.));
#10357=DIRECTION('',(0.,0.,1.));
#10358=DIRECTION('',(1.,0.,0.));
#10359=DIRECTION('',(0.,1.,0.));
#10360=DIRECTION('',(-1.,0.,0.));
#10361=DIRECTION('',(0.,0.,1.));
#10362=DIRECTION('',(-1.,0.,0.));
#10363=DIRECTION('',(-1.,0.,0.));
#10364=DIRECTION('',(0.,0.,1.));
#10365=DIRECTION('',(0.,0.,1.));
#10366=DIRECTION('',(1.,0.,0.));
#10367=DIRECTION('',(0.,0.,1.));
#10368=DIRECTION('',(0.,0.,1.));
#10369=DIRECTION('',(1.,0.,0.));
#10370=DIRECTION('',(0.,0.,-1.));
#10371=DIRECTION('',(-1.,0.,0.));
#10372=DIRECTION('',(1.,-8.06070425396237E-16,0.));
#10373=DIRECTION('',(-8.06070425396237E-16,-1.,0.));
#10374=DIRECTION('',(1.,-8.06070425396237E-16,0.));
#10375=DIRECTION('',(0.,0.,1.));
#10376=DIRECTION('',(1.,-8.06070425396237E-16,0.));
#10377=DIRECTION('',(0.,0.,1.));
#10378=DIRECTION('',(-1.,1.22464679914735E-16,0.));
#10379=DIRECTION('',(0.,0.,1.));
#10380=DIRECTION('',(1.,0.,0.));
#10381=DIRECTION('',(0.,0.,-1.));
#10382=DIRECTION('',(-1.,0.,0.));
#10383=DIRECTION('',(-1.,0.,0.));
#10384=DIRECTION('',(0.,-1.,0.));
#10385=DIRECTION('',(0.,-1.,0.));
#10386=DIRECTION('',(0.,0.,1.));
#10387=DIRECTION('',(0.,-1.,0.));
#10388=DIRECTION('',(0.,-1.,0.));
#10389=DIRECTION('',(0.,0.,1.));
#10390=DIRECTION('',(0.,0.,-1.));
#10391=DIRECTION('',(-1.,0.,0.));
#10392=DIRECTION('',(-1.77635683940025E-15,1.,0.));
#10393=DIRECTION('',(-1.,0.,0.));
#10394=DIRECTION('',(0.,0.,-1.));
#10395=DIRECTION('',(-1.,0.,0.));
#10396=DIRECTION('',(-1.,0.,0.));
#10397=DIRECTION('',(0.,0.,-1.));
#10398=DIRECTION('',(-1.,0.,0.));
#10399=DIRECTION('',(1.,0.,0.));
#10400=DIRECTION('',(1.,1.77635683940025E-15,0.));
#10401=DIRECTION('',(-1.77635683940025E-15,1.,0.));
#10402=DIRECTION('',(-1.77635683940025E-15,1.,0.));
#10403=DIRECTION('',(0.,0.,1.));
#10404=DIRECTION('',(-1.77635683940025E-15,1.,0.));
#10405=DIRECTION('',(0.,0.,1.));
#10406=DIRECTION('',(0.,0.,-1.));
#10407=DIRECTION('',(-1.,0.,0.));
#10408=DIRECTION('',(1.,0.,0.));
#10409=DIRECTION('',(-1.,0.,0.));
#10410=DIRECTION('',(0.,-1.,0.));
#10411=DIRECTION('',(0.,-1.,0.));
#10412=DIRECTION('',(0.,0.,1.));
#10413=DIRECTION('',(0.,-1.,0.));
#10414=DIRECTION('',(0.,-1.,0.));
#10415=DIRECTION('',(0.,0.,1.));
#10416=DIRECTION('',(0.,0.,-1.));
#10417=DIRECTION('',(-1.,0.,0.));
#10418=DIRECTION('',(8.88178419700125E-16,1.,0.));
#10419=DIRECTION('',(-1.,0.,0.));
#10420=DIRECTION('',(0.,0.,-1.));
#10421=DIRECTION('',(-1.,0.,0.));
#10422=DIRECTION('',(-1.,0.,0.));
#10423=DIRECTION('',(0.,0.,-1.));
#10424=DIRECTION('',(-1.,0.,0.));
#10425=DIRECTION('',(1.,0.,0.));
#10426=DIRECTION('',(1.,-8.88178419700125E-16,0.));
#10427=DIRECTION('',(8.88178419700125E-16,1.,0.));
#10428=DIRECTION('',(8.88178419700125E-16,1.,0.));
#10429=DIRECTION('',(0.,0.,1.));
#10430=DIRECTION('',(8.88178419700125E-16,1.,0.));
#10431=DIRECTION('',(0.,0.,1.));
#10432=DIRECTION('',(0.,0.,-1.));
#10433=DIRECTION('',(-1.,0.,0.));
#10434=DIRECTION('',(1.,0.,0.));
#10435=DIRECTION('',(0.,0.,1.));
#10436=DIRECTION('',(1.,0.,0.));
#10437=DIRECTION('',(1.,0.,0.));
#10438=DIRECTION('',(0.,0.,1.));
#10439=DIRECTION('',(1.,0.,0.));
#10440=DIRECTION('',(1.,0.,0.));
#10441=DIRECTION('',(0.,1.,0.));
#10442=DIRECTION('',(-1.,0.,0.));
#10443=DIRECTION('',(1.,0.,0.));
#10444=DIRECTION('',(-1.,0.,0.));
#10445=DIRECTION('',(-1.,0.,0.));
#10446=DIRECTION('',(0.,-1.,0.));
#10447=DIRECTION('',(1.,0.,0.));
#10448=DIRECTION('',(1.,0.,0.));
#10449=DIRECTION('',(1.,0.,0.));
#10450=DIRECTION('',(0.,0.,-1.));
#10451=DIRECTION('',(-1.,0.,0.));
#10452=DIRECTION('',(0.,0.,-1.));
#10453=DIRECTION('',(-1.,0.,0.));
#10454=DIRECTION('',(-1.,0.,0.));
#10455=DIRECTION('',(1.,0.,0.));
#10456=DIRECTION('',(0.,0.,-1.));
#10457=DIRECTION('',(-1.,0.,0.));
#10458=DIRECTION('',(0.,-1.,0.));
#10459=DIRECTION('',(1.,0.,0.));
#10460=DIRECTION('',(1.,0.,0.));
#10461=DIRECTION('',(0.,1.,0.));
#10462=DIRECTION('',(-1.,0.,0.));
#10463=DIRECTION('',(1.,0.,0.));
#10464=DIRECTION('',(-1.,0.,0.));
#10465=DIRECTION('',(0.,0.,-1.));
#10466=DIRECTION('',(-1.,0.,0.));
#10467=DIRECTION('',(0.,0.,1.));
#10468=DIRECTION('',(1.,0.,0.));
#10469=DIRECTION('',(0.,0.,1.));
#10470=DIRECTION('',(1.,0.,0.));
#10471=DIRECTION('',(0.,0.,-1.));
#10472=DIRECTION('',(1.,0.,0.));
#10473=DIRECTION('',(0.,0.,-1.));
#10474=DIRECTION('',(1.,0.,0.));
#10475=DIRECTION('',(0.,0.,1.));
#10476=DIRECTION('',(1.,0.,0.));
#10477=DIRECTION('',(0.,-1.,0.));
#10478=DIRECTION('',(1.,0.,0.));
#10479=DIRECTION('',(0.,1.,0.));
#10480=DIRECTION('',(0.,0.,1.));
#10481=DIRECTION('',(1.,0.,0.));
#10482=DIRECTION('',(0.,1.,0.));
#10483=DIRECTION('',(1.,0.,0.));
#10484=DIRECTION('',(0.,-1.,0.));
#10485=DIRECTION('',(0.,0.,1.));
#10486=DIRECTION('',(1.,0.,0.));
#10487=DIRECTION('',(-1.,0.,0.));
#10488=DIRECTION('',(0.,0.,1.));
#10489=DIRECTION('',(0.,0.,-1.));
#10490=DIRECTION('',(0.,1.,0.));
#10491=DIRECTION('',(0.,0.,1.));
#10492=DIRECTION('',(0.,0.,-1.));
#10493=DIRECTION('',(1.,0.,0.));
#10494=DIRECTION('',(0.,0.,-1.));
#10495=DIRECTION('',(0.,0.,1.));
#10496=DIRECTION('',(1.,0.,0.));
#10497=DIRECTION('',(0.,1.,0.));
#10498=DIRECTION('',(-1.,0.,0.));
#10499=DIRECTION('',(0.,1.,0.));
#10500=DIRECTION('',(0.,0.,1.));
#10501=DIRECTION('',(1.,0.,0.));
#10502=DIRECTION('',(0.,1.,0.));
#10503=DIRECTION('',(-1.,0.,0.));
#10504=DIRECTION('',(0.,1.,0.));
#10505=DIRECTION('',(0.,0.,1.));
#10506=DIRECTION('',(1.,0.,0.));
#10507=DIRECTION('',(-1.,0.,0.));
#10508=DIRECTION('',(0.,0.,1.));
#10509=DIRECTION('',(0.,0.,-1.));
#10510=DIRECTION('',(-1.,0.,0.));
#10511=DIRECTION('',(0.,0.,1.));
#10512=DIRECTION('',(0.,0.,-1.));
#10513=DIRECTION('',(0.,-1.,0.));
#10514=DIRECTION('',(0.,0.,-1.));
#10515=DIRECTION('',(0.,0.,1.));
#10516=DIRECTION('',(1.,0.,0.));
#10517=DIRECTION('',(0.,0.,1.));
#10518=DIRECTION('',(1.,0.,0.));
#10519=DIRECTION('',(0.,0.,1.));
#10520=DIRECTION('',(-0.928736881604044,-0.37073953761151,0.));
#10521=DIRECTION('',(0.,0.,1.));
#10522=DIRECTION('',(0.928736881604044,-0.37073953761151,0.));
#10523=DIRECTION('',(0.,0.,-1.));
#10524=DIRECTION('',(-1.,0.,0.));
#10525=DIRECTION('',(0.,0.,-1.));
#10526=DIRECTION('',(-1.,0.,0.));
#10527=CARTESIAN_POINT('',(0.,0.,0.));
#10528=CARTESIAN_POINT('',(-20.9500000000087,-34.0000000000255,7.1));
#10529=CARTESIAN_POINT('',(-20.9500000000087,-34.0000000000255,8.5));
#10530=CARTESIAN_POINT('',(-18.3433909243402,-34.9716246164037,8.5));
#10531=CARTESIAN_POINT('',(-19.7290364701467,-31.5004573764128,8.5));
#10532=CARTESIAN_POINT('',(-18.3433909243402,-34.9716246164036,7.1));
#10533=CARTESIAN_POINT('',(-18.3433909243402,-34.9716246164037,7.1));
#10534=CARTESIAN_POINT('',(-20.9500000000087,-34.0000000000255,7.1));
#10535=CARTESIAN_POINT('',(-19.7290364701467,-31.5004573764128,7.1));
#10536=CARTESIAN_POINT('',(-19.7290364701467,-31.5004573764128,7.1));
#10537=CARTESIAN_POINT('',(20.9499999999913,-34.,7.1));
#10538=CARTESIAN_POINT('',(20.9499999999913,-34.,8.5));
#10539=CARTESIAN_POINT('',(19.7290302979511,-31.5004603913501,8.5));
#10540=CARTESIAN_POINT('',(18.3433891415498,-34.9716198336616,8.5));
#10541=CARTESIAN_POINT('',(19.7290302979511,-31.5004603913501,7.1));
#10542=CARTESIAN_POINT('',(19.7290302979511,-31.5004603913501,7.1));
#10543=CARTESIAN_POINT('',(20.9499999999913,-34.,7.1));
#10544=CARTESIAN_POINT('',(18.3433891415498,-34.9716198336616,7.1));
#10545=CARTESIAN_POINT('',(18.3433891415498,-34.9716198336616,7.1));
#10546=CARTESIAN_POINT('',(-16.2500034052733,-32.1238214996723,11.5));
#10547=CARTESIAN_POINT('',(-16.2500034052733,-32.1238214996723,11.3));
#10548=CARTESIAN_POINT('',(-13.9500034052733,-32.1238214996723,11.3));
#10549=CARTESIAN_POINT('',(-18.394824629503,-33.7638789939339,11.7000086422806));
#10550=CARTESIAN_POINT('',(-18.6356036448693,-33.3395087371157,11.6335037894006));
#10551=CARTESIAN_POINT('',(-18.8169552459821,-32.8852459481756,11.6334886905226));
#10552=CARTESIAN_POINT('',(-18.9346293745523,-32.4116175316144,11.7000079909009));
#10553=CARTESIAN_POINT('',(-18.3948163197394,-33.7638756335163,11.7));
#10554=CARTESIAN_POINT('',(-18.9346216635554,-32.4116144935037,11.7));
#10555=CARTESIAN_POINT('',(-16.2500034052733,-32.1238214996723,11.7));
#10556=CARTESIAN_POINT('',(-18.3433909243402,-34.9716246164036,11.7));
#10557=CARTESIAN_POINT('',(-18.3433909243402,-34.9716246164036,8.5));
#10558=CARTESIAN_POINT('',(-18.3433909243402,-34.9716246164036,7.1));
#10559=CARTESIAN_POINT('',(19.7290302979511,-31.50046039135,11.7));
#10560=CARTESIAN_POINT('',(19.7290302979511,-31.50046039135,8.5));
#10561=CARTESIAN_POINT('',(19.7290302979511,-31.5004603913501,7.1));
#10562=CARTESIAN_POINT('',(15.4737651992724,-30.183211564797,3.8));
#10563=CARTESIAN_POINT('',(16.0044119276354,-30.4416541616578,3.85442250381774));
#10564=CARTESIAN_POINT('',(15.7785801386258,-30.4746243564653,3.96501059086557));
#10565=CARTESIAN_POINT('',(15.5552229522216,-30.5555826243799,4.11962180249934));
#10566=CARTESIAN_POINT('',(15.3607138748186,-30.6749695980444,4.29999999999998));
#10567=CARTESIAN_POINT('',(16.0044119276354,-30.4416541616578,3.85442250381774));
#10568=CARTESIAN_POINT('',(15.3607138748186,-30.6749695980445,4.3));
#10569=CARTESIAN_POINT('',(15.3607138748186,-30.6749695980445,4.3));
#10570=CARTESIAN_POINT('',(14.6999999999989,-30.4256074438932,4.3));
#10571=CARTESIAN_POINT('',(14.6999999999989,-30.4256074438932,4.3));
#10572=CARTESIAN_POINT('',(14.6999999999991,-29.3567572475433,3.3));
#10573=CARTESIAN_POINT('',(14.6999999999992,-29.3567572475433,3.3));
#10574=CARTESIAN_POINT('',(16.285333807781,-29.9550831922878,3.3));
#10575=CARTESIAN_POINT('',(16.285333807781,-29.9550831922878,3.3));
#10576=CARTESIAN_POINT('',(15.699999999997,-30.3915608175682,3.3));
#10577=CARTESIAN_POINT('',(14.7000000000009,-21.4871076246251,3.3));
#10578=CARTESIAN_POINT('',(14.6999999999992,-29.0059201715139,3.3));
#10579=CARTESIAN_POINT('',(16.299999999997,-29.9296806022162,3.3));
#10580=CARTESIAN_POINT('',(16.299999999997,-29.9296806022162,3.3));
#10581=CARTESIAN_POINT('',(14.699999999997,-32.7009618943261,3.3));
#10582=CARTESIAN_POINT('',(14.7000000000009,-21.4871076246251,0.5));
#10583=CARTESIAN_POINT('',(14.6999999999989,-30.4256074438932,5.54));
#10584=CARTESIAN_POINT('',(14.6999999999989,-30.4256074438932,4.77239154999992));
#10585=CARTESIAN_POINT('',(14.6999999999994,-28.1238214996699,6.4));
#10586=CARTESIAN_POINT('',(14.6999999999994,-28.1238214996699,6.4));
#10587=CARTESIAN_POINT('',(14.6999999999994,-28.1238214996699,0.5));
#10588=CARTESIAN_POINT('',(14.6999999999996,-28.1238214996697,11.3));
#10589=CARTESIAN_POINT('',(14.7000000000008,-18.6443038123143,11.2999999999992));
#10590=CARTESIAN_POINT('',(14.7,-18.0230060094896,11.2999999999993));
#10591=CARTESIAN_POINT('',(14.7,-18.0230060094895,5.6));
#10592=CARTESIAN_POINT('',(14.6999999999998,-18.0230060094895,5.60000000000288));
#10593=CARTESIAN_POINT('',(14.6999999999992,-18.3498080486556,4.59999999999799));
#10594=CARTESIAN_POINT('',(14.7000000000006,-18.3498080486549,4.59999999999762));
#10595=CARTESIAN_POINT('',(14.7000000000009,-21.4871076246251,4.5999999999975));
#10596=CARTESIAN_POINT('',(14.6999999999989,-13.3854192462721,4.59999999999751));
#10597=CARTESIAN_POINT('',(14.6999999999951,-11.9854192462716,2.5));
#10598=CARTESIAN_POINT('',(14.6999999999978,-11.9854192462731,2.5));
#10599=CARTESIAN_POINT('',(14.7000000000004,-5.9586243270285,2.5));
#10600=CARTESIAN_POINT('',(14.7000000000002,-19.0360923308978,2.5));
#10601=CARTESIAN_POINT('',(14.7,-19.5589755935596,0.900000000001499));
#10602=CARTESIAN_POINT('',(14.7000000000003,-19.5589755935588,0.900000000002146));
#10603=CARTESIAN_POINT('',(14.7000000000004,-18.6443038123143,0.900000000002248));
#10604=CARTESIAN_POINT('',(14.6999999999994,-28.0821597408111,0.90000000000105));
#10605=CARTESIAN_POINT('',(14.6999999999994,-28.0821597408107,0.5));
#10606=CARTESIAN_POINT('',(14.6999999999994,-28.0821597408107,2.50000000000004));
#10607=CARTESIAN_POINT('',(14.6999999999992,-29.005920171514,3.3));
#10608=CARTESIAN_POINT('',(15.0303569374087,-30.5502885209688,5.54));
#10609=CARTESIAN_POINT('',(15.3607138748186,-30.6749695980445,5.54));
#10610=CARTESIAN_POINT('',(15.3607138748186,-30.6749695980445,4.5));
#10611=CARTESIAN_POINT('',(14.9796690327598,-30.531158235418,4.5));
#10612=CARTESIAN_POINT('',(14.9796690327598,-30.531158235418,4.5));
#10613=CARTESIAN_POINT('',(14.6999999999989,-30.4256074438932,4.77239154999992));
#10614=CARTESIAN_POINT('',(-15.4737620609423,-30.1832178777842,3.8));
#10615=CARTESIAN_POINT('',(-14.6999999999995,-29.3567681116858,3.3));
#10616=CARTESIAN_POINT('',(-14.6999999999995,-29.3567681116857,3.3));
#10617=CARTESIAN_POINT('',(-14.6999999999992,-30.4256170570926,4.3));
#10618=CARTESIAN_POINT('',(-14.6999999999992,-30.4256170570926,4.3));
#10619=CARTESIAN_POINT('',(-15.3607092193063,-30.6749751134722,4.3));
#10620=CARTESIAN_POINT('',(-15.3607092193063,-30.6749751134721,4.30000000000001));
#10621=CARTESIAN_POINT('',(-15.5552191603138,-30.5555859488938,4.11961988137236));
#10622=CARTESIAN_POINT('',(-15.7785779703385,-30.474625953636,3.96500703973536));
#10623=CARTESIAN_POINT('',(-16.0044115290286,-30.4416548520649,3.85441809855879));
#10624=CARTESIAN_POINT('',(-16.0044115290286,-30.4416548520649,3.85441809855878));
#10625=CARTESIAN_POINT('',(-16.2853313200738,-29.955087501123,3.3));
#10626=CARTESIAN_POINT('',(-16.2853313200739,-29.955087501123,3.3));
#10627=CARTESIAN_POINT('',(-16.2853313200738,-29.955087501123,3.3));
#10628=CARTESIAN_POINT('',(-16.2500034052733,-32.1238214996723,5.54));
#10629=CARTESIAN_POINT('',(-16.9936950463608,-33.6525211899243,0.499999999999991));
#10630=CARTESIAN_POINT('',(-16.8403796014989,-33.7271070719785,0.595482129015819));
#10631=CARTESIAN_POINT('',(-16.673883203179,-33.7789331564382,0.713759197369551));
#10632=CARTESIAN_POINT('',(-16.5053216397659,-33.80453938175,0.846934680731092));
#10633=CARTESIAN_POINT('',(-16.9936950463608,-33.6525211899243,0.5));
#10634=CARTESIAN_POINT('',(-16.5053216397659,-33.8045393817499,0.846934680731095));
#10635=CARTESIAN_POINT('',(-16.2500034052733,-32.1238214996723,0.5));
#10636=CARTESIAN_POINT('',(-17.9457419923327,-32.0035275083103,0.499999999999982));
#10637=CARTESIAN_POINT('',(-17.8076178540491,-31.4427655335692,0.899999999999968));
#10638=CARTESIAN_POINT('',(-17.8847404350266,-31.6191493440579,0.745017980423714));
#10639=CARTESIAN_POINT('',(-17.9321199354803,-31.8115025602795,0.60780952130133));
#10640=CARTESIAN_POINT('',(-17.9457419923327,-32.0035275083104,0.499999999999955));
#10641=CARTESIAN_POINT('',(-17.8076178540491,-31.4427655335692,0.9));
#10642=CARTESIAN_POINT('',(-17.807617854049,-31.4427655335692,0.5));
#10643=CARTESIAN_POINT('',(-17.8076178540491,-31.4427655335691,3.1));
#10644=CARTESIAN_POINT('',(-16.2500034052733,-32.1238214996723,3.1));
#10645=CARTESIAN_POINT('',(-16.0044115290286,-30.4416548520649,3.1));
#10646=CARTESIAN_POINT('',(-16.0044115290286,-30.4416548520649,3.1));
#10647=CARTESIAN_POINT('',(-15.3607092193063,-30.6749751134722,5.54));
#10648=CARTESIAN_POINT('',(-15.3607092193063,-30.6749751134722,4.5));
#10649=CARTESIAN_POINT('',(-16.2500034052733,-32.1238214996723,4.5));
#10650=CARTESIAN_POINT('',(-14.5999999999955,-31.7145675900127,4.5));
#10651=CARTESIAN_POINT('',(-14.5999999999955,-32.5330754093319,4.5));
#10652=CARTESIAN_POINT('',(-14.5343181323203,-32.2682635095038,4.56568186767516));
#10653=CARTESIAN_POINT('',(-14.5343181323203,-31.9793794898408,4.56568186767516));
#10654=CARTESIAN_POINT('',(-14.5999999999955,-31.7145675900127,4.5));
#10655=CARTESIAN_POINT('',(-14.5999999999955,-32.5330754093319,4.5));
#10656=CARTESIAN_POINT('',(-16.2500034052733,-32.1238214996723,4.5));
#10657=CARTESIAN_POINT('',(-15.3607092193057,-33.5726678858721,4.5));
#10658=CARTESIAN_POINT('',(-15.3607092193056,-33.5726678858721,5.54));
#10659=CARTESIAN_POINT('',(-15.3607092193057,-33.5726678858721,0.5));
#10660=CARTESIAN_POINT('',(-16.2500034052733,-32.1238214996723,0.5));
#10661=CARTESIAN_POINT('',(-15.6650485995299,-33.7200131783994,0.5));
#10662=CARTESIAN_POINT('',(-16.5053216397659,-33.80453938175,0.846934680731088));
#10663=CARTESIAN_POINT('',(-16.2270100027837,-33.8468177656184,0.671164707778923));
#10664=CARTESIAN_POINT('',(-15.9293634638989,-33.8168763886283,0.548271431434263));
#10665=CARTESIAN_POINT('',(-15.6650485995299,-33.7200131783994,0.500000000000009));
#10666=CARTESIAN_POINT('',(-16.2500034052733,-32.1238214996723,7.));
#10667=CARTESIAN_POINT('',(-17.9500034052733,-32.1238214996723,7.));
#10668=CARTESIAN_POINT('',(-15.0303546096528,-30.5502960852824,5.54));
#10669=CARTESIAN_POINT('',(-14.6999999999992,-30.4256170570926,5.54));
#10670=CARTESIAN_POINT('',(-14.6999999999992,-30.4256170570926,4.77238475244063));
#10671=CARTESIAN_POINT('',(-14.6999999999992,-30.4256170570926,4.77238475244065));
#10672=CARTESIAN_POINT('',(-14.9796627728897,-30.5311644952876,4.5));
#10673=CARTESIAN_POINT('',(-15.0303546096528,-30.5502960852824,4.5));
#10674=CARTESIAN_POINT('',(15.030356937408,-33.6973544783733,5.54));
#10675=CARTESIAN_POINT('',(15.1000000000043,-33.6710702655355,0.5));
#10676=CARTESIAN_POINT('',(15.1000000000043,-33.6710702655355,0.5));
#10677=CARTESIAN_POINT('',(14.6999999999971,-33.8220355554492,0.900000000007139));
#10678=CARTESIAN_POINT('',(14.6999999999981,-33.8220355554487,5.54));
#10679=CARTESIAN_POINT('',(14.6999999999981,-33.8220355554487,4.5));
#10680=CARTESIAN_POINT('',(15.030356937408,-33.6973544783733,4.5));
#10681=CARTESIAN_POINT('',(15.360713874818,-33.5726734012978,4.5));
#10682=CARTESIAN_POINT('',(15.3607138748179,-33.5726734012979,5.54));
#10683=CARTESIAN_POINT('',(15.360713874818,-33.5726734012978,0.5));
#10684=CARTESIAN_POINT('',(15.030356937408,-33.6973544783733,0.5));
#10685=CARTESIAN_POINT('',(14.7000000000009,-21.4871076246251,0.5));
#10686=CARTESIAN_POINT('',(14.6999999999978,-18.6443038123143,0.90000000000984));
#10687=CARTESIAN_POINT('',(14.6999999999967,-35.2983366210438,0.900000000004045));
#10688=CARTESIAN_POINT('',(14.6999999999978,-35.298336621047,0.5));
#10689=CARTESIAN_POINT('',(14.6999999999978,-35.298336621047,4.5));
#10690=CARTESIAN_POINT('',(14.7000000000009,-21.4871076246251,4.5));
#10691=CARTESIAN_POINT('',(14.9000000000046,-18.6443038123143,0.700000000003074));
#10692=CARTESIAN_POINT('',(15.100000000006,-18.6443038123143,0.500000000001687));
#10693=CARTESIAN_POINT('',(15.100000000004,-35.6983366210471,0.499999999999895));
#10694=CARTESIAN_POINT('',(14.699999999996,-35.298336621043,0.900000000004005));
#10695=CARTESIAN_POINT('',(14.699999999996,-38.698336621047,0.5));
#10696=CARTESIAN_POINT('',(7.3499999999974,-38.298336621047,0.5));
#10697=CARTESIAN_POINT('',(-26.5999999998978,-38.2983366210857,0.500000000038642));
#10698=CARTESIAN_POINT('',(26.5999999999396,-38.298336621047,0.5));
#10699=CARTESIAN_POINT('',(-26.6000000000096,-5.2753616251829,0.50000000000415));
#10700=CARTESIAN_POINT('',(-26.6000000000137,-3.39668956485636,0.500000000003761));
#10701=CARTESIAN_POINT('',(-26.75,7.34100705573964E-17,0.5));
#10702=CARTESIAN_POINT('',(-26.6000000000456,3.39668956485777,0.499999999996228));
#10703=CARTESIAN_POINT('',(-26.6000000000281,-5.2753616251829,0.500000000022752));
#10704=CARTESIAN_POINT('',(-26.6000000000509,5.01983664207392,0.499999999999966));
#10705=CARTESIAN_POINT('',(-22.6298257359638,7.31201782211929,0.499999999999989));
#10706=CARTESIAN_POINT('',(-22.6298257359639,7.31201782211927,0.499999999999992));
#10707=CARTESIAN_POINT('',(-22.629825735959,1.684751345944,0.5));
#10708=CARTESIAN_POINT('',(-22.6298257359796,25.4906084734727,0.500000000000033));
#10709=CARTESIAN_POINT('',(-22.6298257359627,25.4906084734806,0.500000000000131));
#10710=CARTESIAN_POINT('',(-22.2298257359619,25.8906084734814,0.5));
#10711=CARTESIAN_POINT('',(-22.2298257359627,25.8906084734823,0.5));
#10712=CARTESIAN_POINT('',(22.2298214056217,25.890608473482,0.499999999999934));
#10713=CARTESIAN_POINT('',(22.2298214056217,25.890608473482,0.499999999999867));
#10714=CARTESIAN_POINT('',(22.6298214056215,25.4906084734822,0.5));
#10715=CARTESIAN_POINT('',(22.6298214056278,14.4761771109376,0.5));
#10716=CARTESIAN_POINT('',(22.629821405632,7.31202032224793,0.500000000000007));
#10717=CARTESIAN_POINT('',(26.5999999999987,5.01983664205999,0.500000000000007));
#10718=CARTESIAN_POINT('',(26.5999999999982,5.01983664205967,0.49999999999945));
#10719=CARTESIAN_POINT('',(26.5999999999726,-31.6507500000191,0.500000000023899));
#10720=CARTESIAN_POINT('',(26.5999999999965,3.39668956485561,0.499999999998843));
#10721=CARTESIAN_POINT('',(26.75,0.,0.5));
#10722=CARTESIAN_POINT('',(26.5999999999753,-3.39668956485466,0.50000000000115));
#10723=CARTESIAN_POINT('',(26.5999999999441,-31.6507500000191,0.499999999995452));
#10724=CARTESIAN_POINT('',(16.2499990749384,-32.1238214996713,0.5));
#10725=CARTESIAN_POINT('',(15.665056124536,-33.7200175229637,0.5));
#10726=CARTESIAN_POINT('',(16.6323085463673,-34.2784609690825,0.500000000000013));
#10727=CARTESIAN_POINT('',(16.6323085463673,-34.2784609690825,0.500000000000007));
#10728=CARTESIAN_POINT('',(16.9936967376943,-33.6525182604487,0.5));
#10729=CARTESIAN_POINT('',(16.9936967376943,-33.6525182604488,0.49999999999999));
#10730=CARTESIAN_POINT('',(16.2499990749384,-32.1238214996713,0.499999999999992));
#10731=CARTESIAN_POINT('',(17.9457381358326,-32.0035341879644,0.499999999999982));
#10732=CARTESIAN_POINT('',(19.0323085463674,-30.1215390309173,0.499999999999982));
#10733=CARTESIAN_POINT('',(19.0323085463675,-30.1215390309173,0.500000000000024));
#10734=CARTESIAN_POINT('',(15.1000000000007,-27.8512196331356,0.500000000000024));
#10735=CARTESIAN_POINT('',(15.1000000000012,-27.8512196331353,0.499999999999509));
#10736=CARTESIAN_POINT('',(15.1000000000027,-18.6443038123143,0.500000000000049));
#10737=CARTESIAN_POINT('',(15.1000000000026,-19.4587563015513,0.499999999999966));
#10738=CARTESIAN_POINT('',(3.9882704010344,-13.0433962264145,0.5));
#10739=CARTESIAN_POINT('',(3.9882704010344,-13.0433962264145,0.499999999999992));
#10740=CARTESIAN_POINT('',(1.732,-13.0433962264145,0.499999999999979));
#10741=CARTESIAN_POINT('',(-3.98827040104568,-13.0433962264145,0.5));
#10742=CARTESIAN_POINT('',(-15.1000000000018,-19.4587563015444,0.500000000000034));
#10743=CARTESIAN_POINT('',(-15.1000000000013,-19.4587563015446,0.500000000000529));
#10744=CARTESIAN_POINT('',(-15.0999999999993,-31.6507500000018,0.49999999999955));
#10745=CARTESIAN_POINT('',(-15.1,-27.8512196331351,0.500000000000013));
#10746=CARTESIAN_POINT('',(-19.0323085463674,-30.1215390309173,0.500000000000033));
#10747=CARTESIAN_POINT('',(-19.0323085463674,-30.1215390309173,0.500000000000016));
#10748=CARTESIAN_POINT('',(-17.9457419923327,-32.0035275083104,0.499999999999958));
#10749=CARTESIAN_POINT('',(-16.6323085463673,-34.2784609690825,0.499999999999993));
#10750=CARTESIAN_POINT('',(-16.6323085463673,-34.2784609690825,0.5));
#10751=CARTESIAN_POINT('',(-15.6650485995299,-33.7200131783994,0.5));
#10752=CARTESIAN_POINT('',(-15.030354609652,-33.6973469140617,0.5));
#10753=CARTESIAN_POINT('',(-15.0999999999983,-33.6710620694356,0.500000000000129));
#10754=CARTESIAN_POINT('',(-15.0999999999984,-31.6507500000018,0.500000000000501));
#10755=CARTESIAN_POINT('',(-15.0999999999979,-35.698336621047,0.5));
#10756=CARTESIAN_POINT('',(7.3499999999981,-35.698336621047,0.5));
#10757=CARTESIAN_POINT('',(-15.5000008898579,11.1758718025009,0.5));
#10758=CARTESIAN_POINT('',(-17.2000008898579,11.1758718025009,0.5));
#10759=CARTESIAN_POINT('',(15.4999965595205,11.1758718025018,0.5));
#10760=CARTESIAN_POINT('',(13.7999965595205,11.1758718025018,0.5));
#10761=CARTESIAN_POINT('',(-2.16517346537773E-6,21.9906084734822,0.49999999999003));
#10762=CARTESIAN_POINT('',(-2.16517346537773E-6,23.5906084734822,0.499999999989504));
#10763=CARTESIAN_POINT('',(12.5,2.398,0.5));
#10764=CARTESIAN_POINT('',(9.75,2.398,0.5));
#10765=CARTESIAN_POINT('',(-20.95,-24.5000000000255,0.5));
#10766=CARTESIAN_POINT('',(-19.1428304574445,-21.5611842105518,0.5));
#10767=CARTESIAN_POINT('',(-22.7571695425555,-21.5611842105518,0.5));
#10768=CARTESIAN_POINT('',(-20.95,-18.8000000000255,0.5));
#10769=CARTESIAN_POINT('',(-4.03050865276332,3.78050865276332,0.5));
#10770=CARTESIAN_POINT('',(-3.23031391766315,0.424590241073614,0.5));
#10771=CARTESIAN_POINT('',(-0.674590241073614,2.98031391766315,0.5));
#10772=CARTESIAN_POINT('',(0.,-0.25,0.5));
#10773=CARTESIAN_POINT('',(-3.23031391766315,-0.924590241073613,0.5));
#10774=CARTESIAN_POINT('',(-4.03050865276332,-4.28050865276332,0.5));
#10775=CARTESIAN_POINT('',(-0.674590241073613,-3.48031391766315,0.5));
#10776=CARTESIAN_POINT('',(0.,-0.25,0.5));
#10777=CARTESIAN_POINT('',(0.674590241073613,-3.48031391766315,0.5));
#10778=CARTESIAN_POINT('',(4.03050865276332,-4.28050865276332,0.5));
#10779=CARTESIAN_POINT('',(3.23031391766315,-0.924590241073613,0.5));
#10780=CARTESIAN_POINT('',(0.,-0.25,0.5));
#10781=CARTESIAN_POINT('',(3.23031391766315,0.424590241073612,0.5));
#10782=CARTESIAN_POINT('',(4.03050865276332,3.78050865276332,0.5));
#10783=CARTESIAN_POINT('',(0.674590241073614,2.98031391766315,0.5));
#10784=CARTESIAN_POINT('',(0.,-0.25,0.5));
#10785=CARTESIAN_POINT('',(20.95,-24.5000000000255,0.5));
#10786=CARTESIAN_POINT('',(22.7571695425555,-21.5611842105518,0.5));
#10787=CARTESIAN_POINT('',(19.1428304574445,-21.5611842105518,0.5));
#10788=CARTESIAN_POINT('',(20.95,-18.8000000000255,0.5));
#10789=CARTESIAN_POINT('',(-12.5,2.398,0.5));
#10790=CARTESIAN_POINT('',(-15.25,2.398,0.5));
#10791=CARTESIAN_POINT('',(16.1999980638417,19.5425945679731,0.499999999988387));
#10792=CARTESIAN_POINT('',(16.1999980638417,21.2425945679731,0.499999999987828));
#10793=CARTESIAN_POINT('',(-16.2000023941822,19.5425945679721,0.499999999988387));
#10794=CARTESIAN_POINT('',(-16.2000023941822,21.2425945679721,0.499999999987828));
#10795=CARTESIAN_POINT('',(-8.82588267139394,21.9906084734788,0.499999999987583));
#10796=CARTESIAN_POINT('',(-8.82588267139394,23.1906084734788,0.499999999987189));
#10797=CARTESIAN_POINT('',(8.82587834104745,21.9906084734788,0.499999999987583));
#10798=CARTESIAN_POINT('',(8.82587834104745,23.1906084734788,0.499999999987189));
#10799=CARTESIAN_POINT('',(-2.77555756156289E-16,12.5000000000014,0.5));
#10800=CARTESIAN_POINT('',(-1.6,12.5000000000014,0.5));
#10801=CARTESIAN_POINT('',(20.9499999999913,-34.,0.5));
#10802=CARTESIAN_POINT('',(19.3499999999913,-34.,0.5));
#10803=CARTESIAN_POINT('',(-20.9499999999913,-34.,0.5));
#10804=CARTESIAN_POINT('',(-22.5499999999913,-34.,0.5));
#10805=CARTESIAN_POINT('',(-15.699999999997,-30.3915608175682,3.3));
#10806=CARTESIAN_POINT('',(-16.699999999997,-29.2368602791886,3.3));
#10807=CARTESIAN_POINT('',(-16.299999999997,-29.9296806022162,3.3));
#10808=CARTESIAN_POINT('',(-14.6999999999995,-29.0059201715141,3.30000000000004));
#10809=CARTESIAN_POINT('',(-14.6999999999995,-29.0059201715141,3.3));
#10810=CARTESIAN_POINT('',(-14.6999999999951,-47.5,3.3));
#10811=CARTESIAN_POINT('',(-15.030354609652,-33.6973469140617,5.54));
#10812=CARTESIAN_POINT('',(-15.030354609652,-33.6973469140617,4.5));
#10813=CARTESIAN_POINT('',(-14.6999999999984,-33.8220259422513,4.5));
#10814=CARTESIAN_POINT('',(-14.6999999999984,-33.8220259422513,5.54));
#10815=CARTESIAN_POINT('',(-14.6999999999984,-33.8220259422513,0.9));
#10816=CARTESIAN_POINT('',(-14.6999999999984,-33.8220259422513,0.9));
#10817=CARTESIAN_POINT('',(-14.8999999999989,-31.6507500000018,0.7));
#10818=CARTESIAN_POINT('',(-14.6999999999986,-31.6507500000018,0.90000000000025));
#10819=CARTESIAN_POINT('',(-14.6999999999967,-35.2983366210468,0.900000000000391));
#10820=CARTESIAN_POINT('',(-15.0999999999979,-35.698336621047,0.5));
#10821=CARTESIAN_POINT('',(-15.5000008898579,11.1758718025009,5.54));
#10822=CARTESIAN_POINT('',(-15.5000008898579,11.1758718025009,7.));
#10823=CARTESIAN_POINT('',(-17.2000008898579,11.1758718025009,7.));
#10824=CARTESIAN_POINT('',(15.4999965595205,11.1758718025018,5.54));
#10825=CARTESIAN_POINT('',(15.4999965595205,11.1758718025018,7.));
#10826=CARTESIAN_POINT('',(13.7999965595205,11.1758718025018,7.));
#10827=CARTESIAN_POINT('',(16.2499990749384,-32.1238214996713,5.54));
#10828=CARTESIAN_POINT('',(14.5499990749384,-32.1238214996713,4.55000092505888));
#10829=CARTESIAN_POINT('',(14.5499990749384,-32.2612596252244,4.55000092505886));
#10830=CARTESIAN_POINT('',(14.5669120649,-32.3996971147508,4.53308793509726));
#10831=CARTESIAN_POINT('',(14.5999999999972,-32.5330928677063,4.5));
#10832=CARTESIAN_POINT('',(14.5499990749384,-32.1238214996713,4.55000092505888));
#10833=CARTESIAN_POINT('',(14.5999999999972,-32.5330928677063,4.5));
#10834=CARTESIAN_POINT('',(14.5999999999974,-31.7145501316357,4.49999999999999));
#10835=CARTESIAN_POINT('',(14.5669120649,-31.8479458845914,4.53308793509728));
#10836=CARTESIAN_POINT('',(14.5499990749384,-31.986383374118,4.55000092505889));
#10837=CARTESIAN_POINT('',(14.5499990749384,-32.1238214996713,4.55000092505888));
#10838=CARTESIAN_POINT('',(14.5999999999974,-31.7145501316356,4.5));
#10839=CARTESIAN_POINT('',(16.2499990749384,-32.1238214996713,4.5));
#10840=CARTESIAN_POINT('',(16.0044119276353,-30.4416541616578,3.1));
#10841=CARTESIAN_POINT('',(16.0044119276354,-30.4416541616577,3.1));
#10842=CARTESIAN_POINT('',(16.2499990749384,-32.1238214996713,3.1));
#10843=CARTESIAN_POINT('',(17.8076153898854,-31.4427698016257,3.1));
#10844=CARTESIAN_POINT('',(17.8076153898854,-31.4427698016258,0.5));
#10845=CARTESIAN_POINT('',(17.8076153898854,-31.4427698016258,0.9));
#10846=CARTESIAN_POINT('',(17.9457381358326,-32.0035341879645,0.499999999999963));
#10847=CARTESIAN_POINT('',(17.9321167880078,-31.8115085184175,0.607809268023503));
#10848=CARTESIAN_POINT('',(17.8847377557784,-31.6191544368994,0.745017754299911));
#10849=CARTESIAN_POINT('',(17.8076153898854,-31.4427698016258,0.900000000000002));
#10850=CARTESIAN_POINT('',(16.5053214703954,-33.8045387496507,0.846935143459904));
#10851=CARTESIAN_POINT('',(16.6738837809244,-33.7789319839031,0.713759283294914));
#10852=CARTESIAN_POINT('',(16.840380849434,-33.7271051050656,0.595482031728694));
#10853=CARTESIAN_POINT('',(16.9936967376943,-33.6525182604487,0.499999999999999));
#10854=CARTESIAN_POINT('',(16.5053214703954,-33.8045387496506,0.846935143459905));
#10855=CARTESIAN_POINT('',(15.6650561245361,-33.7200175229638,0.500000000000005));
#10856=CARTESIAN_POINT('',(15.9293691563411,-33.8168778348539,0.548273025187278));
#10857=CARTESIAN_POINT('',(16.2270126251993,-33.8468174143298,0.671166323211637));
#10858=CARTESIAN_POINT('',(16.5053214703954,-33.8045387496507,0.846935143459909));
#10859=CARTESIAN_POINT('',(16.2499990749384,-32.1238214996713,4.5));
#10860=CARTESIAN_POINT('',(16.2499990749384,-32.1238214996713,7.));
#10861=CARTESIAN_POINT('',(14.5499990749384,-32.1238214996713,7.));
#10862=CARTESIAN_POINT('',(-3.00609149545261,-26.1804207790223,0.7));
#10863=CARTESIAN_POINT('',(-16.6323085463673,-34.2784609690825,0.5));
#10864=CARTESIAN_POINT('',(-13.6499999999955,-31.7674502800147,5.45));
#10865=CARTESIAN_POINT('',(-14.5999999999955,-31.7674502800147,4.5));
#10866=CARTESIAN_POINT('',(-14.5999999999955,-30.9108272681807,4.5));
#10867=CARTESIAN_POINT('',(-14.5999999999955,-30.9108272681807,4.5));
#10868=CARTESIAN_POINT('',(-12.6999999999954,-30.1238214996703,6.4));
#10869=CARTESIAN_POINT('',(-12.6999999999955,-31.7674502800147,6.4));
#10870=CARTESIAN_POINT('',(-12.6999999999955,-35.298336621047,6.4));
#10871=CARTESIAN_POINT('',(-13.6499999999955,-35.298336621047,5.45));
#10872=CARTESIAN_POINT('',(-14.5999999999955,-35.298336621047,4.5));
#10873=CARTESIAN_POINT('',(-14.5999999999955,-31.7674502800147,4.5));
#10874=CARTESIAN_POINT('',(-1.01030295240889E-13,-33.4110790603592,4.5));
#10875=CARTESIAN_POINT('',(-14.5999999999955,-30.9108272681807,4.5));
#10876=CARTESIAN_POINT('',(-1.01030295240889E-13,-33.4110790603592,4.5));
#10877=CARTESIAN_POINT('',(2.46469511466785E-13,-35.298336621047,4.5));
#10878=CARTESIAN_POINT('',(-14.699999999998,-35.298336621047,4.5));
#10879=CARTESIAN_POINT('',(-14.6999999999951,-47.5,4.5));
#10880=CARTESIAN_POINT('',(-14.6999999999951,-47.5,0.5));
#10881=CARTESIAN_POINT('',(-14.6999999999998,-28.0821597408109,2.5));
#10882=CARTESIAN_POINT('',(-14.6999999999998,-28.0821597408109,2.5));
#10883=CARTESIAN_POINT('',(-14.6999999999998,-28.0821597408109,0.5));
#10884=CARTESIAN_POINT('',(-14.7,-28.0821597408107,0.899999999999669));
#10885=CARTESIAN_POINT('',(-14.7,-31.6507500000018,0.8999999999989));
#10886=CARTESIAN_POINT('',(-14.7000000000016,-19.5589755935538,0.900000000000214));
#10887=CARTESIAN_POINT('',(-14.7000000000018,-19.5589755935537,0.9));
#10888=CARTESIAN_POINT('',(-14.700000000002,-19.0360923308906,2.5));
#10889=CARTESIAN_POINT('',(-14.6999999999951,-47.5,2.5));
#10890=CARTESIAN_POINT('',(-14.6999999999993,-11.9854192462799,2.5));
#10891=CARTESIAN_POINT('',(-14.699999999995,-13.3854192462479,4.59999999995584));
#10892=CARTESIAN_POINT('',(-14.6999999999979,-13.3854192462496,4.59999999995584));
#10893=CARTESIAN_POINT('',(-14.7000000000009,-47.5,4.59999999995584));
#10894=CARTESIAN_POINT('',(-14.7000000000014,-18.3498080486591,4.5999999999558));
#10895=CARTESIAN_POINT('',(-14.7000000000021,-18.349808048659,4.59999999995584));
#10896=CARTESIAN_POINT('',(-14.7000000000021,-18.02300600948,5.6));
#10897=CARTESIAN_POINT('',(-14.7000000000022,-18.0230060094799,0.5));
#10898=CARTESIAN_POINT('',(-14.7000000000014,-18.02300600948,11.3));
#10899=CARTESIAN_POINT('',(-14.6999999999994,-31.6507500000018,11.3000000000004));
#10900=CARTESIAN_POINT('',(-14.6999999999998,-28.1238214996715,11.3));
#10901=CARTESIAN_POINT('',(-14.6999999999998,-28.1238214996715,0.5));
#10902=CARTESIAN_POINT('',(-14.6999999999998,-28.1238214996715,6.4));
#10903=CARTESIAN_POINT('',(-14.6999999999992,-30.4256170570926,4.77238475244062));
#10904=CARTESIAN_POINT('',(-14.6999999999951,-47.5,0.5));
#10905=CARTESIAN_POINT('',(-14.699999999998,-35.298336621047,0.5));
#10906=CARTESIAN_POINT('',(-18.4804442933042,-30.6773959561037,0.7));
#10907=CARTESIAN_POINT('',(-18.4858983848536,-30.267949192431,0.900000000000018));
#10908=CARTESIAN_POINT('',(-18.4858983848536,-30.267949192431,0.900000000000026));
#10909=CARTESIAN_POINT('',(-18.4858983848536,-30.267949192431,0.900000000000014));
#10910=CARTESIAN_POINT('',(-16.699999999997,-29.2368602791886,3.1));
#10911=CARTESIAN_POINT('',(-16.399999999997,-29.7564755214593,3.1));
#10912=CARTESIAN_POINT('',(-16.399999999997,-29.7564755214593,3.1));
#10913=CARTESIAN_POINT('',(-16.399999999997,-29.7564755214593,3.1));
#10914=CARTESIAN_POINT('',(18.4804442933042,-30.6773959561037,0.7));
#10915=CARTESIAN_POINT('',(17.8076153898854,-31.4427698016258,0.9));
#10916=CARTESIAN_POINT('',(18.4858983848536,-30.267949192431,0.900000000000023));
#10917=CARTESIAN_POINT('',(19.0323085463675,-30.1215390309173,0.500000000000044));
#10918=CARTESIAN_POINT('',(16.4858983848535,-33.7320508075687,0.5));
#10919=CARTESIAN_POINT('',(16.4858983848535,-33.7320508075687,3.1));
#10920=CARTESIAN_POINT('',(18.1858983848536,-30.7875644347017,3.1));
#10921=CARTESIAN_POINT('',(18.1858983848536,-30.7875644347017,3.1));
#10922=CARTESIAN_POINT('',(18.4858983848536,-30.267949192431,2.5));
#10923=CARTESIAN_POINT('',(18.4858983848536,-30.267949192431,0.5));
#10924=CARTESIAN_POINT('',(14.1703815155729,-30.0857854430177,3.1));
#10925=CARTESIAN_POINT('',(16.0044119276354,-30.4416541616578,3.1));
#10926=CARTESIAN_POINT('',(16.399999999997,-29.7564755214593,3.1));
#10927=CARTESIAN_POINT('',(16.399999999997,-29.7564755214593,3.1));
#10928=CARTESIAN_POINT('',(14.699999999997,-32.7009618943261,3.1));
#10929=CARTESIAN_POINT('',(16.299999999997,-29.9296806022162,3.3));
#10930=CARTESIAN_POINT('',(-1.01030295240889E-13,-33.4110790603592,4.5));
#10931=CARTESIAN_POINT('',(14.599999999997,-36.0547078407043,4.4999999999995));
#10932=CARTESIAN_POINT('',(14.5999999999975,-30.9108272681802,4.5));
#10933=CARTESIAN_POINT('',(14.9796690327598,-30.531158235418,4.5));
#10934=CARTESIAN_POINT('',(-2.16517346537773E-6,21.9906084734827,2.07499999999674));
#10935=CARTESIAN_POINT('',(-2.16517346537773E-6,21.9906084734834,3.99999999999276));
#10936=CARTESIAN_POINT('',(-2.16517346537773E-6,23.5906084734834,3.99999999999223));
#10937=CARTESIAN_POINT('',(-12.8999999999955,-38.4983366210468,7.75));
#10938=CARTESIAN_POINT('',(-12.8999999999958,-38.4983366210471,11.5000000000003));
#10939=CARTESIAN_POINT('',(-12.8999999999958,-38.4983366210472,11.5000000000004));
#10940=CARTESIAN_POINT('',(-13.0999999999955,-38.6983366210471,11.3));
#10941=CARTESIAN_POINT('',(-13.0999999999955,-38.6983366210471,7.75));
#10942=CARTESIAN_POINT('',(-13.0999999999955,-38.6983366210471,7.33431457505075));
#10943=CARTESIAN_POINT('',(-13.0999999999955,-38.6983366210471,7.33431457505076));
#10944=CARTESIAN_POINT('',(-12.6999999999955,-38.2983366210466,7.50000000000071));
#10945=CARTESIAN_POINT('',(-12.6999999999955,-38.2983366210466,7.75));
#10946=CARTESIAN_POINT('',(-12.6999999999955,-38.2983366210466,11.3));
#10947=CARTESIAN_POINT('',(-12.6999999999955,-38.2983366210466,11.3));
#10948=CARTESIAN_POINT('',(-12.6999999999955,-30.1238214996703,11.7));
#10949=CARTESIAN_POINT('',(-12.6999999999955,-38.0154939085724,7.9));
#10950=CARTESIAN_POINT('',(-12.6999999999955,-38.0154939085724,7.9));
#10951=CARTESIAN_POINT('',(-12.6999999999955,-32.2674502800145,7.9));
#10952=CARTESIAN_POINT('',(-12.6999999999955,-35.298336621047,7.9));
#10953=CARTESIAN_POINT('',(-12.6999999999955,-35.298336621047,11.7));
#10954=CARTESIAN_POINT('',(-12.6999999999954,-30.1238214996703,11.7));
#10955=CARTESIAN_POINT('',(-12.6999999999955,-30.1238214996703,11.3));
#10956=CARTESIAN_POINT('',(-12.6999999999955,-22.9626607498352,11.3));
#10957=CARTESIAN_POINT('',(12.899999999996,-38.4983366210469,7.75));
#10958=CARTESIAN_POINT('',(12.899999999996,-38.4983366210469,11.5));
#10959=CARTESIAN_POINT('',(12.899999999996,-38.4983366210469,11.5));
#10960=CARTESIAN_POINT('',(12.6999999999964,-38.2983366210471,11.3000000000004));
#10961=CARTESIAN_POINT('',(12.699999999996,-38.2983366210467,7.75));
#10962=CARTESIAN_POINT('',(12.699999999996,-38.2983366210467,7.50000000000051));
#10963=CARTESIAN_POINT('',(12.699999999996,-38.2983366210467,7.50000000000055));
#10964=CARTESIAN_POINT('',(13.0999999999959,-38.6983366210471,7.33431457505077));
#10965=CARTESIAN_POINT('',(13.0999999999959,-38.6983366210471,7.75));
#10966=CARTESIAN_POINT('',(13.0999999999959,-38.6983366210471,11.3));
#10967=CARTESIAN_POINT('',(13.0999999999959,-38.6983366210471,11.3));
#10968=CARTESIAN_POINT('',(-5.81756864903582E-13,-38.498336621047,11.5));
#10969=CARTESIAN_POINT('',(-5.81756864903582E-13,-38.698336621047,11.3));
#10970=CARTESIAN_POINT('',(26.599999999939,-38.698336621047,11.3));
#10971=CARTESIAN_POINT('',(26.7999999999496,-38.4983366210367,11.5000000000104));
#10972=CARTESIAN_POINT('',(26.7999999999496,-38.4983366210367,11.5000000000104));
#10973=CARTESIAN_POINT('',(26.5999999999811,-38.298336621047,11.7));
#10974=CARTESIAN_POINT('',(26.5999999999901,-38.2983366210561,11.6999999999909));
#10975=CARTESIAN_POINT('',(-5.81756864903582E-13,-38.298336621047,11.7));
#10976=CARTESIAN_POINT('',(13.099999999996,-38.298336621047,11.7));
#10977=CARTESIAN_POINT('',(12.899999999996,-38.4983366210469,11.5));
#10978=CARTESIAN_POINT('',(-1.15463194561016E-12,-38.698336621047,3.8));
#10979=CARTESIAN_POINT('',(-1.15463194561016E-12,-38.698336621047,6.5));
#10980=CARTESIAN_POINT('',(-18.1643939998736,-38.698336621047,6.5));
#10981=CARTESIAN_POINT('',(-23.9643939998736,-38.698336621047,6.5));
#10982=CARTESIAN_POINT('',(-18.1643939998736,-38.698336621047,3.8));
#10983=CARTESIAN_POINT('',(-18.1643939998736,-38.698336621047,4.));
#10984=CARTESIAN_POINT('',(-1.15463194561016E-12,-38.698336621047,4.));
#10985=CARTESIAN_POINT('',(-23.9643939998736,-38.698336621047,4.));
#10986=CARTESIAN_POINT('',(-23.9643939998736,-38.698336621047,3.8));
#10987=CARTESIAN_POINT('',(-1.15463194561016E-12,-38.698336621047,6.5));
#10988=CARTESIAN_POINT('',(23.9643939998736,-38.698336621047,6.5));
#10989=CARTESIAN_POINT('',(18.1643939998736,-38.698336621047,6.5));
#10990=CARTESIAN_POINT('',(23.9643939998736,-38.698336621047,3.8));
#10991=CARTESIAN_POINT('',(23.9643939998736,-38.698336621047,4.));
#10992=CARTESIAN_POINT('',(-1.15463194561016E-12,-38.698336621047,4.));
#10993=CARTESIAN_POINT('',(18.1643939998736,-38.698336621047,4.));
#10994=CARTESIAN_POINT('',(18.1643939998736,-38.698336621047,3.8));
#10995=CARTESIAN_POINT('',(-5.81756864903582E-13,-38.698336621047,11.3));
#10996=CARTESIAN_POINT('',(-26.5999999998574,-38.698336621047,11.3));
#10997=CARTESIAN_POINT('',(-26.5999999998574,-38.6983366210469,2.15));
#10998=CARTESIAN_POINT('',(-26.5999999998574,-38.6983366210469,0.9));
#10999=CARTESIAN_POINT('',(7.3499999999974,-38.698336621047,0.9));
#11000=CARTESIAN_POINT('',(26.599999999939,-38.698336621047,0.9));
#11001=CARTESIAN_POINT('',(26.599999999939,-38.698336621047,2.15));
#11002=CARTESIAN_POINT('',(8.13284271247129,-38.698336621047,2.36715728752611));
#11003=CARTESIAN_POINT('',(9.86568542494519,-38.698336621047,4.1));
#11004=CARTESIAN_POINT('',(-7.34999999999831,-38.698336621047,4.1));
#11005=CARTESIAN_POINT('',(-9.86568542494471,-38.698336621047,4.1));
#11006=CARTESIAN_POINT('',(-8.13284271247151,-38.698336621047,2.3671572875268));
#11007=CARTESIAN_POINT('',(-26.7999999998582,-38.498336621047,2.15));
#11008=CARTESIAN_POINT('',(-26.7999999998828,-38.4983366210225,11.5000000000252));
#11009=CARTESIAN_POINT('',(-26.7999999998828,-38.4983366210225,11.5000000000252));
#11010=CARTESIAN_POINT('',(-26.9999999999024,-38.2983366210037,11.2999999999566));
#11011=CARTESIAN_POINT('',(-26.9999999998591,-38.298336621047,2.15));
#11012=CARTESIAN_POINT('',(-26.9999999998591,-38.298336621047,0.899999999999982));
#11013=CARTESIAN_POINT('',(-26.9999999998591,-38.298336621047,0.9));
#11014=CARTESIAN_POINT('',(-26.7999999998582,-38.498336621047,0.7));
#11015=CARTESIAN_POINT('',(-26.7999999998582,-38.498336621047,0.7));
#11016=CARTESIAN_POINT('',(-26.5999999998574,-38.6983366210469,11.3));
#11017=CARTESIAN_POINT('',(-26.8000000000551,-5.2753616251829,11.5));
#11018=CARTESIAN_POINT('',(-26.5999999999586,-38.2983366210484,11.7));
#11019=CARTESIAN_POINT('',(-26.5999999999586,-38.2983366210484,11.7));
#11020=CARTESIAN_POINT('',(-26.6000000000317,-5.2753616251829,11.7000000000731));
#11021=CARTESIAN_POINT('',(-26.6000000000175,-11.6884537348841,11.7000000000442));
#11022=CARTESIAN_POINT('',(-26.6000000000765,-11.6884537349273,11.7));
#11023=CARTESIAN_POINT('',(-27.000000000018,-11.5812740578527,11.2999999999667));
#11024=CARTESIAN_POINT('',(-27.0000000000189,-5.2753616251829,11.2999999999864));
#11025=CARTESIAN_POINT('',(-5.81756864903582E-13,-38.4983366210477,11.5));
#11026=CARTESIAN_POINT('',(-12.8999999999958,-38.4983366210473,11.5000000000004));
#11027=CARTESIAN_POINT('',(-13.0999999999955,-38.2983366210484,11.7));
#11028=CARTESIAN_POINT('',(-5.81756864903582E-13,-38.2983366210484,11.7));
#11029=CARTESIAN_POINT('',(26.7999999999393,-38.498336621047,2.15));
#11030=CARTESIAN_POINT('',(26.7999999999393,-38.498336621047,0.7));
#11031=CARTESIAN_POINT('',(26.7999999999393,-38.498336621047,0.7));
#11032=CARTESIAN_POINT('',(26.9999999999516,-38.298336621035,0.900000000012024));
#11033=CARTESIAN_POINT('',(26.9999999999396,-38.298336621047,2.15));
#11034=CARTESIAN_POINT('',(26.9999999999396,-38.298336621047,11.3));
#11035=CARTESIAN_POINT('',(26.9999999999396,-38.298336621047,11.3));
#11036=CARTESIAN_POINT('',(26.599999999939,-38.698336621047,0.9));
#11037=CARTESIAN_POINT('',(26.7999999999694,-31.6507500000191,11.5));
#11038=CARTESIAN_POINT('',(26.9999999999441,-31.6507500000191,11.3000000000045));
#11039=CARTESIAN_POINT('',(26.9999999999623,-11.5812740578165,11.3000000000137));
#11040=CARTESIAN_POINT('',(26.6000000000173,-11.68845373483,11.7));
#11041=CARTESIAN_POINT('',(26.6000000000173,-11.68845373483,11.7));
#11042=CARTESIAN_POINT('',(26.6000000000037,-31.6507500000191,11.6999999999864));
#11043=CARTESIAN_POINT('',(7.3499999999981,-35.498336621047,0.7));
#11044=CARTESIAN_POINT('',(7.3499999999981,-35.2983366210457,0.900000000001281));
#11045=CARTESIAN_POINT('',(7.3499999999974,-38.498336621047,0.7));
#11046=CARTESIAN_POINT('',(-26.7999999998582,-38.498336621047,0.7));
#11047=CARTESIAN_POINT('',(26.5999999999396,-38.298336621047,0.5));
#11048=CARTESIAN_POINT('',(-26.8000000000054,-5.2753616251829,0.7));
#11049=CARTESIAN_POINT('',(-26.9999999999322,-5.2753616251829,0.899999999926849));
#11050=CARTESIAN_POINT('',(-26.9999999999568,-2.98956518577732,0.899999999964202));
#11051=CARTESIAN_POINT('',(-26.6000000000137,-3.39668956485636,0.500000000000003));
#11052=CARTESIAN_POINT('',(-26.7358173176544,-3.26673765906568,0.635817317640192));
#11053=CARTESIAN_POINT('',(-26.8699840230522,-3.1309074542556,0.769984023037359));
#11054=CARTESIAN_POINT('',(-27.0000000000155,-2.98956518577405,0.9));
#11055=CARTESIAN_POINT('',(2.46469511466785E-13,-35.298336621047,2.5));
#11056=CARTESIAN_POINT('',(-12.5585786437582,-35.298336621047,7.55857864376269));
#11057=CARTESIAN_POINT('',(-12.0171572875209,-35.298336621047,6.25147186257621));
#11058=CARTESIAN_POINT('',(-7.80784271247116,-35.298336621047,2.04215728752645));
#11059=CARTESIAN_POINT('',(-9.86568542494471,-35.298336621047,4.1));
#11060=CARTESIAN_POINT('',(-7.34999999999761,-35.298336621047,4.1));
#11061=CARTESIAN_POINT('',(9.86568542494586,-35.298336621047,4.1));
#11062=CARTESIAN_POINT('',(7.80784271247198,-35.298336621047,2.04215728752613));
#11063=CARTESIAN_POINT('',(12.017157287522,-35.298336621047,6.2514718625761));
#11064=CARTESIAN_POINT('',(12.5585786437592,-35.298336621047,7.55857864376247));
#11065=CARTESIAN_POINT('',(12.6999999999966,-35.298336621047,7.9));
#11066=CARTESIAN_POINT('',(12.6999999999967,-35.298336621047,11.7));
#11067=CARTESIAN_POINT('',(12.6999999999966,-35.298336621047,6.4));
#11068=CARTESIAN_POINT('',(13.6499999999966,-35.298336621047,5.45000000000007));
#11069=CARTESIAN_POINT('',(14.5999999999968,-35.298336621047,4.49999999999987));
#11070=CARTESIAN_POINT('',(2.46469511466785E-13,-35.298336621047,4.5));
#11071=CARTESIAN_POINT('',(-2.77555756156289E-16,12.5000000000014,1.64999999999411));
#11072=CARTESIAN_POINT('',(-2.77555756156289E-16,12.5000000000014,3.99999999999362));
#11073=CARTESIAN_POINT('',(-1.6,12.5000000000014,3.99999999999362));
#11074=CARTESIAN_POINT('',(-7.34999999999831,-38.498336621047,4.3));
#11075=CARTESIAN_POINT('',(9.86568542494519,-38.698336621047,4.1));
#11076=CARTESIAN_POINT('',(9.69999999999604,-38.298336621047,4.5));
#11077=CARTESIAN_POINT('',(-7.34999999999831,-38.298336621047,4.5));
#11078=CARTESIAN_POINT('',(-9.69999999999548,-38.298336621047,4.5));
#11079=CARTESIAN_POINT('',(-9.69999999999547,-38.298336621047,4.5));
#11080=CARTESIAN_POINT('',(-14.6999999999955,-38.698336621047,4.5));
#11081=CARTESIAN_POINT('',(9.29999999999609,-38.0154939085724,4.5));
#11082=CARTESIAN_POINT('',(9.29999999999629,-38.0154939085726,4.5));
#11083=CARTESIAN_POINT('',(9.29999999999645,-38.6983366210504,4.50000000000021));
#11084=CARTESIAN_POINT('',(9.29999999999654,-35.698336621047,4.5));
#11085=CARTESIAN_POINT('',(-7.34999999999761,-35.698336621047,4.5));
#11086=CARTESIAN_POINT('',(-9.29999999999545,-35.698336621047,4.5));
#11087=CARTESIAN_POINT('',(-9.29999999999546,-36.5547078407029,4.5));
#11088=CARTESIAN_POINT('',(-9.29999999999546,-38.0154939085724,4.5));
#11089=CARTESIAN_POINT('',(-9.69999999999547,-38.298336621047,4.5));
#11090=CARTESIAN_POINT('',(-9.8656854249447,-35.298336621047,4.1));
#11091=CARTESIAN_POINT('',(-9.64142135623277,-35.698336621047,4.64142135623731));
#11092=CARTESIAN_POINT('',(-9.98284271247007,-35.698336621047,4.78284271247463));
#11093=CARTESIAN_POINT('',(-9.8656854249447,-35.298336621047,4.1));
#11094=CARTESIAN_POINT('',(-9.98284271247008,-35.698336621047,4.78284271247462));
#11095=CARTESIAN_POINT('',(9.86568542494586,-35.298336621047,4.1));
#11096=CARTESIAN_POINT('',(9.64142135623335,-35.698336621047,4.6414213562371));
#11097=CARTESIAN_POINT('',(9.98284271247095,-35.698336621047,4.78284271247453));
#11098=CARTESIAN_POINT('',(9.86568542494586,-35.298336621047,4.1));
#11099=CARTESIAN_POINT('',(9.29999999999654,-35.698336621047,4.5));
#11100=CARTESIAN_POINT('',(7.66642135623465,-35.498336621047,2.18357864376345));
#11101=CARTESIAN_POINT('',(12.4171572875219,-35.698336621047,7.21715728752538));
#11102=CARTESIAN_POINT('',(12.4171572875219,-35.698336621047,7.21715728752537));
#11103=CARTESIAN_POINT('',(7.52499999999732,-35.698336621047,2.32500000000078));
#11104=CARTESIAN_POINT('',(-7.34999999999761,-35.498336621047,4.3));
#11105=CARTESIAN_POINT('',(9.64142135623326,-38.6983366210504,4.64142135623731));
#11106=CARTESIAN_POINT('',(9.29999999999609,-38.0154939085724,4.5));
#11107=CARTESIAN_POINT('',(9.98284271247063,-38.298336621047,4.78284271247462));
#11108=CARTESIAN_POINT('',(9.98284271247064,-38.6983366210504,4.78284271247465));
#11109=CARTESIAN_POINT('',(-7.66642135623385,-35.498336621047,2.18357864376376));
#11110=CARTESIAN_POINT('',(-12.0171572875209,-35.298336621047,6.25147186257616));
#11111=CARTESIAN_POINT('',(-12.4171572875208,-35.698336621047,7.21715728752537));
#11112=CARTESIAN_POINT('',(-7.52499999999653,-35.698336621047,2.32500000000108));
#11113=CARTESIAN_POINT('',(-9.64142135623277,-36.5547078407029,4.64142135623731));
#11114=CARTESIAN_POINT('',(-9.98284271247008,-38.298336621047,4.78284271247462));
#11115=CARTESIAN_POINT('',(-9.98284271247008,-38.298336621047,4.78284271247462));
#11116=CARTESIAN_POINT('',(-9.98284271247008,-36.5547078407029,4.78284271247462));
#11117=CARTESIAN_POINT('',(11.199999999996,-38.6983366210492,6.));
#11118=CARTESIAN_POINT('',(7.8499999999967,-38.298336621047,2.6500000000007));
#11119=CARTESIAN_POINT('',(12.4171572875214,-38.2983366210469,7.21715728752547));
#11120=CARTESIAN_POINT('',(12.4171572875214,-38.6983366210481,7.21715728752561));
#11121=CARTESIAN_POINT('',(12.5585786437586,-38.6983366210481,7.5585786437627));
#11122=CARTESIAN_POINT('',(12.4171572875214,-38.298336621047,7.2171572875254));
#11123=CARTESIAN_POINT('',(12.6999999999961,-38.0154939085724,7.9));
#11124=CARTESIAN_POINT('',(12.6999999999959,-38.6983366210481,7.9));
#11125=CARTESIAN_POINT('',(12.699999999996,-38.6983366210467,11.7));
#11126=CARTESIAN_POINT('',(12.6999999999979,-27.2499183105246,11.2999999999997));
#11127=CARTESIAN_POINT('',(12.6999999999976,-30.123821499671,11.3));
#11128=CARTESIAN_POINT('',(12.6999999999977,-30.123821499671,11.7));
#11129=CARTESIAN_POINT('',(12.6999999999974,-30.1238214996713,6.4000000000001));
#11130=CARTESIAN_POINT('',(12.6999999999965,-36.0547078407043,6.4));
#11131=CARTESIAN_POINT('',(12.699999999996,-38.2983366210467,7.50000000000051));
#11132=CARTESIAN_POINT('',(-12.5585786437582,-32.2674502800145,7.55857864376269));
#11133=CARTESIAN_POINT('',(-12.6999999999955,-38.0154939085724,7.9));
#11134=CARTESIAN_POINT('',(-12.4171572875209,-38.298336621047,7.21715728752538));
#11135=CARTESIAN_POINT('',(-12.4171572875209,-32.2674502800145,7.21715728752535));
#11136=CARTESIAN_POINT('',(7.991421356234,-38.498336621047,2.5085786437634));
#11137=CARTESIAN_POINT('',(-7.9914213562342,-38.498336621047,2.50857864376411));
#11138=CARTESIAN_POINT('',(-7.84999999999689,-38.298336621047,2.65000000000142));
#11139=CARTESIAN_POINT('',(-4.03050865276332,3.78050865276332,11.5));
#11140=CARTESIAN_POINT('',(-4.03050865276332,3.78050865276332,11.3));
#11141=CARTESIAN_POINT('',(-2.78050865276332,3.78050865276332,11.3));
#11142=CARTESIAN_POINT('',(-4.03050865276332,3.78050865276332,11.7));
#11143=CARTESIAN_POINT('',(-2.38050865276332,3.78050865276332,11.7));
#11144=CARTESIAN_POINT('',(-8.88178419700125E-15,-15.8015,11.7));
#11145=CARTESIAN_POINT('',(16.2499990749384,-32.1238214996713,11.7));
#11146=CARTESIAN_POINT('',(18.9346174245202,-32.4116136418306,11.7));
#11147=CARTESIAN_POINT('',(18.3948125096975,-33.7638749530919,11.7));
#11148=CARTESIAN_POINT('',(13.7342704373413,-31.1195757435989,11.7));
#11149=CARTESIAN_POINT('',(-13.7342704373413,-31.1195757435989,11.7));
#11150=CARTESIAN_POINT('',(-11.1149128679834,14.4761771109361,11.7000000000003));
#11151=CARTESIAN_POINT('',(-22.0641403110179,14.4761771109361,11.7));
#11152=CARTESIAN_POINT('',(-5.58308546675461,14.4761771109363,11.7000000000002));
#11153=CARTESIAN_POINT('',(-22.2298257359699,14.310491685986,11.7));
#11154=CARTESIAN_POINT('',(-22.2298257359672,14.3104916859886,11.7000000000013));
#11155=CARTESIAN_POINT('',(-22.2298257359554,-7.05837432703761,11.699999999996));
#11156=CARTESIAN_POINT('',(-22.2298257359583,2.08475134594527,11.7000000000011));
#11157=CARTESIAN_POINT('',(-8.75000000000168,2.08475134594634,11.6999999999962));
#11158=CARTESIAN_POINT('',(-17.3928203230236,2.08475134594633,11.7));
#11159=CARTESIAN_POINT('',(-10.310214165509,-2.00439322565684,11.7));
#11160=CARTESIAN_POINT('',(-10.3102141655076,-2.00439322565603,11.7000000000014));
#11161=CARTESIAN_POINT('',(-10.3102141655041,-9.01841666666925,11.7000000000008));
#11162=CARTESIAN_POINT('',(-10.3102141655033,-11.9795220950672,11.7));
#11163=CARTESIAN_POINT('',(-15.710214165503,-15.0972135486909,11.7));
#11164=CARTESIAN_POINT('',(-15.710214165503,-15.0972135486909,11.7));
#11165=CARTESIAN_POINT('',(-25.3535898384858,-9.52960800798539,11.7));
#11166=CARTESIAN_POINT('',(-25.3535898384858,-9.52960800798539,11.7));
#11167=CARTESIAN_POINT('',(-26.6000000000765,-11.6884537349273,11.7));
#11168=CARTESIAN_POINT('',(-13.0999999999955,-22.9626607498352,11.7));
#11169=CARTESIAN_POINT('',(-13.0999999999955,-30.2895069246199,11.7));
#11170=CARTESIAN_POINT('',(-15.0999999999983,-28.2895069246225,11.7));
#11171=CARTESIAN_POINT('',(-15.0999999999989,-28.2895069246219,11.7000000000003));
#11172=CARTESIAN_POINT('',(-15.0999999999992,-31.6507500000018,11.7000000000017));
#11173=CARTESIAN_POINT('',(-15.1000000000008,-17.7920659018042,11.7));
#11174=CARTESIAN_POINT('',(-4.37502725427253,-11.5999999999994,11.7));
#11175=CARTESIAN_POINT('',(-4.37502725427254,-11.5999999999994,11.7));
#11176=CARTESIAN_POINT('',(-2.13392378864999,-11.5999999999994,11.7));
#11177=CARTESIAN_POINT('',(4.37502725425529,-11.5999999999994,11.7));
#11178=CARTESIAN_POINT('',(15.1,-17.7920659018139,11.7));
#11179=CARTESIAN_POINT('',(15.0999999999996,-17.7920659018143,11.6999999999994));
#11180=CARTESIAN_POINT('',(15.0999999999989,-18.6443038123143,11.6999999999989));
#11181=CARTESIAN_POINT('',(15.0999999999979,-28.2895069246208,11.7));
#11182=CARTESIAN_POINT('',(13.0999999999976,-30.2895069246203,11.7));
#11183=CARTESIAN_POINT('',(13.0999999999972,-30.2895069246201,11.6999999999996));
#11184=CARTESIAN_POINT('',(13.0999999999971,-27.2499183105246,11.6999999999989));
#11185=CARTESIAN_POINT('',(25.3535898384868,-9.52960800799229,11.7));
#11186=CARTESIAN_POINT('',(25.3535898384868,-9.52960800799226,11.7));
#11187=CARTESIAN_POINT('',(15.7102141655131,-15.0972135486909,11.7));
#11188=CARTESIAN_POINT('',(15.7102141655131,-15.0972135486909,11.7));
#11189=CARTESIAN_POINT('',(10.3102141655127,-11.9795220950668,11.7));
#11190=CARTESIAN_POINT('',(10.3102141655126,-11.9795220950669,11.7000000000001));
#11191=CARTESIAN_POINT('',(10.3102141655125,-13.7750409936952,11.7000000000003));
#11192=CARTESIAN_POINT('',(10.3102141655122,-2.00439322565748,11.7));
#11193=CARTESIAN_POINT('',(17.3928203230275,2.08475134594822,11.7));
#11194=CARTESIAN_POINT('',(17.3928203230275,2.08475134594821,11.7));
#11195=CARTESIAN_POINT('',(11.3149107028176,2.0847513459482,11.7));
#11196=CARTESIAN_POINT('',(22.2298214056332,2.08475134594998,11.7000000000018));
#11197=CARTESIAN_POINT('',(22.2298214056323,-0.662661444524675,11.7000000000043));
#11198=CARTESIAN_POINT('',(22.2298214056278,14.3104916859883,11.7));
#11199=CARTESIAN_POINT('',(22.0641359806788,14.4761771109374,11.7));
#11200=CARTESIAN_POINT('',(22.0641359806789,14.4761771109369,11.7000000000003));
#11201=CARTESIAN_POINT('',(-11.1149128679834,14.4761771109369,11.6999999999995));
#11202=CARTESIAN_POINT('',(5.58308546675466,14.4761771109369,11.7));
#11203=CARTESIAN_POINT('',(4.21119897211301,12.1,11.7));
#11204=CARTESIAN_POINT('',(4.21119897211301,12.1,11.7));
#11205=CARTESIAN_POINT('',(1.99012943221858,12.1,11.7));
#11206=CARTESIAN_POINT('',(3.2331615074619,12.1,11.7));
#11207=CARTESIAN_POINT('',(1.73205080756888,9.5,11.7));
#11208=CARTESIAN_POINT('',(1.73205080756888,9.5,11.7));
#11209=CARTESIAN_POINT('',(0.750555349946508,9.5,11.7));
#11210=CARTESIAN_POINT('',(-1.73205080756888,9.5,11.7));
#11211=CARTESIAN_POINT('',(-3.2331615074619,12.1,11.7));
#11212=CARTESIAN_POINT('',(-3.2331615074619,12.1,11.7));
#11213=CARTESIAN_POINT('',(-1.50111069989303,12.1,11.7));
#11214=CARTESIAN_POINT('',(-4.21119897211301,12.1,11.7));
#11215=CARTESIAN_POINT('',(-5.58308546675447,14.4761771109366,11.7));
#11216=CARTESIAN_POINT('',(4.03050865276332,3.78050865276332,11.7));
#11217=CARTESIAN_POINT('',(5.68050865276332,3.78050865276332,11.7));
#11218=CARTESIAN_POINT('',(12.5,2.398,11.7));
#11219=CARTESIAN_POINT('',(14.5,2.398,11.7));
#11220=CARTESIAN_POINT('',(-20.95,-24.5000000000255,11.7));
#11221=CARTESIAN_POINT('',(-19.3,-24.5000000000255,11.7));
#11222=CARTESIAN_POINT('',(4.03050865276332,-4.28050865276332,11.7));
#11223=CARTESIAN_POINT('',(5.68050865276332,-4.28050865276332,11.7));
#11224=CARTESIAN_POINT('',(15.4999965595205,11.1758718025018,11.7));
#11225=CARTESIAN_POINT('',(18.1999965595205,11.1758718025018,11.7));
#11226=CARTESIAN_POINT('',(-15.5000008898579,11.1758718025009,11.7));
#11227=CARTESIAN_POINT('',(-12.8000008898579,11.1758718025009,11.7));
#11228=CARTESIAN_POINT('',(-4.03050865276332,-4.28050865276332,11.7));
#11229=CARTESIAN_POINT('',(-2.38050865276332,-4.28050865276332,11.7));
#11230=CARTESIAN_POINT('',(20.95,-24.5000000000255,11.7));
#11231=CARTESIAN_POINT('',(22.6,-24.5000000000255,11.7));
#11232=CARTESIAN_POINT('',(24.1054373402551,-20.7226410286778,11.7));
#11233=CARTESIAN_POINT('',(24.1054373402551,-20.7226410286778,11.7));
#11234=CARTESIAN_POINT('',(24.1927746432988,-17.0286316176407,11.7));
#11235=CARTESIAN_POINT('',(20.8626626969564,-22.4940094110626,11.7));
#11236=CARTESIAN_POINT('',(20.8626626969564,-22.4940094110626,11.7));
#11237=CARTESIAN_POINT('',(17.7072253567011,-20.57136838241,11.7));
#11238=CARTESIAN_POINT('',(17.7072253567012,-20.57136838241,11.7));
#11239=CARTESIAN_POINT('',(17.794562659745,-16.8773589713731,11.7));
#11240=CARTESIAN_POINT('',(17.7945626597449,-16.8773589713731,11.7));
#11241=CARTESIAN_POINT('',(21.0373373030436,-15.1059905889884,11.7));
#11242=CARTESIAN_POINT('',(21.0373373030436,-15.1059905889884,11.7));
#11243=CARTESIAN_POINT('',(24.1927746432988,-17.0286316176407,11.7));
#11244=CARTESIAN_POINT('',(-24.15,-16.4924596231473,11.7));
#11245=CARTESIAN_POINT('',(-24.15,-16.9524791386187,11.7));
#11246=CARTESIAN_POINT('',(-24.15,-20.6475208614323,11.7));
#11247=CARTESIAN_POINT('',(-20.95,-15.1049582772118,11.7));
#11248=CARTESIAN_POINT('',(-20.95,-15.1049582772118,11.7));
#11249=CARTESIAN_POINT('',(-17.75,-16.9524791386187,11.7));
#11250=CARTESIAN_POINT('',(-17.75,-16.9524791386187,11.7));
#11251=CARTESIAN_POINT('',(-17.75,-18.1090403768782,11.7));
#11252=CARTESIAN_POINT('',(-17.75,-20.6475208614323,11.7));
#11253=CARTESIAN_POINT('',(-20.95,-22.4950417228391,11.7));
#11254=CARTESIAN_POINT('',(-20.95,-22.4950417228391,11.7));
#11255=CARTESIAN_POINT('',(-24.15,-20.6475208614323,11.7));
#11256=CARTESIAN_POINT('',(-3.2,-2.0975208614068,11.7));
#11257=CARTESIAN_POINT('',(-3.2,-2.0975208614068,11.7));
#11258=CARTESIAN_POINT('',(-2.24294324432938E-15,-3.9450417228136,11.7));
#11259=CARTESIAN_POINT('',(-3.2,-7.21745962313452,11.7));
#11260=CARTESIAN_POINT('',(-3.2,1.5975208614068,11.7));
#11261=CARTESIAN_POINT('',(3.79470760369927E-15,3.44504172281361,11.7));
#11262=CARTESIAN_POINT('',(-1.28842817737612E-15,3.44504172281361,11.7));
#11263=CARTESIAN_POINT('',(3.2,1.59752086140681,11.7));
#11264=CARTESIAN_POINT('',(3.2,1.59752086140681,11.7));
#11265=CARTESIAN_POINT('',(3.2,-8.83404037686547,11.7));
#11266=CARTESIAN_POINT('',(3.2,-2.09752086140679,11.7));
#11267=CARTESIAN_POINT('',(-2.16840434497101E-15,-3.9450417228136,11.7));
#11268=CARTESIAN_POINT('',(-12.5,2.398,11.7));
#11269=CARTESIAN_POINT('',(-10.5,2.398,11.7));
#11270=CARTESIAN_POINT('',(-4.03050865276332,3.78050865276332,3.9));
#11271=CARTESIAN_POINT('',(-4.03050865276332,3.78050865276332,4.3));
#11272=CARTESIAN_POINT('',(-2.78050865276332,3.78050865276332,4.3));
#11273=CARTESIAN_POINT('',(-4.03050867182409,2.53050865276332,4.3));
#11274=CARTESIAN_POINT('',(-4.03050865276332,3.78050865276332,4.3));
#11275=CARTESIAN_POINT('',(-5.28050865276332,3.78050863892661,4.3));
#11276=CARTESIAN_POINT('',(-4.03050865276332,3.78050865276332,4.3));
#11277=CARTESIAN_POINT('',(-4.03050863892661,5.03050865276332,4.3));
#11278=CARTESIAN_POINT('',(-4.03050865276332,3.78050865276332,4.3));
#11279=CARTESIAN_POINT('',(4.03050865276332,3.78050865276332,11.5));
#11280=CARTESIAN_POINT('',(4.03050865276332,3.78050865276332,11.3));
#11281=CARTESIAN_POINT('',(5.28050865276332,3.78050865276332,11.3));
#11282=CARTESIAN_POINT('',(4.03050865276332,3.78050865276332,3.9));
#11283=CARTESIAN_POINT('',(4.03050865276332,3.78050865276332,4.3));
#11284=CARTESIAN_POINT('',(4.03050865276332,2.53050865276332,4.3));
#11285=CARTESIAN_POINT('',(2.78050865276332,3.78050867182409,4.3));
#11286=CARTESIAN_POINT('',(4.03050865276332,3.78050865276332,4.3));
#11287=CARTESIAN_POINT('',(4.03050863892661,5.03050865276332,4.3));
#11288=CARTESIAN_POINT('',(4.03050865276332,3.78050865276332,4.3));
#11289=CARTESIAN_POINT('',(5.28050865276332,3.78050863892661,4.3));
#11290=CARTESIAN_POINT('',(4.03050865276332,3.78050865276332,4.3));
#11291=CARTESIAN_POINT('',(-12.5,2.398,11.5));
#11292=CARTESIAN_POINT('',(-12.5,2.398,11.3));
#11293=CARTESIAN_POINT('',(-10.9,2.398,11.3));
#11294=CARTESIAN_POINT('',(-12.5,2.398,0.5));
#11295=CARTESIAN_POINT('',(-12.5,2.398,5.5));
#11296=CARTESIAN_POINT('',(-10.9,2.398,5.5));
#11297=CARTESIAN_POINT('',(12.5,2.398,11.5));
#11298=CARTESIAN_POINT('',(12.5,2.398,11.3));
#11299=CARTESIAN_POINT('',(14.1,2.398,11.3));
#11300=CARTESIAN_POINT('',(12.5,2.398,0.5));
#11301=CARTESIAN_POINT('',(12.5,2.398,5.5));
#11302=CARTESIAN_POINT('',(14.1,2.398,5.5));
#11303=CARTESIAN_POINT('',(1.16699851673842,-4.38786852292057,11.5));
#11304=CARTESIAN_POINT('',(-1.49077798716757E-15,-3.9450417228136,11.7));
#11305=CARTESIAN_POINT('',(-1.44752696273254E-15,-3.4831615074619,11.3));
#11306=CARTESIAN_POINT('',(-8.67361737988404E-16,-3.4831615074619,11.3));
#11307=CARTESIAN_POINT('',(-2.8,-1.86658075373095,11.3));
#11308=CARTESIAN_POINT('',(-3.2,-2.0975208614068,11.7));
#11309=CARTESIAN_POINT('',(-2.56699851673843,-5.19615889978605,11.5));
#11310=CARTESIAN_POINT('',(3.2,-2.09752086140679,11.7));
#11311=CARTESIAN_POINT('',(2.8,-1.86658075373095,11.3));
#11312=CARTESIAN_POINT('',(2.8,-1.86658075373095,11.3));
#11313=CARTESIAN_POINT('',(3.,-8.83404037686547,11.5));
#11314=CARTESIAN_POINT('',(3.2,1.59752086140681,11.7));
#11315=CARTESIAN_POINT('',(2.8,1.36658075373095,11.3));
#11316=CARTESIAN_POINT('',(2.8,-8.83404037686547,11.3));
#11317=CARTESIAN_POINT('',(5.56699851673842,-6.4770794134042E-6,11.5));
#11318=CARTESIAN_POINT('',(-1.95156391047391E-15,2.9831615074619,11.3));
#11319=CARTESIAN_POINT('',(-1.59373195608392E-15,2.9831615074619,11.3));
#11320=CARTESIAN_POINT('',(-1.0842021724855E-15,3.44504172281361,11.7));
#11321=CARTESIAN_POINT('',(-4.16699851673843,0.808283899786049,11.5));
#11322=CARTESIAN_POINT('',(-2.8,1.36658075373095,11.3));
#11323=CARTESIAN_POINT('',(-2.8,1.36658075373095,11.3));
#11324=CARTESIAN_POINT('',(-3.2,1.5975208614068,11.7));
#11325=CARTESIAN_POINT('',(-3.,-7.21745962313452,11.5));
#11326=CARTESIAN_POINT('',(-2.8,-7.21745962313452,11.3));
#11327=CARTESIAN_POINT('',(-1.66533453693773E-15,2.9831615074619,4.5));
#11328=CARTESIAN_POINT('',(-2.8,1.36658075373095,4.5));
#11329=CARTESIAN_POINT('',(-2.8,1.36658075373095,4.5));
#11330=CARTESIAN_POINT('',(-1.74677544793459E-15,2.9831615074619,4.5));
#11331=CARTESIAN_POINT('',(-1.64653798644009E-15,2.9831615074619,4.5));
#11332=CARTESIAN_POINT('',(-1.70422917658612E-15,2.9831615074619,4.5));
#11333=CARTESIAN_POINT('',(-2.8,1.36658075373095,4.5));
#11334=CARTESIAN_POINT('',(-2.8,-1.86658075373095,4.5));
#11335=CARTESIAN_POINT('',(-2.8,-1.86658075373095,4.5));
#11336=CARTESIAN_POINT('',(-2.8,-0.25,4.5));
#11337=CARTESIAN_POINT('',(-2.8,-1.86658075373095,4.5));
#11338=CARTESIAN_POINT('',(-5.91535276992276E-16,-3.4831615074619,4.5));
#11339=CARTESIAN_POINT('',(-2.7538865598924E-16,-3.4831615074619,4.5));
#11340=CARTESIAN_POINT('',(-2.8,-1.86658075373095,4.5));
#11341=CARTESIAN_POINT('',(-20.95,-24.5000000000255,11.5));
#11342=CARTESIAN_POINT('',(-20.95,-24.5000000000255,11.3));
#11343=CARTESIAN_POINT('',(-19.7,-24.5000000000255,11.3));
#11344=CARTESIAN_POINT('',(-20.95,-24.5000000000255,0.5));
#11345=CARTESIAN_POINT('',(-20.95,-24.5000000000255,4.3));
#11346=CARTESIAN_POINT('',(-19.7,-24.5000000000255,4.3));
#11347=CARTESIAN_POINT('',(-20.95,-25.7500000000255,4.3));
#11348=CARTESIAN_POINT('',(-20.95,-24.5000000000255,4.3));
#11349=CARTESIAN_POINT('',(-22.2,-24.5000000000255,4.3));
#11350=CARTESIAN_POINT('',(-20.95,-24.5000000000255,4.3));
#11351=CARTESIAN_POINT('',(-20.95,-23.2500000000255,4.3));
#11352=CARTESIAN_POINT('',(-20.95,-24.5000000000255,4.3));
#11353=CARTESIAN_POINT('',(-11.5429442933174,-20.7670645294227,11.5));
#11354=CARTESIAN_POINT('',(-20.95,-15.1049582772119,11.7));
#11355=CARTESIAN_POINT('',(-20.95,-15.5668384925636,11.3));
#11356=CARTESIAN_POINT('',(-20.95,-15.5668384925636,11.3));
#11357=CARTESIAN_POINT('',(-18.15,-17.1834192462945,11.3));
#11358=CARTESIAN_POINT('',(-17.75,-16.9524791386187,11.7));
#11359=CARTESIAN_POINT('',(-23.95,-16.4924596231473,11.5));
#11360=CARTESIAN_POINT('',(-23.75,-16.4924596231473,11.3));
#11361=CARTESIAN_POINT('',(-23.75,-20.4165807537564,11.3));
#11362=CARTESIAN_POINT('',(-23.75,-17.1834192462945,11.3));
#11363=CARTESIAN_POINT('',(-23.75,-17.1834192462945,11.3));
#11364=CARTESIAN_POINT('',(-24.15,-20.6475208614323,11.7));
#11365=CARTESIAN_POINT('',(-13.2445557066826,-10.8871580479152,11.5));
#11366=CARTESIAN_POINT('',(-23.75,-17.1834192462945,11.3));
#11367=CARTESIAN_POINT('',(-15.9429442933174,-25.1549265752639,11.5));
#11368=CARTESIAN_POINT('',(-20.95,-22.0331615074874,11.3));
#11369=CARTESIAN_POINT('',(-20.95,-22.0331615074874,11.3));
#11370=CARTESIAN_POINT('',(-20.95,-22.4950417228391,11.7));
#11371=CARTESIAN_POINT('',(-11.6445557066826,-16.8916008474874,11.5));
#11372=CARTESIAN_POINT('',(-18.15,-20.4165807537564,11.3));
#11373=CARTESIAN_POINT('',(-18.15,-20.4165807537564,11.3));
#11374=CARTESIAN_POINT('',(-17.75,-20.6475208614323,11.7));
#11375=CARTESIAN_POINT('',(-17.95,-18.1090403768782,11.5));
#11376=CARTESIAN_POINT('',(-18.15,-18.1090403768782,11.3));
#11377=CARTESIAN_POINT('',(-18.15,-17.1834192462945,4.5));
#11378=CARTESIAN_POINT('',(-20.95,-15.5668384925636,4.5));
#11379=CARTESIAN_POINT('',(-20.95,-15.5668384925636,4.5));
#11380=CARTESIAN_POINT('',(-18.15,-17.1834192462945,4.5));
#11381=CARTESIAN_POINT('',(-18.15,-17.1834192462945,4.5));
#11382=CARTESIAN_POINT('',(-18.15,-17.1834192462945,4.5));
#11383=CARTESIAN_POINT('',(-20.95,-15.5668384925636,4.5));
#11384=CARTESIAN_POINT('',(-23.75,-17.1834192462945,4.5));
#11385=CARTESIAN_POINT('',(-23.75,-17.1834192462945,4.5));
#11386=CARTESIAN_POINT('',(-20.95,-15.5668384925636,4.5));
#11387=CARTESIAN_POINT('',(-23.75,-17.1834192462945,4.5));
#11388=CARTESIAN_POINT('',(-23.75,-20.4165807537564,4.5));
#11389=CARTESIAN_POINT('',(-23.75,-20.4165807537564,4.5));
#11390=CARTESIAN_POINT('',(-23.75,-18.8000000000255,4.5));
#11391=CARTESIAN_POINT('',(10.3936118134626,-15.880905472028,11.5));
#11392=CARTESIAN_POINT('',(20.8626626969564,-22.4940094110626,11.7));
#11393=CARTESIAN_POINT('',(20.8735798598369,-22.0322582346829,11.3));
#11394=CARTESIAN_POINT('',(20.8735798598369,-22.032258234683,11.3));
#11395=CARTESIAN_POINT('',(18.1125721871135,-20.349947334612,11.3));
#11396=CARTESIAN_POINT('',(17.7072253567012,-20.57136838241,11.7));
#11397=CARTESIAN_POINT('',(23.9596315887165,-18.4280828134375,11.5));
#11398=CARTESIAN_POINT('',(23.7874278128864,-17.2500526654388,11.3));
#11399=CARTESIAN_POINT('',(23.7874278128864,-17.2500526654388,11.3));
#11400=CARTESIAN_POINT('',(23.7110076727232,-20.4823109000963,11.3));
#11401=CARTESIAN_POINT('',(23.7110076727232,-20.4823109000963,11.3));
#11402=CARTESIAN_POINT('',(24.1927746432988,-17.0286316176407,11.7));
#11403=CARTESIAN_POINT('',(14.2418864762637,-25.8827201690938,11.5));
#11404=CARTESIAN_POINT('',(23.7110076727232,-20.4823109000963,11.3));
#11405=CARTESIAN_POINT('',(14.89609559952,-11.5982692407306,11.5));
#11406=CARTESIAN_POINT('',(21.0264201401632,-15.567741765368,11.3));
#11407=CARTESIAN_POINT('',(21.0264201401632,-15.567741765368,11.3));
#11408=CARTESIAN_POINT('',(21.0373373030436,-15.1059905889884,11.7));
#11409=CARTESIAN_POINT('',(12.7842565978211,-19.8421367145916,11.5));
#11410=CARTESIAN_POINT('',(18.1889923272768,-17.1176890999547,11.3));
#11411=CARTESIAN_POINT('',(18.1889923272768,-17.1176890999547,11.3));
#11412=CARTESIAN_POINT('',(17.7945626597449,-16.8773589713731,11.7));
#11413=CARTESIAN_POINT('',(17.9995179242164,-16.6701355902333,11.5));
#11414=CARTESIAN_POINT('',(18.1125721871135,-20.349947334612,11.3));
#11415=CARTESIAN_POINT('',(18.1125721871135,-20.349947334612,4.5));
#11416=CARTESIAN_POINT('',(20.8735798598369,-22.0322582346829,4.5));
#11417=CARTESIAN_POINT('',(20.8735798598369,-22.0322582346829,4.5));
#11418=CARTESIAN_POINT('',(18.1125721871135,-20.349947334612,4.5));
#11419=CARTESIAN_POINT('',(18.1125721871135,-20.349947334612,4.5));
#11420=CARTESIAN_POINT('',(18.1125721871135,-20.349947334612,4.5));
#11421=CARTESIAN_POINT('',(20.8735798598369,-22.0322582346829,4.5));
#11422=CARTESIAN_POINT('',(23.7110076727232,-20.4823109000963,4.5));
#11423=CARTESIAN_POINT('',(23.7110076727232,-20.4823109000963,4.5));
#11424=CARTESIAN_POINT('',(20.8735798598369,-22.0322582346829,4.5));
#11425=CARTESIAN_POINT('',(23.7110076727232,-20.4823109000963,4.5));
#11426=CARTESIAN_POINT('',(23.7874278128864,-17.2500526654388,4.5));
#11427=CARTESIAN_POINT('',(23.7874278128864,-17.2500526654388,4.5));
#11428=CARTESIAN_POINT('',(23.7110076727232,-20.4823109000963,4.5));
#11429=CARTESIAN_POINT('',(20.95,-24.5000000000255,11.5));
#11430=CARTESIAN_POINT('',(20.95,-24.5000000000255,11.3));
#11431=CARTESIAN_POINT('',(22.2,-24.5000000000255,11.3));
#11432=CARTESIAN_POINT('',(20.95,-24.5000000000255,0.5));
#11433=CARTESIAN_POINT('',(20.95,-24.5000000000255,4.3));
#11434=CARTESIAN_POINT('',(22.2,-24.5000000036675,4.3));
#11435=CARTESIAN_POINT('',(20.95,-25.7500000000255,4.3));
#11436=CARTESIAN_POINT('',(20.95,-24.5000000000255,4.3));
#11437=CARTESIAN_POINT('',(19.7,-24.5000000000255,4.3));
#11438=CARTESIAN_POINT('',(20.95,-24.5000000000255,4.3));
#11439=CARTESIAN_POINT('',(20.95,-23.2500000000255,4.3));
#11440=CARTESIAN_POINT('',(20.95,-24.5000000000255,4.3));
#11441=CARTESIAN_POINT('',(4.03050865276332,-4.28050865276332,11.5));
#11442=CARTESIAN_POINT('',(4.03050865276332,-4.28050865276332,11.3));
#11443=CARTESIAN_POINT('',(5.28050865276332,-4.28050865276332,11.3));
#11444=CARTESIAN_POINT('',(4.03050865276332,-4.28050865276332,3.9));
#11445=CARTESIAN_POINT('',(4.03050865276332,-4.28050865276332,4.3));
#11446=CARTESIAN_POINT('',(2.78050865276332,-4.28050865276332,4.3));
#11447=CARTESIAN_POINT('',(4.03050867182409,-3.03050865276332,4.3));
#11448=CARTESIAN_POINT('',(4.03050865276332,-4.28050865276332,4.3));
#11449=CARTESIAN_POINT('',(5.28050865276332,-4.28050863892661,4.3));
#11450=CARTESIAN_POINT('',(4.03050865276332,-4.28050865276332,4.3));
#11451=CARTESIAN_POINT('',(4.0305086389266,-5.53050865276332,4.3));
#11452=CARTESIAN_POINT('',(4.03050865276332,-4.28050865276332,4.3));
#11453=CARTESIAN_POINT('',(-4.03050865276332,-4.28050865276332,11.5));
#11454=CARTESIAN_POINT('',(-4.03050865276332,-4.28050865276332,11.3));
#11455=CARTESIAN_POINT('',(-2.78050865276332,-4.28050865276332,11.3));
#11456=CARTESIAN_POINT('',(-4.03050865276332,-4.28050865276332,3.9));
#11457=CARTESIAN_POINT('',(-4.03050865276332,-4.28050865276332,4.3));
#11458=CARTESIAN_POINT('',(-4.03050865276332,-3.03050865276332,4.3));
#11459=CARTESIAN_POINT('',(-2.78050865276332,-4.28050867182409,4.3));
#11460=CARTESIAN_POINT('',(-4.03050865276332,-4.28050865276332,4.3));
#11461=CARTESIAN_POINT('',(-4.03050863892661,-5.53050865276332,4.3));
#11462=CARTESIAN_POINT('',(-4.03050865276332,-4.28050865276332,4.3));
#11463=CARTESIAN_POINT('',(-5.28050865276332,-4.28050863892661,4.3));
#11464=CARTESIAN_POINT('',(-4.03050865276332,-4.28050865276332,4.3));
#11465=CARTESIAN_POINT('',(14.9000000000008,-18.6443038123143,11.5));
#11466=CARTESIAN_POINT('',(15.1,-17.7920659018139,11.7));
#11467=CARTESIAN_POINT('',(14.6999999999994,-28.1238214996699,11.3));
#11468=CARTESIAN_POINT('',(12.8999999999982,-27.2499183105246,11.5));
#11469=CARTESIAN_POINT('',(13.0999999999976,-30.2895069246203,11.7));
#11470=CARTESIAN_POINT('',(3.59045362892499,-11.3779663138913,11.5));
#11471=CARTESIAN_POINT('',(4.37502725425529,-11.5999999999994,11.7));
#11472=CARTESIAN_POINT('',(4.26784757728274,-11.9999999999994,11.3));
#11473=CARTESIAN_POINT('',(4.26784757728275,-11.9999999999994,11.3));
#11474=CARTESIAN_POINT('',(-2.13392378864999,-11.7999999999994,11.5));
#11475=CARTESIAN_POINT('',(-4.37502725427253,-11.5999999999994,11.7));
#11476=CARTESIAN_POINT('',(-4.26784757729999,-11.9999999999994,11.3));
#11477=CARTESIAN_POINT('',(-2.13392378864999,-11.9999999999994,11.3));
#11478=CARTESIAN_POINT('',(-8.8065298402862,-14.3894693186278,11.5));
#11479=CARTESIAN_POINT('',(-15.1000000000008,-17.7920659018042,11.7));
#11480=CARTESIAN_POINT('',(-14.7000000000009,-18.02300600948,11.3));
#11481=CARTESIAN_POINT('',(-14.8999999999982,-31.6507500000018,11.5));
#11482=CARTESIAN_POINT('',(-15.0999999999983,-28.2895069246225,11.7));
#11483=CARTESIAN_POINT('',(10.5612942811008,-17.8390037223223,11.5));
#11484=CARTESIAN_POINT('',(25.5000000000006,-8.98319784647907,11.3));
#11485=CARTESIAN_POINT('',(25.5000000000006,-8.98319784647909,11.3));
#11486=CARTESIAN_POINT('',(15.7102141655129,-14.6353333333395,11.2999999999996));
#11487=CARTESIAN_POINT('',(15.7102141655125,-14.6353333333393,11.2999999999992));
#11488=CARTESIAN_POINT('',(25.3535898384868,-9.52960800799226,11.7));
#11489=CARTESIAN_POINT('',(11.3149107028176,1.88475134594822,11.5));
#11490=CARTESIAN_POINT('',(11.3149107028176,1.68475134594822,11.3));
#11491=CARTESIAN_POINT('',(17.5,1.68475134594822,11.3));
#11492=CARTESIAN_POINT('',(22.6298214056353,1.68475134594821,11.3));
#11493=CARTESIAN_POINT('',(22.6298214056353,1.68475134594821,11.3));
#11494=CARTESIAN_POINT('',(17.3928203230275,2.08475134594822,11.7));
#11495=CARTESIAN_POINT('',(22.4298214056366,-0.662661444524675,11.5));
#11496=CARTESIAN_POINT('',(22.629821405636,-0.662661444524675,11.3000000000006));
#11497=CARTESIAN_POINT('',(22.6298214056315,14.4761771109365,11.2999999999971));
#11498=CARTESIAN_POINT('',(22.6298214056277,14.4761771109376,11.3));
#11499=CARTESIAN_POINT('',(-14.5612942811004,-15.5296026455545,11.5));
#11500=CARTESIAN_POINT('',(-15.710214165503,-15.0972135486909,11.7));
#11501=CARTESIAN_POINT('',(-15.7102141655044,-14.63533333334,11.3));
#11502=CARTESIAN_POINT('',(-15.7102141655044,-14.63533333334,11.3));
#11503=CARTESIAN_POINT('',(-25.5,-8.98319784647285,11.3));
#11504=CARTESIAN_POINT('',(-25.5,-8.98319784647284,11.3));
#11505=CARTESIAN_POINT('',(24.2003639757194,12.6227918283709,11.5));
#11506=CARTESIAN_POINT('',(22.6298214056278,14.4761771109376,11.3));
#11507=CARTESIAN_POINT('',(22.2298214056281,14.8761771109374,11.3));
#11508=CARTESIAN_POINT('',(22.2298214056281,14.8761771109374,11.3));
#11509=CARTESIAN_POINT('',(-7.47136634303316,-10.1095724329,11.5));
#11510=CARTESIAN_POINT('',(-10.3102141655033,-11.9795220950672,11.7));
#11511=CARTESIAN_POINT('',(-10.7102141655047,-11.7485819873907,11.2999999999987));
#11512=CARTESIAN_POINT('',(-10.7102141655034,-11.7485819873915,11.3));
#11513=CARTESIAN_POINT('',(-10.510214165505,-9.01841666666925,11.5));
#11514=CARTESIAN_POINT('',(-10.310214165509,-2.00439322565685,11.7));
#11515=CARTESIAN_POINT('',(-10.7102141655084,-2.23533333333285,11.3));
#11516=CARTESIAN_POINT('',(-10.7102141655069,-9.01841666666925,11.2999999999981));
#11517=CARTESIAN_POINT('',(-4.55161552935969,-5.56006180606673,11.5));
#11518=CARTESIAN_POINT('',(-17.3928203230236,2.08475134594633,11.7));
#11519=CARTESIAN_POINT('',(-17.4999999999959,1.68475134594642,11.2999999999994));
#11520=CARTESIAN_POINT('',(-17.5,1.68475134594883,11.3));
#11521=CARTESIAN_POINT('',(-22.4298257359514,-7.05837432703761,11.5));
#11522=CARTESIAN_POINT('',(-22.2298257359699,14.310491685986,11.7));
#11523=CARTESIAN_POINT('',(-22.6298257359701,14.4761771109364,11.3));
#11524=CARTESIAN_POINT('',(-22.6298257359607,-7.05837432703761,11.2999999999907));
#11525=CARTESIAN_POINT('',(-22.6298257359617,1.68475134594126,11.2999999999972));
#11526=CARTESIAN_POINT('',(-22.629825735959,1.68475134594401,11.3));
#11527=CARTESIAN_POINT('',(-11.1149128679834,14.6761771109364,11.5));
#11528=CARTESIAN_POINT('',(-5.58308546675447,14.4761771109366,11.7));
#11529=CARTESIAN_POINT('',(-5.35214535907862,14.8761771109366,11.3));
#11530=CARTESIAN_POINT('',(-11.1149128679834,14.8761771109366,11.2999999999998));
#11531=CARTESIAN_POINT('',(-22.2298257359656,14.8761771109363,11.2999999999999));
#11532=CARTESIAN_POINT('',(-22.2298257359658,14.8761771109361,11.3));
#11533=CARTESIAN_POINT('',(2.47152290416189,0.925186177439767,11.5));
#11534=CARTESIAN_POINT('',(-4.21119897211301,12.1,11.7));
#11535=CARTESIAN_POINT('',(-3.98025886443716,12.5,11.3));
#11536=CARTESIAN_POINT('',(-3.98025886443716,12.5,11.3));
#11537=CARTESIAN_POINT('',(-1.50111069989303,12.3,11.5));
#11538=CARTESIAN_POINT('',(-1.50111069989303,12.5,11.3));
#11539=CARTESIAN_POINT('',(-3.00222139978605,12.5,11.3));
#11540=CARTESIAN_POINT('',(-3.2331615074619,12.1,11.7));
#11541=CARTESIAN_POINT('',(4.07786103567815,-0.163062499999997,11.5));
#11542=CARTESIAN_POINT('',(-1.50111069989304,9.9,11.3));
#11543=CARTESIAN_POINT('',(-1.50111069989303,9.9,11.3));
#11544=CARTESIAN_POINT('',(-1.73205080756888,9.5,11.7));
#11545=CARTESIAN_POINT('',(-24.4003672234117,12.4227929110415,11.5));
#11546=CARTESIAN_POINT('',(-22.2298257359658,14.8761771109361,11.3));
#11547=CARTESIAN_POINT('',(0.750555349946508,9.7,11.5));
#11548=CARTESIAN_POINT('',(0.750555349946508,9.9,11.3));
#11549=CARTESIAN_POINT('',(1.50111069989303,9.9,11.3));
#11550=CARTESIAN_POINT('',(1.73205080756888,9.5,11.7));
#11551=CARTESIAN_POINT('',(-3.32730568573164,1.1369375,11.5));
#11552=CARTESIAN_POINT('',(3.00222139978606,12.5,11.3));
#11553=CARTESIAN_POINT('',(3.00222139978605,12.5,11.3));
#11554=CARTESIAN_POINT('',(3.2331615074619,12.1,11.7));
#11555=CARTESIAN_POINT('',(-8.75000000000177,1.88475134595017,11.5));
#11556=CARTESIAN_POINT('',(-8.75000000000186,1.68475134594402,11.2999999999938));
#11557=CARTESIAN_POINT('',(1.99012943221858,12.3,11.5));
#11558=CARTESIAN_POINT('',(1.99012943221858,12.5,11.3));
#11559=CARTESIAN_POINT('',(3.98025886443716,12.5,11.3));
#11560=CARTESIAN_POINT('',(4.21119897211301,12.1,11.7));
#11561=CARTESIAN_POINT('',(-1.78557965684106,2.11327473290821,11.5));
#11562=CARTESIAN_POINT('',(5.35214535907881,14.8761771109369,11.3));
#11563=CARTESIAN_POINT('',(5.35214535907867,14.8761771109371,11.2999999999997));
#11564=CARTESIAN_POINT('',(5.58308546675466,14.4761771109369,11.7));
#11565=CARTESIAN_POINT('',(-11.1149128679834,14.6761771109364,11.5));
#11566=CARTESIAN_POINT('',(-11.1149128679834,14.8761771109374,11.299999999999));
#11567=CARTESIAN_POINT('',(-23.6155006381452,-6.11914920491371,11.5));
#11568=CARTESIAN_POINT('',(-25.5,-8.98319784647285,11.3));
#11569=CARTESIAN_POINT('',(7.05161552936228,-4.11668613309549,11.5));
#11570=CARTESIAN_POINT('',(10.7102141655122,-2.23533333333333,11.3));
#11571=CARTESIAN_POINT('',(10.7102141655123,-2.2353333333334,11.2999999999999));
#11572=CARTESIAN_POINT('',(10.3102141655122,-2.00439322565749,11.7));
#11573=CARTESIAN_POINT('',(10.5102141655128,-13.7750409936952,11.5));
#11574=CARTESIAN_POINT('',(10.7102141655127,-13.7750409936952,11.3));
#11575=CARTESIAN_POINT('',(10.7102141655127,-11.7485819873909,11.3));
#11576=CARTESIAN_POINT('',(10.3102141655127,-11.9795220950668,11.7));
#11577=CARTESIAN_POINT('',(-12.8999999999955,-22.9626607498352,11.5));
#11578=CARTESIAN_POINT('',(-12.6999999999955,-30.1238214996703,11.3));
#11579=CARTESIAN_POINT('',(9.46625926028274,-11.2613243956725,11.5));
#11580=CARTESIAN_POINT('',(15.7102141655121,-14.6353333333386,11.3));
#11581=CARTESIAN_POINT('',(-14.2470017311439,-28.8596624810003,11.5));
#11582=CARTESIAN_POINT('',(-12.6999999999955,-30.1238214996703,11.3));
#11583=CARTESIAN_POINT('',(24.3655006381434,-7.41818731059064,11.5));
#11584=CARTESIAN_POINT('',(26.999999999999,-11.5812740578256,11.3));
#11585=CARTESIAN_POINT('',(13.247001731152,-29.8596624809913,11.5));
#11586=CARTESIAN_POINT('',(14.6999999999994,-28.1238214996699,11.3));
#11587=CARTESIAN_POINT('',(12.6999999999976,-30.123821499671,11.7));
#11588=CARTESIAN_POINT('',(12.6999999999976,-30.123821499671,6.4));
#11589=CARTESIAN_POINT('',(4.26784757728276,-11.9999999999994,5.6));
#11590=CARTESIAN_POINT('',(4.26784757728276,-11.9999999999994,5.6));
#11591=CARTESIAN_POINT('',(4.26784757728278,-11.9999999999994,5.6));
#11592=CARTESIAN_POINT('',(4.26784757728276,-11.9999999999994,5.6));
#11593=CARTESIAN_POINT('',(-4.26784757729998,-11.9999999999994,5.6));
#11594=CARTESIAN_POINT('',(-4.2678475773,-11.9999999999993,5.6));
#11595=CARTESIAN_POINT('',(-4.26784757730013,-11.9999999999994,5.59999999999636));
#11596=CARTESIAN_POINT('',(-4.26784757729998,-11.9999999999994,5.6));
#11597=CARTESIAN_POINT('',(-14.7000000000009,-18.0230060094799,5.6));
#11598=CARTESIAN_POINT('',(-14.7000000000009,-18.0230060094799,5.6));
#11599=CARTESIAN_POINT('',(-14.6999999999982,-28.123821499673,11.7));
#11600=CARTESIAN_POINT('',(-14.6999999999998,-28.1238214996715,6.4));
#11601=CARTESIAN_POINT('',(-27.000000000052,5.25077674975197,0.5));
#11602=CARTESIAN_POINT('',(-27.0000000000317,-11.5812740578771,7.1));
#11603=CARTESIAN_POINT('',(-27.0000000000302,-11.5812740578745,11.2134867397523));
#11604=CARTESIAN_POINT('',(-27.0000000000287,-13.7492221782569,7.49999892799374));
#11605=CARTESIAN_POINT('',(-27.0000000000078,-9.44922325026318,7.49999892799374));
#11606=CARTESIAN_POINT('',(-26.9999999999869,-9.44922325026318,0.5));
#11607=CARTESIAN_POINT('',(-27.000000000016,-9.44922325026318,7.1));
#11608=CARTESIAN_POINT('',(-27.0000000000452,-28.2415989232364,7.1));
#11609=CARTESIAN_POINT('',(-27.0000000000452,3.72617671904215,7.1));
#11610=CARTESIAN_POINT('',(-27.0000000000452,3.72617671904215,0.5));
#11611=CARTESIAN_POINT('',(-27.0000000000452,3.72617671904215,3.7));
#11612=CARTESIAN_POINT('',(-27.0000000000452,3.72617671904214,3.7));
#11613=CARTESIAN_POINT('',(-27.0000000000475,4.22617671904214,3.2));
#11614=CARTESIAN_POINT('',(-27.000000000052,5.25077674975197,3.2));
#11615=CARTESIAN_POINT('',(-27.000000000052,5.25077674975197,3.2));
#11616=CARTESIAN_POINT('',(-27.000000000052,5.25077674975197,0.5));
#11617=CARTESIAN_POINT('',(-27.0000000000495,5.25077674975052,0.899999999997503));
#11618=CARTESIAN_POINT('',(-27.0000000000237,-5.2753616251829,0.900000000018298));
#11619=CARTESIAN_POINT('',(-27.000000000042,2.99999999999479,0.899999999999977));
#11620=CARTESIAN_POINT('',(-27.000000000042,2.99999999999468,0.5));
#11621=CARTESIAN_POINT('',(-27.000000000042,2.99999999999468,1.9));
#11622=CARTESIAN_POINT('',(-27.000000000052,5.25077674975197,1.9));
#11623=CARTESIAN_POINT('',(-27.0000000000155,-2.98956518577405,1.9));
#11624=CARTESIAN_POINT('',(-27.0000000000155,-2.98956518577405,0.5));
#11625=CARTESIAN_POINT('',(-27.0000000000571,-13.7492221782569,7.49999892799374));
#11626=CARTESIAN_POINT('',(-27.0000000000571,-13.7492221782569,5.19999892799374));
#11627=CARTESIAN_POINT('',(-25.5,-8.98319784647285,7.1));
#11628=CARTESIAN_POINT('',(-25.5,-8.98319784647285,7.3));
#11629=CARTESIAN_POINT('',(-25.5,-8.98319784647284,7.1));
#11630=CARTESIAN_POINT('',(-25.7690598923279,-9.44922325026318,7.1));
#11631=CARTESIAN_POINT('',(-25.769059892328,-9.44922325026317,7.1));
#11632=CARTESIAN_POINT('',(-25.769059892328,-9.44922325026316,7.1));
#11633=CARTESIAN_POINT('',(-25.769059892328,-9.44922325026317,7.49999892799373));
#11634=CARTESIAN_POINT('',(-25.7690598923279,-9.44922325026316,7.49999892799373));
#11635=CARTESIAN_POINT('',(-25.7690598923279,-9.44922325026316,8.21366770376397));
#11636=CARTESIAN_POINT('',(-25.9907411933169,-9.83318652666335,9.74833994777186));
#11637=CARTESIAN_POINT('',(-26.6441641306514,-10.9649482529559,10.8536734219106));
#11638=CARTESIAN_POINT('',(-27.0000000000317,-11.5812740578772,11.2134867397541));
#11639=CARTESIAN_POINT('',(-25.5,-8.98319784647285,7.3));
#11640=CARTESIAN_POINT('',(-15.7102141655044,-14.6353333333401,7.3));
#11641=CARTESIAN_POINT('',(-15.7102141655027,-14.6353333333391,5.6));
#11642=CARTESIAN_POINT('',(-16.6339745962068,-14.1020000000061,4.));
#11643=CARTESIAN_POINT('',(-16.6339745962069,-14.1020000000061,4.));
#11644=CARTESIAN_POINT('',(-25.5,-8.98319784647286,4.));
#11645=CARTESIAN_POINT('',(-25.5000000000087,-8.9831978464779,4.00000000000876));
#11646=CARTESIAN_POINT('',(-25.5,-8.98319784647286,0.5));
#11647=CARTESIAN_POINT('',(-10.7102141655034,-11.7485819873915,5.6));
#11648=CARTESIAN_POINT('',(-10.7102141655034,-11.7485819873915,5.6));
#11649=CARTESIAN_POINT('',(-10.7102141655034,-11.7485819873915,5.6));
#11650=CARTESIAN_POINT('',(-15.7102141655011,-14.6353333333381,5.6));
#11651=CARTESIAN_POINT('',(-10.7102141655088,-2.23533333333262,5.6));
#11652=CARTESIAN_POINT('',(-10.710214165508,-2.2353333333331,2.5));
#11653=CARTESIAN_POINT('',(-10.7102141655074,-2.23533333333343,5.60000000000097));
#11654=CARTESIAN_POINT('',(-10.7102141655039,-10.3082133967006,5.6000000000003));
#11655=CARTESIAN_POINT('',(-12.4999999999963,-1.202,2.5));
#11656=CARTESIAN_POINT('',(-17.5,1.68475134594629,11.7));
#11657=CARTESIAN_POINT('',(-17.5000000000003,1.68475134594803,3.99999999999945));
#11658=CARTESIAN_POINT('',(-11.6339745962117,-1.70199999999988,4.));
#11659=CARTESIAN_POINT('',(-11.6339745962116,-1.70199999999989,4.));
#11660=CARTESIAN_POINT('',(-10.710214165508,-2.2353333333331,5.6));
#11661=CARTESIAN_POINT('',(-17.4999999999956,1.68475134594629,11.7));
#11662=CARTESIAN_POINT('',(-22.629825735959,1.68475134594402,11.7));
#11663=CARTESIAN_POINT('',(-22.629825735959,1.68475134594482,2.5));
#11664=CARTESIAN_POINT('',(-14.9999999999929,1.68475134594562,2.5));
#11665=CARTESIAN_POINT('',(-19.,1.68475134594722,2.5));
#11666=CARTESIAN_POINT('',(-18.25,1.68475134594882,3.25));
#11667=CARTESIAN_POINT('',(-22.629825735959,1.684751345944,11.7));
#11668=CARTESIAN_POINT('',(-22.6298257359701,14.4761771109364,11.7));
#11669=CARTESIAN_POINT('',(-22.6298257359664,14.47617711094,3.99999999999514));
#11670=CARTESIAN_POINT('',(-22.6298257359627,20.1833927922085,3.99999999999335));
#11671=CARTESIAN_POINT('',(-22.6298257359691,25.4906084734796,3.9999999999916));
#11672=CARTESIAN_POINT('',(-22.6298257359796,25.4906084734817,11.7));
#11673=CARTESIAN_POINT('',(-22.6298257359642,7.77389803746799,0.899999999999989));
#11674=CARTESIAN_POINT('',(-22.6298257359642,7.773898037468,0.9));
#11675=CARTESIAN_POINT('',(-22.6298257359642,7.77389803746802,0.5));
#11676=CARTESIAN_POINT('',(-22.6298257359616,7.77389803746953,2.5));
#11677=CARTESIAN_POINT('',(-22.629825735959,-5.95862432702946,2.5));
#11678=CARTESIAN_POINT('',(-22.62982573596,8.32617564703586,7.49999892799374));
#11679=CARTESIAN_POINT('',(-22.62982573596,8.32617564703586,5.19999892799374));
#11680=CARTESIAN_POINT('',(-22.62982573597,14.4761771109364,11.7));
#11681=CARTESIAN_POINT('',(-22.2298257359658,14.8761771109361,11.7));
#11682=CARTESIAN_POINT('',(-22.2298257359658,14.8761771109361,3.9999999999951));
#11683=CARTESIAN_POINT('',(-22.62982573597,14.4761771109364,3.9999999999951));
#11684=CARTESIAN_POINT('',(-22.2298257359658,14.8761771109361,11.7));
#11685=CARTESIAN_POINT('',(-5.35214535907862,14.8761771109366,11.7));
#11686=CARTESIAN_POINT('',(-5.35214535907862,14.8761771109366,3.99999999999549));
#11687=CARTESIAN_POINT('',(-22.2298257359658,14.8761771109361,3.9999999999951));
#11688=CARTESIAN_POINT('',(16.2499990749384,-32.1238214996713,11.5));
#11689=CARTESIAN_POINT('',(16.2499990749384,-32.1238214996713,11.3));
#11690=CARTESIAN_POINT('',(18.5499990749384,-32.1238214996713,11.3));
#11691=CARTESIAN_POINT('',(18.394824232461,-33.7638796937158,11.7000121918603));
#11692=CARTESIAN_POINT('',(18.6356033425121,-33.3395094184739,11.6335077312075));
#11693=CARTESIAN_POINT('',(18.8169549922564,-32.8852466792418,11.6334928754518));
#11694=CARTESIAN_POINT('',(18.9346291893258,-32.4116182771352,11.7000121918603));
#11695=CARTESIAN_POINT('',(16.2499990749384,-32.1238214996713,9.35));
#11696=CARTESIAN_POINT('',(16.2499990749384,-32.1238214996713,7.));
#11697=CARTESIAN_POINT('',(13.9499990749384,-32.1238214996713,7.));
#11698=CARTESIAN_POINT('',(15.4999965595205,11.1758718025018,11.5));
#11699=CARTESIAN_POINT('',(15.4999965595205,11.1758718025018,11.3));
#11700=CARTESIAN_POINT('',(17.7999965595205,11.1758718025018,11.3));
#11701=CARTESIAN_POINT('',(15.4999965595205,11.1758718025018,9.35));
#11702=CARTESIAN_POINT('',(15.4999965595205,11.1758718025018,7.));
#11703=CARTESIAN_POINT('',(13.1999965595205,11.1758718025018,7.));
#11704=CARTESIAN_POINT('',(-15.5000008898579,11.1758718025009,11.5));
#11705=CARTESIAN_POINT('',(-15.5000008898579,11.1758718025009,11.3));
#11706=CARTESIAN_POINT('',(-13.2000008898579,11.1758718025009,11.3));
#11707=CARTESIAN_POINT('',(-15.5000008898579,11.1758718025009,9.35));
#11708=CARTESIAN_POINT('',(-15.5000008898579,11.1758718025009,7.));
#11709=CARTESIAN_POINT('',(-17.8000008898579,11.1758718025009,7.));
#11710=CARTESIAN_POINT('',(-16.2500034052733,-32.1238214996723,9.35));
#11711=CARTESIAN_POINT('',(-16.2500034052733,-32.1238214996723,7.));
#11712=CARTESIAN_POINT('',(-18.5500034052733,-32.1238214996723,7.));
#11713=CARTESIAN_POINT('',(-24.6500000000287,-13.7492221782569,7.49999892799374));
#11714=CARTESIAN_POINT('',(-22.3000000000287,-13.7492221782569,7.49999892799374));
#11715=CARTESIAN_POINT('',(-22.3000000000287,-13.7492221782569,5.19999892799374));
#11716=CARTESIAN_POINT('',(-22.3000000000287,-13.7492221782569,7.49999892799374));
#11717=CARTESIAN_POINT('',(-22.5000000000287,8.32617564703586,7.49999892799374));
#11718=CARTESIAN_POINT('',(-18.0000000000287,8.32617564703586,7.49999892799374));
#11719=CARTESIAN_POINT('',(-18.0000000000287,8.32617564703586,5.19999892799374));
#11720=CARTESIAN_POINT('',(-18.0000000000287,8.32617564703586,7.49999892799374));
#11721=CARTESIAN_POINT('',(22.4999999999918,8.32617564703586,7.49999892799374));
#11722=CARTESIAN_POINT('',(17.9999999999918,8.32617564703586,7.49999892799374));
#11723=CARTESIAN_POINT('',(17.9999999999918,8.32617564703586,9.79999892799374));
#11724=CARTESIAN_POINT('',(22.6298214056285,8.32617564703586,7.49999892799374));
#11725=CARTESIAN_POINT('',(22.6298214056285,8.32617564703586,9.79999892799374));
#11726=CARTESIAN_POINT('',(17.9999999999918,8.32617564703586,7.49999892799374));
#11727=CARTESIAN_POINT('',(24.6499999999918,-13.7492221782569,7.49999892799374));
#11728=CARTESIAN_POINT('',(22.2999999999918,-13.7492221782569,7.49999892799374));
#11729=CARTESIAN_POINT('',(22.2999999999918,-13.7492221782569,9.79999892799374));
#11730=CARTESIAN_POINT('',(26.9999999999254,-13.7492221782569,7.49999892799374));
#11731=CARTESIAN_POINT('',(26.9999999999254,-13.7492221782569,9.79999892799374));
#11732=CARTESIAN_POINT('',(22.2999999999918,-13.7492221782569,7.49999892799374));
#11733=CARTESIAN_POINT('',(26.9999999999789,-9.44922325026318,7.49999892799373));
#11734=CARTESIAN_POINT('',(25.769059892325,-9.44922325026314,7.1));
#11735=CARTESIAN_POINT('',(25.769059892325,-9.44922325026315,7.49999892799373));
#11736=CARTESIAN_POINT('',(25.769059892325,-9.44922325026317,7.1));
#11737=CARTESIAN_POINT('',(26.9999999999775,-9.44922325026318,7.49999892799373));
#11738=CARTESIAN_POINT('',(26.9999999999894,-9.44922325026318,7.49999892799373));
#11739=CARTESIAN_POINT('',(26.9999999999789,-9.44922325026318,7.49999892799373));
#11740=CARTESIAN_POINT('',(26.9999999999789,-9.44922325026318,7.1));
#11741=CARTESIAN_POINT('',(2.1183055309848E-12,-9.44922325026318,7.1));
#11742=CARTESIAN_POINT('',(26.9999999999775,-13.7492221782569,7.49999892799374));
#11743=CARTESIAN_POINT('',(27.0000000000179,-11.5812740578583,11.2134867397494));
#11744=CARTESIAN_POINT('',(26.6441641306402,-10.9649482529418,10.8536734219032));
#11745=CARTESIAN_POINT('',(25.9907411933118,-9.83318652665967,9.74833994776329));
#11746=CARTESIAN_POINT('',(25.769059892325,-9.44922325026314,8.21366770376129));
#11747=CARTESIAN_POINT('',(25.769059892325,-9.44922325026315,7.49999892799373));
#11748=CARTESIAN_POINT('',(26.999999999988,-11.581274057853,11.2134867397395));
#11749=CARTESIAN_POINT('',(27.,-13.7492221782569,7.49999892799374));
#11750=CARTESIAN_POINT('',(2.1183055309848E-12,-28.2415989232364,7.1));
#11751=CARTESIAN_POINT('',(26.9999999999789,-28.2415989232364,7.1));
#11752=CARTESIAN_POINT('',(26.9999999999879,3.72617671904215,7.1));
#11753=CARTESIAN_POINT('',(2.1183055309848E-12,3.72617671904215,7.1));
#11754=CARTESIAN_POINT('',(25.5000000000007,3.72617671904215,7.1));
#11755=CARTESIAN_POINT('',(25.5000000000007,-28.2415989232364,7.1));
#11756=CARTESIAN_POINT('',(25.5000000000006,-8.98319784647917,7.1));
#11757=CARTESIAN_POINT('',(25.5000000000006,-8.98319784647909,7.1));
#11758=CARTESIAN_POINT('',(-27.0000000000287,-13.7492221782569,7.49999892799374));
#11759=CARTESIAN_POINT('',(-27.0000000000287,-9.44922325026318,7.49999892799373));
#11760=CARTESIAN_POINT('',(-27.0000000000287,-9.44922325026318,7.1));
#11761=CARTESIAN_POINT('',(2.1183055309848E-12,-9.44922325026318,7.1));
#11762=CARTESIAN_POINT('',(26.9999999999973,3.72617671904214,3.40000000000004));
#11763=CARTESIAN_POINT('',(26.9999999999969,3.72617671904215,0.5));
#11764=CARTESIAN_POINT('',(26.9999999999969,3.72617671904215,3.70000000000005));
#11765=CARTESIAN_POINT('',(26.9999999999973,3.72617671904214,3.70000000000005));
#11766=CARTESIAN_POINT('',(25.2000000000004,3.72617671904214,3.70000000000005));
#11767=CARTESIAN_POINT('',(24.75,3.72617671904214,3.25));
#11768=CARTESIAN_POINT('',(25.5000000000006,3.72617671904215,4.));
#11769=CARTESIAN_POINT('',(25.5000000000006,3.72617671904215,0.5));
#11770=CARTESIAN_POINT('',(26.9999999999976,4.22617671904214,3.2));
#11771=CARTESIAN_POINT('',(25.2000000000004,3.72617671904214,3.7));
#11772=CARTESIAN_POINT('',(24.6999999999991,4.22617671904293,3.19999999999924));
#11773=CARTESIAN_POINT('',(26.9999999999975,4.22617671904215,3.2));
#11774=CARTESIAN_POINT('',(26.9999999999975,4.22617671904214,3.2));
#11775=CARTESIAN_POINT('',(26.9999999999976,4.22617671904214,3.2));
#11776=CARTESIAN_POINT('',(27.0000000000088,12.4261745750296,3.2));
#11777=CARTESIAN_POINT('',(25.4999999999973,6.11680215352091,3.2));
#11778=CARTESIAN_POINT('',(24.7,6.57868236887103,3.2));
#11779=CARTESIAN_POINT('',(26.9999999999989,5.25077674973528,3.2));
#11780=CARTESIAN_POINT('',(24.7,0.0790889132461513,3.20000000000005));
#11781=CARTESIAN_POINT('',(26.999999999927,-47.5000000000019,3.2));
#11782=CARTESIAN_POINT('',(22.6298214056278,14.4761771109376,11.7));
#11783=CARTESIAN_POINT('',(22.6298214056353,1.68475134594821,11.7));
#11784=CARTESIAN_POINT('',(22.6298214056335,1.68475134594821,2.5));
#11785=CARTESIAN_POINT('',(22.6298214056317,-5.9586243270285,2.5));
#11786=CARTESIAN_POINT('',(22.6298214056317,7.77390053759978,2.5));
#11787=CARTESIAN_POINT('',(22.6298214056317,7.77390053759978,0.5));
#11788=CARTESIAN_POINT('',(22.6298214056317,7.77390053759978,0.900000000000015));
#11789=CARTESIAN_POINT('',(22.629821405632,7.31202032224794,0.500000000000014));
#11790=CARTESIAN_POINT('',(22.6298214056218,25.4906084734831,3.99999999999161));
#11791=CARTESIAN_POINT('',(22.6298214056215,25.4906084734833,3.99999999999161));
#11792=CARTESIAN_POINT('',(22.6298214056278,14.4761771109376,3.99999999999161));
#11793=CARTESIAN_POINT('',(22.6298214056278,14.4761771109376,3.99999999999342));
#11794=CARTESIAN_POINT('',(22.6298214056278,14.4761771109376,11.7));
#11795=CARTESIAN_POINT('',(26.999999999927,-47.5000000000019,0.5));
#11796=CARTESIAN_POINT('',(26.9999999999682,-31.6507500000191,0.900000000019501));
#11797=CARTESIAN_POINT('',(26.9999999999877,-3.,0.899999999999975));
#11798=CARTESIAN_POINT('',(26.9999999999877,-3.,0.5));
#11799=CARTESIAN_POINT('',(26.9999999999877,-3.,1.9));
#11800=CARTESIAN_POINT('',(26.999999999927,-47.5000000000019,1.9));
#11801=CARTESIAN_POINT('',(26.9999999999958,2.9895651857757,1.9));
#11802=CARTESIAN_POINT('',(26.9999999999958,2.98956518577571,0.5));
#11803=CARTESIAN_POINT('',(26.9999999999975,2.9895651857748,0.899999999999741));
#11804=CARTESIAN_POINT('',(26.9999999999738,-31.6507500000191,0.900000000025149));
#11805=CARTESIAN_POINT('',(26.9999999999989,5.25077674973485,0.899999999999642));
#11806=CARTESIAN_POINT('',(26.9999999999989,5.25077674973482,0.5));
#11807=CARTESIAN_POINT('',(26.999999999976,-11.5812740578786,0.5));
#11808=CARTESIAN_POINT('',(25.5000000000007,6.11680215352091,0.5));
#11809=CARTESIAN_POINT('',(25.5000000000006,0.0790889132461513,4.));
#11810=CARTESIAN_POINT('',(25.5000000000006,-8.98319784647908,4.));
#11811=CARTESIAN_POINT('',(25.5000000000006,-8.98319784647908,7.3));
#11812=CARTESIAN_POINT('',(-27.0000000000287,3.72617671904215,7.49999892799375));
#11813=CARTESIAN_POINT('',(2.1183055309848E-12,3.72617671904215,7.1));
#11814=CARTESIAN_POINT('',(-25.5000000000175,3.72617671904215,7.1));
#11815=CARTESIAN_POINT('',(-25.500000000035,3.72617671904215,0.5));
#11816=CARTESIAN_POINT('',(-25.500000000035,3.72617671904214,4.00000000000006));
#11817=CARTESIAN_POINT('',(-24.749999999993,3.72617671904214,3.24999999995808));
#11818=CARTESIAN_POINT('',(-25.200000000035,3.72617671904214,3.70000000000005));
#11819=CARTESIAN_POINT('',(-27.0000000000287,3.72617671904215,3.70000000000005));
#11820=CARTESIAN_POINT('',(-27.0000000000287,4.22617671904214,3.2));
#11821=CARTESIAN_POINT('',(-24.699999999997,-26.7293121635271,3.20000000004586));
#11822=CARTESIAN_POINT('',(-24.7000000000428,6.5786823688615,3.2));
#11823=CARTESIAN_POINT('',(-24.7000000000379,4.22617671904054,3.20000000000165));
#11824=CARTESIAN_POINT('',(-17.5,10.7356043069517,3.2));
#11825=CARTESIAN_POINT('',(-27.0000000000287,4.22617671904214,3.2));
#11826=CARTESIAN_POINT('',(-27.0000000000287,4.02617671904214,3.40000000000004));
#11827=CARTESIAN_POINT('',(-24.7000000000364,4.22617671904214,3.20000000000006));
#11828=CARTESIAN_POINT('',(2.1183055309848E-12,-28.2415989232364,7.1));
#11829=CARTESIAN_POINT('',(-25.5,-28.2415989232364,7.1));
#11830=CARTESIAN_POINT('',(-16.2500034052733,-32.1238214996723,7.));
#11831=CARTESIAN_POINT('',(-15.5000008898579,11.1758718025009,7.));
#11832=CARTESIAN_POINT('',(15.4999965595205,11.1758718025018,7.));
#11833=CARTESIAN_POINT('',(16.2499990749384,-32.1238214996713,7.));
#11834=CARTESIAN_POINT('',(-3.98025886443716,12.5,11.7));
#11835=CARTESIAN_POINT('',(-3.98025886443716,12.5,11.7));
#11836=CARTESIAN_POINT('',(-3.98025886443716,12.5,3.99999999999588));
#11837=CARTESIAN_POINT('',(-3.98025886443716,12.5,3.99999999999588));
#11838=CARTESIAN_POINT('',(-3.00222139978605,12.5,11.7));
#11839=CARTESIAN_POINT('',(-3.00222139978605,12.5,11.7));
#11840=CARTESIAN_POINT('',(-3.00222139978605,12.5,3.99999999999631));
#11841=CARTESIAN_POINT('',(-3.00222139978605,12.5,3.99999999999588));
#11842=CARTESIAN_POINT('',(-1.50111069989303,9.9,11.7));
#11843=CARTESIAN_POINT('',(-1.50111069989303,9.9,11.7));
#11844=CARTESIAN_POINT('',(-1.50111069989303,9.9,3.99999999999673));
#11845=CARTESIAN_POINT('',(-1.50111069989303,9.9,3.99999999999673));
#11846=CARTESIAN_POINT('',(1.50111069989302,9.9,11.7));
#11847=CARTESIAN_POINT('',(1.50111069989302,9.9,11.7));
#11848=CARTESIAN_POINT('',(1.50111069989302,9.9,3.99999999999631));
#11849=CARTESIAN_POINT('',(1.50111069989302,9.9,3.99999999999673));
#11850=CARTESIAN_POINT('',(3.00222139978605,12.5,11.7));
#11851=CARTESIAN_POINT('',(3.00222139978605,12.5,11.7));
#11852=CARTESIAN_POINT('',(3.00222139978605,12.5,3.99999999999588));
#11853=CARTESIAN_POINT('',(3.00222139978605,12.5,3.99999999999588));
#11854=CARTESIAN_POINT('',(3.98025886443716,12.5,11.7));
#11855=CARTESIAN_POINT('',(3.98025886443716,12.5,11.7));
#11856=CARTESIAN_POINT('',(3.98025886443716,12.5,3.99999999999549));
#11857=CARTESIAN_POINT('',(3.98025886443716,12.5,3.99999999999588));
#11858=CARTESIAN_POINT('',(5.35214535907881,14.8761771109369,11.7));
#11859=CARTESIAN_POINT('',(5.35214535907881,14.8761771109369,11.7));
#11860=CARTESIAN_POINT('',(5.35214535907881,14.8761771109369,3.9999999999951));
#11861=CARTESIAN_POINT('',(5.35214535907881,14.8761771109369,3.9999999999951));
#11862=CARTESIAN_POINT('',(-22.2298257359658,14.8761771109361,11.7));
#11863=CARTESIAN_POINT('',(22.2298214056281,14.8761771109374,11.7));
#11864=CARTESIAN_POINT('',(22.2298214056281,14.8761771109374,3.99999999999517));
#11865=CARTESIAN_POINT('',(-22.2298257359658,14.8761771109361,3.9999999999951));
#11866=CARTESIAN_POINT('',(-18.498034712744,-34.0447660980399,6.9));
#11867=CARTESIAN_POINT('',(-18.2063024038712,-34.2361200188318,6.69999999999999));
#11868=CARTESIAN_POINT('',(-18.2203332133372,-34.4850497905986,6.80531911040524));
#11869=CARTESIAN_POINT('',(-18.2667747024841,-34.7342167424978,6.94082714269863));
#11870=CARTESIAN_POINT('',(-18.3433909243402,-34.9716246164036,7.09999999999998));
#11871=CARTESIAN_POINT('',(-18.2063024038711,-34.2361200188319,6.7));
#11872=CARTESIAN_POINT('',(-19.7290364701467,-31.5004573764129,7.1));
#11873=CARTESIAN_POINT('',(-19.5099933231926,-31.6198418134909,6.94082714269865));
#11874=CARTESIAN_POINT('',(-19.3047322295259,-31.7685323150695,6.80531911040525));
#11875=CARTESIAN_POINT('',(-19.1231355794236,-31.9393701081884,6.69999999999997));
#11876=CARTESIAN_POINT('',(-19.1231355794237,-31.9393701081884,6.7));
#11877=CARTESIAN_POINT('',(-19.1231355794236,-31.9393701081885,6.7));
#11878=CARTESIAN_POINT('',(19.19687263253,-32.2941023444057,6.9));
#11879=CARTESIAN_POINT('',(19.1231282234334,-31.9393766296705,6.70000000000001));
#11880=CARTESIAN_POINT('',(19.3047250287924,-31.7685375348974,6.80531884371629));
#11881=CARTESIAN_POINT('',(19.5099865495607,-31.6198458265232,6.94082689321859));
#11882=CARTESIAN_POINT('',(19.7290302979511,-31.5004603913501,7.09999999999996));
#11883=CARTESIAN_POINT('',(19.1231282234334,-31.9393766296705,6.7));
#11884=CARTESIAN_POINT('',(18.3433891415498,-34.9716198336616,7.09999999999999));
#11885=CARTESIAN_POINT('',(18.2667730202855,-34.7342108704719,6.94082689321861));
#11886=CARTESIAN_POINT('',(18.2203318943997,-34.4850427788675,6.8053188437163));
#11887=CARTESIAN_POINT('',(18.2063017107844,-34.2361119652521,6.70000000000002));
#11888=CARTESIAN_POINT('',(18.2063017107844,-34.236111965252,6.7));
#11889=CARTESIAN_POINT('',(18.2063017107843,-34.2361119652521,6.7));
#11890=CARTESIAN_POINT('',(20.9499999999913,-34.,6.7));
#11891=CARTESIAN_POINT('',(20.9499999999913,-34.,6.7));
#11892=CARTESIAN_POINT('',(20.9499999999913,-34.,4.5));
#11893=CARTESIAN_POINT('',(20.9499999999913,-34.,6.5));
#11894=CARTESIAN_POINT('',(23.6898536238783,-34.,6.5));
#11895=CARTESIAN_POINT('',(-18.9486133795511,-33.2360409964082,6.7));
#11896=CARTESIAN_POINT('',(-20.9500000000087,-34.0000000000255,6.7));
#11897=CARTESIAN_POINT('',(-20.9500000000087,-34.0000000000255,4.5));
#11898=CARTESIAN_POINT('',(-20.9500000000087,-34.0000000000255,6.5));
#11899=CARTESIAN_POINT('',(-18.2101463761217,-34.0000000000255,6.5));
#11900=CARTESIAN_POINT('',(-10.3749370519433,-33.7923873319686,5.45));
#11901=CARTESIAN_POINT('',(9.374937051952,-34.7923873319695,5.45));
#11902=CARTESIAN_POINT('',(14.5999999999975,-30.9108272681802,4.5));
#11903=CARTESIAN_POINT('',(13.6499999999965,-36.0547078407043,5.45));
#11904=CARTESIAN_POINT('',(14.5999999999968,-36.0547078407043,4.49999999999966));
#11905=CARTESIAN_POINT('',(-11.1999999999955,-34.4110790603587,6.));
#11906=CARTESIAN_POINT('',(-1.01030295240889E-13,-33.4110790603592,4.5));
#11907=CARTESIAN_POINT('',(8.82587834104745,21.9906084734783,-1.00000000000724));
#11908=CARTESIAN_POINT('',(8.82587834104745,21.99060847348,3.99999999999276));
#11909=CARTESIAN_POINT('',(8.82587834104745,23.19060847348,3.99999999999237));
#11910=CARTESIAN_POINT('',(-8.82588267139394,21.9906084734783,-1.00000000000724));
#11911=CARTESIAN_POINT('',(-8.82588267139394,21.99060847348,3.99999999999276));
#11912=CARTESIAN_POINT('',(-8.82588267139394,23.19060847348,3.99999999999237));
#11913=CARTESIAN_POINT('',(-16.2000023941822,19.5425945679716,-1.00000000000644));
#11914=CARTESIAN_POINT('',(-16.2000023941822,19.5425945679733,3.99999999999356));
#11915=CARTESIAN_POINT('',(-16.2000023941822,21.2425945679733,3.999999999993));
#11916=CARTESIAN_POINT('',(16.1999980638417,19.5425945679726,-1.00000000000644));
#11917=CARTESIAN_POINT('',(16.1999980638417,19.5425945679743,3.99999999999356));
#11918=CARTESIAN_POINT('',(16.1999980638417,21.2425945679743,3.999999999993));
#11919=CARTESIAN_POINT('',(-2.1651700976566E-6,20.1833927922085,3.99999999999335));
#11920=CARTESIAN_POINT('',(22.2298214056281,14.8761771109374,3.99999999999523));
#11921=CARTESIAN_POINT('',(22.2298214056217,25.8906084734831,3.99999999999148));
#11922=CARTESIAN_POINT('',(22.2298214056217,25.8906084734831,3.99999999999148));
#11923=CARTESIAN_POINT('',(-2.1651700976566E-6,25.8906084734831,3.99999999999147));
#11924=CARTESIAN_POINT('',(-22.229825735962,25.8906084734825,3.99999999999147));
#11925=CARTESIAN_POINT('',(-22.2298257359627,25.8906084734818,3.99999999999147));
#11926=CARTESIAN_POINT('',(22.2298214056217,25.8906084734831,3.99999999999148));
#11927=CARTESIAN_POINT('',(22.2298214056217,25.890608473483,3.99999999999148));
#11928=CARTESIAN_POINT('',(-22.2298257359627,25.8906084734834,3.99999999999148));
#11929=CARTESIAN_POINT('',(-22.2298257359627,25.8906084734818,3.99999999999148));
#11930=CARTESIAN_POINT('',(-22.6298257359627,25.4906084734817,3.99999999999161));
#11931=CARTESIAN_POINT('',(22.6298214056353,1.68475134594821,11.7));
#11932=CARTESIAN_POINT('',(17.5,1.68475134594822,11.7));
#11933=CARTESIAN_POINT('',(17.5,1.68475134594822,4.));
#11934=CARTESIAN_POINT('',(18.25,1.68475134594821,3.25));
#11935=CARTESIAN_POINT('',(19.,1.68475134594821,2.5));
#11936=CARTESIAN_POINT('',(15.,1.68475134594821,2.5));
#11937=CARTESIAN_POINT('',(22.2298214056281,14.8761771109374,11.7));
#11938=CARTESIAN_POINT('',(15.,-5.9586243270285,2.5));
#11939=CARTESIAN_POINT('',(19.,-13.8303121635143,2.5));
#11940=CARTESIAN_POINT('',(19.,0.818725942163801,2.5));
#11941=CARTESIAN_POINT('',(12.5,-2.93405080756882,2.5));
#11942=CARTESIAN_POINT('',(12.5000000000001,-2.93405080756888,2.49999999999995));
#11943=CARTESIAN_POINT('',(12.5000000000002,-5.55158906966897,2.49999999999996));
#11944=CARTESIAN_POINT('',(12.5000000000003,-7.43423695293166,2.5));
#11945=CARTESIAN_POINT('',(20.7159793878742,-0.555069926786864,2.5));
#11946=CARTESIAN_POINT('',(5.19660532253825,-13.5493048556421,2.5));
#11947=CARTESIAN_POINT('',(5.19660532253826,-13.5493048556421,2.5));
#11948=CARTESIAN_POINT('',(7.13272539934846,-14.6671243031737,2.5));
#11949=CARTESIAN_POINT('',(5.40012007681018,-16.117819447531,2.5));
#11950=CARTESIAN_POINT('',(12.5000000000005,-10.1731526523241,2.5));
#11951=CARTESIAN_POINT('',(12.5000000000003,-5.55158906966897,2.49999999999988));
#11952=CARTESIAN_POINT('',(12.5000000000005,-10.7152486540575,2.5));
#11953=CARTESIAN_POINT('',(12.5999999999962,-10.772983680974,2.5));
#11954=CARTESIAN_POINT('',(12.5999999999962,-10.772983680974,2.5));
#11955=CARTESIAN_POINT('',(12.5999999999962,-47.5,2.5));
#11956=CARTESIAN_POINT('',(12.5999999999962,-17.8236567655963,2.5));
#11957=CARTESIAN_POINT('',(12.5999999999962,-17.8236567655963,2.5));
#11958=CARTESIAN_POINT('',(16.0000000000006,-12.7359745962212,2.5));
#11959=CARTESIAN_POINT('',(16.0000000000006,-12.7359745962212,2.5));
#11960=CARTESIAN_POINT('',(23.9999999999988,-8.11717244269648,2.5));
#11961=CARTESIAN_POINT('',(23.9999999999989,-8.11717244269649,2.5));
#11962=CARTESIAN_POINT('',(23.9999999999989,0.0790889132461513,2.5));
#11963=CARTESIAN_POINT('',(23.999999999999,6.98282755730414,2.5));
#11964=CARTESIAN_POINT('',(25.4999999999973,6.11680215352091,2.5));
#11965=CARTESIAN_POINT('',(18.25,-13.8303121635143,3.25));
#11966=CARTESIAN_POINT('',(19.,0.818725942163796,2.5));
#11967=CARTESIAN_POINT('',(-17.5,10.7356043069517,0.5));
#11968=CARTESIAN_POINT('',(-24.0000000000439,6.98282755728388,2.5));
#11969=CARTESIAN_POINT('',(-24.0000000000336,6.98282755728988,2.49999999998963));
#11970=CARTESIAN_POINT('',(-17.5,10.7356043069517,2.5));
#11971=CARTESIAN_POINT('',(-27.000000000052,5.25077674975196,0.900000000000013));
#11972=CARTESIAN_POINT('',(-16.5829516180284,11.0341223294557,0.7));
#11973=CARTESIAN_POINT('',(-27.000000000052,5.25077674975197,0.9));
#11974=CARTESIAN_POINT('',(26.999999999999,-11.5812740578256,7.1));
#11975=CARTESIAN_POINT('',(25.5000000000006,-8.98319784647909,7.1));
#11976=CARTESIAN_POINT('',(17.5,1.68475134594822,2.5));
#11977=CARTESIAN_POINT('',(10.7102141655122,-2.23533333333333,2.5));
#11978=CARTESIAN_POINT('',(10.7102141655122,-2.23533333333336,5.6));
#11979=CARTESIAN_POINT('',(11.6339745962156,-1.702,4.));
#11980=CARTESIAN_POINT('',(11.6339745962156,-1.702,4.));
#11981=CARTESIAN_POINT('',(17.5,1.68475134594823,4.));
#11982=CARTESIAN_POINT('',(10.7102141655127,-11.7485819873909,5.6));
#11983=CARTESIAN_POINT('',(10.7102141655126,-11.7485819873909,5.6));
#11984=CARTESIAN_POINT('',(10.7102141655126,-11.748581987391,5.6000000000001));
#11985=CARTESIAN_POINT('',(10.7102141655123,-5.55158906966897,5.60000000000008));
#11986=CARTESIAN_POINT('',(14.7,-14.052085912941,5.6));
#11987=CARTESIAN_POINT('',(15.710214165513,-14.63533333334,7.3));
#11988=CARTESIAN_POINT('',(15.7102141655126,-14.6353333333391,5.6));
#11989=CARTESIAN_POINT('',(10.7102141655127,-11.7485819873909,5.6));
#11990=CARTESIAN_POINT('',(26.7999999999487,-31.6507500000191,0.7));
#11991=CARTESIAN_POINT('',(26.5999999999872,-3.3966895648552,0.499999999999982));
#11992=CARTESIAN_POINT('',(26.6511034783731,-3.3477930432326,0.551103478385791));
#11993=CARTESIAN_POINT('',(26.7011034783774,-3.29889652160998,0.601103478389997));
#11994=CARTESIAN_POINT('',(26.75,-3.24999999998735,0.650000000012601));
#11995=CARTESIAN_POINT('',(26.75,-3.2499999999874,0.650000000012579));
#11996=CARTESIAN_POINT('',(26.75,-3.24999999998736,0.650000000012601));
#11997=CARTESIAN_POINT('',(-12.5,2.398,0.7));
#11998=CARTESIAN_POINT('',(-12.5,2.398,0.9));
#11999=CARTESIAN_POINT('',(-14.85,2.398,0.9));
#12000=CARTESIAN_POINT('',(-12.5,2.398,0.5));
#12001=CARTESIAN_POINT('',(-12.5,2.398,4.75));
#12002=CARTESIAN_POINT('',(-14.85,2.398,4.75));
#12003=CARTESIAN_POINT('',(12.5,2.398,0.7));
#12004=CARTESIAN_POINT('',(12.5,2.398,0.9));
#12005=CARTESIAN_POINT('',(10.15,2.398,0.9));
#12006=CARTESIAN_POINT('',(12.5,2.398,0.5));
#12007=CARTESIAN_POINT('',(12.5,2.398,4.75));
#12008=CARTESIAN_POINT('',(10.15,2.398,4.75));
#12009=CARTESIAN_POINT('',(20.95,-24.5000000000255,0.7));
#12010=CARTESIAN_POINT('',(19.1428304574445,-21.5611842105518,0.499999999999993));
#12011=CARTESIAN_POINT('',(19.4481810691651,-21.5654898849157,0.663615625828141));
#12012=CARTESIAN_POINT('',(19.763184084685,-21.5691900599695,0.804222277872373));
#12013=CARTESIAN_POINT('',(20.0969931077006,-21.5717105263413,0.9));
#12014=CARTESIAN_POINT('',(20.0969931077006,-21.5717105263412,0.9));
#12015=CARTESIAN_POINT('',(20.95,-24.5000000000255,0.899999999999975));
#12016=CARTESIAN_POINT('',(21.8030068922994,-21.5717105263413,0.9));
#12017=CARTESIAN_POINT('',(22.7571695425555,-21.5611842105518,0.499999999999993));
#12018=CARTESIAN_POINT('',(22.4518189308349,-21.5654898849157,0.663615625828141));
#12019=CARTESIAN_POINT('',(22.136815915315,-21.5691900599695,0.804222277872373));
#12020=CARTESIAN_POINT('',(21.8030068922994,-21.5717105263413,0.9));
#12021=CARTESIAN_POINT('',(20.95,-18.8000000000255,0.7));
#12022=CARTESIAN_POINT('',(20.95,-18.8000000000255,0.9));
#12023=CARTESIAN_POINT('',(20.95,-18.8000000000255,0.5));
#12024=CARTESIAN_POINT('',(21.8030068922994,-21.5717105263413,0.5));
#12025=CARTESIAN_POINT('',(21.8030068922994,-21.5717105263413,1.49999999999192));
#12026=CARTESIAN_POINT('',(20.95,-18.8000000000255,1.5));
#12027=CARTESIAN_POINT('',(20.0969931077006,-21.5717105263413,1.5));
#12028=CARTESIAN_POINT('',(20.0969931077006,-21.5717105263413,0.5));
#12029=CARTESIAN_POINT('',(-20.95,-24.5000000000255,0.7));
#12030=CARTESIAN_POINT('',(-22.7571695425555,-21.5611842105518,0.499999999999993));
#12031=CARTESIAN_POINT('',(-22.4518189308349,-21.5654898849157,0.663615625828141));
#12032=CARTESIAN_POINT('',(-22.136815915315,-21.5691900599695,0.804222277872373));
#12033=CARTESIAN_POINT('',(-21.8030068922994,-21.5717105263413,0.9));
#12034=CARTESIAN_POINT('',(-21.8030068922994,-21.5717105263413,0.9));
#12035=CARTESIAN_POINT('',(-20.95,-24.5000000000255,0.9));
#12036=CARTESIAN_POINT('',(-20.0969931077006,-21.5717105263413,0.9));
#12037=CARTESIAN_POINT('',(-19.1428304574445,-21.5611842105518,0.499999999999993));
#12038=CARTESIAN_POINT('',(-19.4481810691651,-21.5654898849157,0.663615625828141));
#12039=CARTESIAN_POINT('',(-19.763184084685,-21.5691900599695,0.804222277872373));
#12040=CARTESIAN_POINT('',(-20.0969931077006,-21.5717105263413,0.9));
#12041=CARTESIAN_POINT('',(-20.95,-18.8000000000255,0.7));
#12042=CARTESIAN_POINT('',(-20.95,-18.8000000000255,0.9));
#12043=CARTESIAN_POINT('',(-20.95,-18.8000000000255,0.5));
#12044=CARTESIAN_POINT('',(-20.0969931077006,-21.5717105263413,0.5));
#12045=CARTESIAN_POINT('',(-20.0969931077006,-21.5717105263413,1.49999999999192));
#12046=CARTESIAN_POINT('',(-20.95,-18.8000000000255,1.5));
#12047=CARTESIAN_POINT('',(-21.8030068922994,-21.5717105263413,1.5));
#12048=CARTESIAN_POINT('',(-21.8030068922994,-21.5717105263413,0.5));
#12049=CARTESIAN_POINT('',(0.,-0.25,0.7));
#12050=CARTESIAN_POINT('',(3.23031391766315,-0.924590241073613,0.5));
#12051=CARTESIAN_POINT('',(3.01744300101635,-1.143550300801,0.663615625828147));
#12052=CARTESIAN_POINT('',(2.79731865152011,-1.36890748804147,0.804222277872375));
#12053=CARTESIAN_POINT('',(2.56306226658778,-1.60672835070027,0.9));
#12054=CARTESIAN_POINT('',(2.56306226658778,-1.60672835070027,0.9));
#12055=CARTESIAN_POINT('',(0.,-0.25,0.9));
#12056=CARTESIAN_POINT('',(2.56306226658778,1.10672835070027,0.9));
#12057=CARTESIAN_POINT('',(3.23031391766315,0.424590241073613,0.5));
#12058=CARTESIAN_POINT('',(3.01744300101635,0.643550300801003,0.663615625828147));
#12059=CARTESIAN_POINT('',(2.7973186515201,0.868907488041479,0.804222277872375));
#12060=CARTESIAN_POINT('',(2.56306226658778,1.10672835070028,0.9));
#12061=CARTESIAN_POINT('',(4.03050865276332,-4.28050865276332,0.7));
#12062=CARTESIAN_POINT('',(0.674590241073612,-3.48031391766315,0.5));
#12063=CARTESIAN_POINT('',(0.893550300801002,-3.26744300101635,0.663615625828147));
#12064=CARTESIAN_POINT('',(1.11890748804147,-3.04731865152011,0.804222277872375));
#12065=CARTESIAN_POINT('',(1.35672835070027,-2.81306226658779,0.9));
#12066=CARTESIAN_POINT('',(1.35672835070027,-2.81306226658778,0.9));
#12067=CARTESIAN_POINT('',(4.03050865276332,-4.28050865276332,0.9));
#12068=CARTESIAN_POINT('',(0.,-0.25,0.7));
#12069=CARTESIAN_POINT('',(-0.674590241073614,-3.48031391766315,0.5));
#12070=CARTESIAN_POINT('',(-0.893550300801003,-3.26744300101635,0.663615625828147));
#12071=CARTESIAN_POINT('',(-1.11890748804148,-3.0473186515201,0.804222277872375));
#12072=CARTESIAN_POINT('',(-1.35672835070028,-2.81306226658778,0.9));
#12073=CARTESIAN_POINT('',(-1.35672835070027,-2.81306226658778,0.9));
#12074=CARTESIAN_POINT('',(0.,-0.25,0.9));
#12075=CARTESIAN_POINT('',(-4.03050865276332,-4.28050865276332,0.7));
#12076=CARTESIAN_POINT('',(-3.23031391766315,-0.924590241073612,0.5));
#12077=CARTESIAN_POINT('',(-3.01744300101635,-1.143550300801,0.663615625828146));
#12078=CARTESIAN_POINT('',(-2.79731865152011,-1.36890748804147,0.804222277872375));
#12079=CARTESIAN_POINT('',(-2.56306226658778,-1.60672835070027,0.9));
#12080=CARTESIAN_POINT('',(-2.56306226658778,-1.60672835070027,0.9));
#12081=CARTESIAN_POINT('',(-4.03050865276332,-4.28050865276332,0.9));
#12082=CARTESIAN_POINT('',(0.,-0.25,0.7));
#12083=CARTESIAN_POINT('',(-3.23031391766315,0.424590241073614,0.5));
#12084=CARTESIAN_POINT('',(-3.01744300101635,0.643550300801003,0.663615625828147));
#12085=CARTESIAN_POINT('',(-2.7973186515201,0.868907488041477,0.804222277872375));
#12086=CARTESIAN_POINT('',(-2.56306226658778,1.10672835070028,0.9));
#12087=CARTESIAN_POINT('',(-2.56306226658778,1.10672835070027,0.9));
#12088=CARTESIAN_POINT('',(0.,-0.25,0.9));
#12089=CARTESIAN_POINT('',(-4.03050865276332,3.78050865276332,0.7));
#12090=CARTESIAN_POINT('',(-4.03050865276332,3.78050865276332,0.9));
#12091=CARTESIAN_POINT('',(-1.35672835070027,2.31306226658779,0.9));
#12092=CARTESIAN_POINT('',(-0.674590241073614,2.98031391766315,0.5));
#12093=CARTESIAN_POINT('',(-0.893550300801001,2.76744300101635,0.663615625828145));
#12094=CARTESIAN_POINT('',(-1.11890748804147,2.54731865152011,0.804222277872375));
#12095=CARTESIAN_POINT('',(-1.35672835070027,2.31306226658779,0.9));
#12096=CARTESIAN_POINT('',(0.,-0.25,0.7));
#12097=CARTESIAN_POINT('',(0.,-0.25,0.9));
#12098=CARTESIAN_POINT('',(1.35672835070027,2.31306226658779,0.9));
#12099=CARTESIAN_POINT('',(0.674590241073615,2.98031391766315,0.5));
#12100=CARTESIAN_POINT('',(0.893550300801003,2.76744300101635,0.663615625828146));
#12101=CARTESIAN_POINT('',(1.11890748804148,2.54731865152011,0.804222277872375));
#12102=CARTESIAN_POINT('',(1.35672835070027,2.31306226658779,0.9));
#12103=CARTESIAN_POINT('',(4.03050865276332,3.78050865276332,0.7));
#12104=CARTESIAN_POINT('',(4.03050865276332,3.78050865276332,0.9));
#12105=CARTESIAN_POINT('',(-4.03050865276332,3.78050865276332,0.));
#12106=CARTESIAN_POINT('',(-4.03050865276332,3.78050865276332,3.9));
#12107=CARTESIAN_POINT('',(-0.98050865276332,3.78050865276332,3.9));
#12108=CARTESIAN_POINT('',(-1.35672835070027,2.31306226658779,0.));
#12109=CARTESIAN_POINT('',(-1.35672835070027,2.31306226658779,1.5));
#12110=CARTESIAN_POINT('',(-4.03050865276332,3.78050865276332,1.5));
#12111=CARTESIAN_POINT('',(-1.62341827476132,1.90743206273019,1.4999999999806));
#12112=CARTESIAN_POINT('',(-1.62341827474608,1.90743206275272,1.49999999997053));
#12113=CARTESIAN_POINT('',(-1.77610531778585,1.71121397209425,1.56498232000346));
#12114=CARTESIAN_POINT('',(-1.96106480425174,1.52622139269141,1.56503172050583));
#12115=CARTESIAN_POINT('',(-2.15743206275142,1.37341827474478,1.49999999996979));
#12116=CARTESIAN_POINT('',(-2.15743206273331,1.37341827475889,1.49999999998385));
#12117=CARTESIAN_POINT('',(-4.03050865276332,3.78050865276332,1.49999999998385));
#12118=CARTESIAN_POINT('',(-2.56306226658778,1.10672835070027,1.49999999999192));
#12119=CARTESIAN_POINT('',(-2.56306226658778,1.10672835070027,0.));
#12120=CARTESIAN_POINT('',(0.,-0.25,0.5));
#12121=CARTESIAN_POINT('',(1.35672835070027,2.31306226658779,0.));
#12122=CARTESIAN_POINT('',(1.35672835070027,2.31306226658779,1.49999999999192));
#12123=CARTESIAN_POINT('',(0.,-0.25,1.5));
#12124=CARTESIAN_POINT('',(4.03050865276332,3.78050865276332,0.));
#12125=CARTESIAN_POINT('',(4.03050865276332,3.78050865276332,3.9));
#12126=CARTESIAN_POINT('',(7.08050865276332,3.78050865276332,3.9));
#12127=CARTESIAN_POINT('',(2.56306226658777,1.10672835070028,0.));
#12128=CARTESIAN_POINT('',(2.56306226658778,1.10672835070027,1.5));
#12129=CARTESIAN_POINT('',(4.03050865276332,3.78050865276332,1.5));
#12130=CARTESIAN_POINT('',(2.15743206273019,1.37341827476131,1.4999999999806));
#12131=CARTESIAN_POINT('',(2.15743206275272,1.37341827474608,1.49999999997053));
#12132=CARTESIAN_POINT('',(1.96121397209425,1.52610531778585,1.56498232000346));
#12133=CARTESIAN_POINT('',(1.77622139269141,1.71106480425174,1.56503172050583));
#12134=CARTESIAN_POINT('',(1.62341827474478,1.90743206275142,1.49999999996979));
#12135=CARTESIAN_POINT('',(1.62341827475889,1.90743206273331,1.49999999998385));
#12136=CARTESIAN_POINT('',(4.03050865276332,3.78050865276332,1.49999999998385));
#12137=CARTESIAN_POINT('',(0.,-0.25,0.5));
#12138=CARTESIAN_POINT('',(2.56306226658777,-1.60672835070028,0.));
#12139=CARTESIAN_POINT('',(2.56306226658777,-1.60672835070028,1.49999999999192));
#12140=CARTESIAN_POINT('',(0.,-0.25,1.5));
#12141=CARTESIAN_POINT('',(-26.75,7.34100705573964E-17,0.7));
#12142=CARTESIAN_POINT('',(-26.75,7.34100705573964E-17,0.9));
#12143=CARTESIAN_POINT('',(-26.750000000003,3.,0.9));
#12144=CARTESIAN_POINT('',(-26.9903846154282,2.99999999999489,0.890384615386224));
#12145=CARTESIAN_POINT('',(-26.909999589118,2.9999999999966,0.89680514464368));
#12146=CARTESIAN_POINT('',(-26.8300000000184,2.9999999999983,0.900000000001458));
#12147=CARTESIAN_POINT('',(-26.750000000003,3.,0.899999999999996));
#12148=CARTESIAN_POINT('',(-26.9903846154282,2.99999999999489,0.89038461538619));
#12149=CARTESIAN_POINT('',(-26.6000000000438,3.39668956485769,0.499999999999976));
#12150=CARTESIAN_POINT('',(-26.7381980826523,3.26445970990339,0.638198082609133));
#12151=CARTESIAN_POINT('',(-26.8683262877805,3.13222985494912,0.768326287737871));
#12152=CARTESIAN_POINT('',(-26.9903846154282,2.99999999999489,0.89038461538619));
#12153=CARTESIAN_POINT('',(-26.750000000003,3.,0.5));
#12154=CARTESIAN_POINT('',(-26.750000000003,3.,0.5));
#12155=CARTESIAN_POINT('',(-26.7500000000334,3.,1.9));
#12156=CARTESIAN_POINT('',(-26.750000000003,3.,1.9));
#12157=CARTESIAN_POINT('',(-26.8000000000237,2.99999999999489,0.699999999981679));
#12158=CARTESIAN_POINT('',(-26.75,7.34100705573964E-17,0.5));
#12159=CARTESIAN_POINT('',(-26.75,7.34100705573964E-17,1.9));
#12160=CARTESIAN_POINT('',(13.3749999999995,-3.20000000000113,0.7));
#12161=CARTESIAN_POINT('',(26.75,-3.20000000000113,0.699999999998871));
#12162=CARTESIAN_POINT('',(26.75,-3.,0.9));
#12163=CARTESIAN_POINT('',(13.3749999999995,-3.,0.900000000001129));
#12164=CARTESIAN_POINT('',(-26.8000000000054,-5.2753616251829,0.7));
#12165=CARTESIAN_POINT('',(20.5829516181896,8.72472125269944,0.7));
#12166=CARTESIAN_POINT('',(22.6298214056317,7.77390053759978,0.900000000000012));
#12167=CARTESIAN_POINT('',(26.9999999999992,5.25077674973513,0.899999999999618));
#12168=CARTESIAN_POINT('',(26.75,0.,0.7));
#12169=CARTESIAN_POINT('',(26.5999999999965,3.3966895648556,0.500000000000003));
#12170=CARTESIAN_POINT('',(26.7358173176364,3.26673765906561,0.63581731764013));
#12171=CARTESIAN_POINT('',(26.8699840230334,3.13090745425632,0.76998402303728));
#12172=CARTESIAN_POINT('',(26.9999999999959,2.98956518577569,0.9));
#12173=CARTESIAN_POINT('',(26.75,0.,0.9));
#12174=CARTESIAN_POINT('',(26.7999999999487,-31.6507500000191,0.7));
#12175=CARTESIAN_POINT('',(26.75,-3.,0.5));
#12176=CARTESIAN_POINT('',(26.75,-3.,0.5));
#12177=CARTESIAN_POINT('',(26.75,-3.,1.9));
#12178=CARTESIAN_POINT('',(26.75,-3.,1.9));
#12179=CARTESIAN_POINT('',(8.52160836473314,-24.2841235593546,0.7));
#12180=CARTESIAN_POINT('',(18.4858983848536,-30.267949192431,0.900000000000023));
#12181=CARTESIAN_POINT('',(15.1000000000007,-27.8512196331356,0.499999999999968));
#12182=CARTESIAN_POINT('',(14.9000000000021,-18.6443038123143,0.700000000000599));
#12183=CARTESIAN_POINT('',(14.7000000000009,-19.5589755935587,0.900000000001546));
#12184=CARTESIAN_POINT('',(14.78823529412,-19.6387537384162,0.811764705882474));
#12185=CARTESIAN_POINT('',(14.78823529412,-19.6387537384162,0.811764705882483));
#12186=CARTESIAN_POINT('',(3.0060914954526,-26.1804207790223,0.7));
#12187=CARTESIAN_POINT('',(16.5053214703954,-33.8045387496506,0.846935143459903));
#12188=CARTESIAN_POINT('',(8.85689055060667,-16.0342928172217,0.655882352941244));
#12189=CARTESIAN_POINT('',(3.90473329986424,-13.3551609322968,0.811764705882352));
#12190=CARTESIAN_POINT('',(3.9047332998643,-13.3551609322968,0.811764705882417));
#12191=CARTESIAN_POINT('',(3.90473329986427,-13.3551609322967,0.81176470588242));
#12192=CARTESIAN_POINT('',(1.732,-13.1992785793557,0.655882352941178));
#12193=CARTESIAN_POINT('',(1.732,-13.3551609322968,0.811764705882319));
#12194=CARTESIAN_POINT('',(-3.90473329987437,-13.3551609322964,0.811764705882058));
#12195=CARTESIAN_POINT('',(-3.9047332998737,-13.3551609322969,0.811764705882428));
#12196=CARTESIAN_POINT('',(-3.23889055060888,-12.7907390049038,0.655882352941118));
#12197=CARTESIAN_POINT('',(-3.90473329987391,-13.3551609322964,0.811764705882995));
#12198=CARTESIAN_POINT('',(-14.7882352941196,-19.6387537384091,0.811764705882215));
#12199=CARTESIAN_POINT('',(-14.7882352941196,-19.6387537384091,0.811764705882223));
#12200=CARTESIAN_POINT('',(-14.8999999999989,-31.6507500000018,0.7));
#12201=CARTESIAN_POINT('',(-14.6999999999998,-28.0821597408109,0.899999999999981));
#12202=CARTESIAN_POINT('',(-14.7882352941196,-19.6387537384091,0.811764705882218));
#12203=CARTESIAN_POINT('',(-8.52160836473314,-24.2841235593546,0.7));
#12204=CARTESIAN_POINT('',(-14.6999999999998,-28.0821597408109,0.9));
#12205=CARTESIAN_POINT('',(-18.4804442933042,-30.6773959561037,0.7));
#12206=CARTESIAN_POINT('',(18.4804442933042,-30.6773959561037,0.7));
#12207=CARTESIAN_POINT('',(18.4858983848536,-30.267949192431,0.5));
#12208=CARTESIAN_POINT('',(14.6999999999994,-28.0821597408107,2.5));
#12209=CARTESIAN_POINT('',(-14.1703815155729,-30.0857854430177,3.1));
#12210=CARTESIAN_POINT('',(-17.8076178540491,-31.4427655335692,3.1));
#12211=CARTESIAN_POINT('',(-18.1858983848536,-30.7875644347017,3.1));
#12212=CARTESIAN_POINT('',(-18.1858983848536,-30.7875644347017,3.1));
#12213=CARTESIAN_POINT('',(-17.2679491924254,-30.0266461136749,2.9));
#12214=CARTESIAN_POINT('',(-18.4858983848536,-30.267949192431,2.5));
#12215=CARTESIAN_POINT('',(-18.4858983848536,-30.267949192431,2.5));
#12216=CARTESIAN_POINT('',(-18.4858983848536,-30.267949192431,2.5));
#12217=CARTESIAN_POINT('',(-18.4858983848536,-30.267949192431,0.5));
#12218=CARTESIAN_POINT('',(-18.4858983848536,-30.267949192431,0.5));
#12219=CARTESIAN_POINT('',(-16.4858983848535,-33.7320508075687,0.5));
#12220=CARTESIAN_POINT('',(17.2679491924254,-30.0266461136749,2.9));
#12221=CARTESIAN_POINT('',(3.464,-14.9999999999994,-5.));
#12222=CARTESIAN_POINT('',(3.90473329986424,-13.3551609322969,0.811764705882373));
#12223=CARTESIAN_POINT('',(-3.90473329987428,-13.3551609322958,0.811764705882236));
#12224=CARTESIAN_POINT('',(14.7000000000014,-21.4871076246251,-5.));
#12225=CARTESIAN_POINT('',(12.5999999999966,-17.1373724833533,4.6));
#12226=CARTESIAN_POINT('',(12.5999999999966,-17.1373724833533,4.6));
#12227=CARTESIAN_POINT('',(14.7,-18.3498080486541,4.5999999999975));
#12228=CARTESIAN_POINT('',(7.13272539934845,-14.6671243031737,2.5));
#12229=CARTESIAN_POINT('',(7.61785488966055,-14.2609296627525,4.60000000000593));
#12230=CARTESIAN_POINT('',(5.68173481285085,-13.1431102152205,4.60000000000824));
#12231=CARTESIAN_POINT('',(5.68173481285008,-13.1431102152211,4.6000000000049));
#12232=CARTESIAN_POINT('',(7.61785488966052,-14.2609296627525,4.60000000000593));
#12233=CARTESIAN_POINT('',(-3.464,-14.9999999999994,-5.));
#12234=CARTESIAN_POINT('',(-12.5999999999965,-17.1373724833419,4.6));
#12235=CARTESIAN_POINT('',(-12.5999999999964,-17.1373724833419,4.6));
#12236=CARTESIAN_POINT('',(-12.5999999999901,-17.8236567655839,2.5));
#12237=CARTESIAN_POINT('',(-12.5999999999902,-17.8236567655839,2.5));
#12238=CARTESIAN_POINT('',(-14.700000000001,-19.0360923308903,2.5));
#12239=CARTESIAN_POINT('',(-5.68173481286206,-13.1431102152111,4.60000000002177));
#12240=CARTESIAN_POINT('',(-5.68173481286207,-13.1431102152111,4.60000000002177));
#12241=CARTESIAN_POINT('',(-7.61785488967328,-14.2609296627418,4.60000000002626));
#12242=CARTESIAN_POINT('',(-5.19660532254458,-13.5493048556368,2.5));
#12243=CARTESIAN_POINT('',(-5.19660532254457,-13.5493048556368,2.5));
#12244=CARTESIAN_POINT('',(-7.13272539935473,-14.6671243031684,2.5));
#12245=CARTESIAN_POINT('',(-7.13272539935473,-14.6671243031684,2.5));
#12246=CARTESIAN_POINT('',(-7.61785488967278,-14.2609296627422,4.60000000002408));
#12247=CARTESIAN_POINT('',(20.7159793878742,-0.555069926786864,2.5));
#12248=CARTESIAN_POINT('',(11.2875644347012,-8.44939855063974,4.60000000000158));
#12249=CARTESIAN_POINT('',(11.2875644347012,-8.44939855063971,4.60000000000155));
#12250=CARTESIAN_POINT('',(20.7159793878742,-0.555069926786864,4.60000000000156));
#12251=CARTESIAN_POINT('',(-3.464,-14.9999999999994,2.5));
#12252=CARTESIAN_POINT('',(-3.464,-14.9999999999994,4.60000000002177));
#12253=CARTESIAN_POINT('',(-11.2875644346801,-8.4493985506574,4.6000000000251));
#12254=CARTESIAN_POINT('',(-12.4999999999933,-7.4342369529375,2.5));
#12255=CARTESIAN_POINT('',(-12.4999999999933,-7.4342369529375,2.5));
#12256=CARTESIAN_POINT('',(-5.19660532254455,-13.5493048556368,2.5));
#12257=CARTESIAN_POINT('',(12.5999999999962,-47.5,2.5));
#12258=CARTESIAN_POINT('',(12.5999999999966,-12.1729836809742,4.6));
#12259=CARTESIAN_POINT('',(12.5999999999966,-12.1729836809742,4.6));
#12260=CARTESIAN_POINT('',(12.5999999999965,-47.5,4.6));
#12261=CARTESIAN_POINT('',(-14.6999999999951,-47.5,4.59999999995584));
#12262=CARTESIAN_POINT('',(-12.5999999999965,-12.17298368098,4.6));
#12263=CARTESIAN_POINT('',(-12.5999999999965,-12.17298368098,4.6));
#12264=CARTESIAN_POINT('',(-12.5999999999965,-47.5,4.6));
#12265=CARTESIAN_POINT('',(-14.9999999999929,-5.95862432702946,2.5));
#12266=CARTESIAN_POINT('',(-23.9999999999767,-26.7293121635271,2.50000000002565));
#12267=CARTESIAN_POINT('',(-24.0000000000023,-8.117172442688,2.5));
#12268=CARTESIAN_POINT('',(-15.9999999999911,-12.7359745962216,2.49999999999997));
#12269=CARTESIAN_POINT('',(-15.9999999999911,-12.7359745962216,2.5));
#12270=CARTESIAN_POINT('',(-15.9999999999911,-12.7359745962216,2.5));
#12271=CARTESIAN_POINT('',(-12.5999999999902,-5.95862432702946,2.5));
#12272=CARTESIAN_POINT('',(-12.5999999999902,-10.7729836809764,2.5));
#12273=CARTESIAN_POINT('',(-12.5999999999901,-10.7729836809764,2.5));
#12274=CARTESIAN_POINT('',(-12.4999999999908,-10.7152486540576,2.5000000000001));
#12275=CARTESIAN_POINT('',(-12.4999999999903,-5.95862432702946,2.5));
#12276=CARTESIAN_POINT('',(-12.4999999999911,-10.1731526523319,2.5));
#12277=CARTESIAN_POINT('',(-12.499999999992,-10.1731526523312,2.5));
#12278=CARTESIAN_POINT('',(-12.4999999999933,-5.95862432702946,2.5));
#12279=CARTESIAN_POINT('',(-12.4999999999944,-2.93405080756978,2.5));
#12280=CARTESIAN_POINT('',(-19.,0.818725942164162,2.5));
#12281=CARTESIAN_POINT('',(-19.,0.818725942164163,2.5));
#12282=CARTESIAN_POINT('',(-19.,2.81968783648527,2.5));
#12283=CARTESIAN_POINT('',(15.2826606241335,-0.461455543377522,3.25));
#12284=CARTESIAN_POINT('',(12.5,-2.93405080756884,2.5));
#12285=CARTESIAN_POINT('',(-18.25,2.81968783648527,3.25));
#12286=CARTESIAN_POINT('',(-19.,0.818725942164166,2.5));
#12287=CARTESIAN_POINT('',(-12.7826606241288,-1.90483121635224,3.25));
#12288=CARTESIAN_POINT('',(-11.6339745962116,-1.70199999999989,4.));
#12289=CARTESIAN_POINT('',(24.75,0.0790889132461513,3.25));
#12290=CARTESIAN_POINT('',(24.7,6.57868236887102,3.2));
#12291=CARTESIAN_POINT('',(23.9999999999988,-8.11717244269646,2.49999999999997));
#12292=CARTESIAN_POINT('',(17.8423393758683,-12.5383248654082,3.25));
#12293=CARTESIAN_POINT('',(16.6339745962163,-14.1020000000057,4.));
#12294=CARTESIAN_POINT('',(16.6339745962163,-14.1020000000057,4.));
#12295=CARTESIAN_POINT('',(16.6339745962163,-14.1020000000057,4.));
#12296=CARTESIAN_POINT('',(17.5,-13.6020000000052,7.3));
#12297=CARTESIAN_POINT('',(15.7102141655121,-14.6353333333386,5.6));
#12298=CARTESIAN_POINT('',(-24.7499999999511,-26.7293121635271,3.25));
#12299=CARTESIAN_POINT('',(-25.499999999993,-26.7293121635271,4.00000000004195));
#12300=CARTESIAN_POINT('',(-25.5,-8.98319784647285,4.));
#12301=CARTESIAN_POINT('',(-21.8423393758647,-10.2289237886414,3.25));
#12302=CARTESIAN_POINT('',(-15.9999999999911,-12.7359745962216,2.5));
#12303=CARTESIAN_POINT('',(-25.499999999894,-47.5,0.5));
#12304=CARTESIAN_POINT('',(5.40012007681018,-16.117819447531,2.5));
#12305=CARTESIAN_POINT('',(5.40012007681018,-16.117819447531,4.60000000000593));
#12306=CARTESIAN_POINT('',(11.2875644347001,-11.1883142500332,4.60000000000376));
#12307=CARTESIAN_POINT('',(12.5000000000004,-10.1731526523241,2.5));
#12308=CARTESIAN_POINT('',(0.,-8.33644468715891,4.600000000015));
#12309=CARTESIAN_POINT('',(11.2875644347011,-5.55158906966897,4.60000000000148));
#12310=CARTESIAN_POINT('',(0.,-8.33644468715891,4.600000000015));
#12311=CARTESIAN_POINT('',(-22.0641238662073,-2.16519615337282,4.60000000002845));
#12312=CARTESIAN_POINT('',(-11.287564434677,-11.1883142500526,4.60000000002816));
#12313=CARTESIAN_POINT('',(-11.2875644346775,-10.3082133967006,4.60000000002805));
#12314=CARTESIAN_POINT('',(-22.0641238662073,-2.16519615337282,2.5));
#12315=CARTESIAN_POINT('',(-11.2875644346769,-11.1883142500527,4.60000000002843));
#12316=CARTESIAN_POINT('',(11.6051070827563,-5.55158906966897,4.05));
#12317=CARTESIAN_POINT('',(12.5000000000005,-10.7152486540575,2.5));
#12318=CARTESIAN_POINT('',(-11.605107082748,-10.3082133967006,4.05));
#12319=CARTESIAN_POINT('',(-12.4999999999914,-10.7152486540575,2.50000000000062));
#12320=CARTESIAN_POINT('',(-12.5999999999965,-47.5,4.6));
#12321=CARTESIAN_POINT('',(-12.5999999999901,-10.7729836809764,2.5));
#12322=CARTESIAN_POINT('',(12.5999999999965,-47.5,4.6));
#12323=CARTESIAN_POINT('',(14.6999999999951,-13.3854192462699,4.59999999999751));
#12324=CARTESIAN_POINT('',(7.18880210482441,-8.68216045289174,4.05));
#12325=CARTESIAN_POINT('',(-5.55111512312578E-16,-3.4831615074619,4.5));
#12326=CARTESIAN_POINT('',(2.8,-1.86658075373095,4.5));
#12327=CARTESIAN_POINT('',(2.8,-1.86658075373095,4.5));
#12328=CARTESIAN_POINT('',(-5.23882870867786E-16,-3.4831615074619,4.5));
#12329=CARTESIAN_POINT('',(2.8,-1.86658075373095,4.5));
#12330=CARTESIAN_POINT('',(2.8,1.36658075373095,4.5));
#12331=CARTESIAN_POINT('',(2.8,1.36658075373095,4.5));
#12332=CARTESIAN_POINT('',(2.8,-0.25,4.5));
#12333=CARTESIAN_POINT('',(2.8,1.36658075373095,4.5));
#12334=CARTESIAN_POINT('',(2.8,1.36658075373095,4.5));
#12335=CARTESIAN_POINT('',(-8.32667268468867E-16,-0.25,4.5));
#12336=CARTESIAN_POINT('',(0.,-0.25,4.5));
#12337=CARTESIAN_POINT('',(1.55,-0.25,4.5));
#12338=CARTESIAN_POINT('',(-18.15,-20.4165807537564,4.5));
#12339=CARTESIAN_POINT('',(-18.15,-18.8000000000255,4.5));
#12340=CARTESIAN_POINT('',(-18.15,-20.4165807537564,4.5));
#12341=CARTESIAN_POINT('',(-18.15,-20.4165807537564,4.5));
#12342=CARTESIAN_POINT('',(-20.95,-22.0331615074874,4.5));
#12343=CARTESIAN_POINT('',(-20.95,-22.0331615074874,4.5));
#12344=CARTESIAN_POINT('',(-20.95,-22.0331615074874,4.5));
#12345=CARTESIAN_POINT('',(-20.95,-22.0331615074874,4.5));
#12346=CARTESIAN_POINT('',(-23.75,-20.4165807537564,4.5));
#12347=CARTESIAN_POINT('',(-23.75,-20.4165807537564,4.5));
#12348=CARTESIAN_POINT('',(0.0187139064432018,-18.8000000000255,4.5));
#12349=CARTESIAN_POINT('',(-20.95,-18.8000000000255,4.5));
#12350=CARTESIAN_POINT('',(-19.4,-18.8000000000255,4.5));
#12351=CARTESIAN_POINT('',(18.1889923272768,-17.1176890999547,4.5));
#12352=CARTESIAN_POINT('',(18.1889923272768,-17.1176890999547,4.5));
#12353=CARTESIAN_POINT('',(18.1889923272768,-17.1176890999547,4.5));
#12354=CARTESIAN_POINT('',(18.1889923272768,-17.1176890999547,4.5));
#12355=CARTESIAN_POINT('',(21.0264201401632,-15.567741765368,4.5));
#12356=CARTESIAN_POINT('',(21.0264201401632,-15.567741765368,4.5));
#12357=CARTESIAN_POINT('',(21.0264201401632,-15.567741765368,4.5));
#12358=CARTESIAN_POINT('',(21.0264201401632,-15.567741765368,4.5));
#12359=CARTESIAN_POINT('',(23.7874278128864,-17.2500526654388,4.5));
#12360=CARTESIAN_POINT('',(23.7874278128864,-17.2500526654388,4.5));
#12361=CARTESIAN_POINT('',(0.0187139064432018,-18.8000000000255,4.5));
#12362=CARTESIAN_POINT('',(20.95,-18.8000000000255,4.5));
#12363=CARTESIAN_POINT('',(22.5,-18.8000000000255,4.5));
#12364=CARTESIAN_POINT('',(-9.68880210481613,-10.1255361258668,4.05));
#12365=CARTESIAN_POINT('',(26.75,0.,1.9));
#12366=CARTESIAN_POINT('',(26.75,0.,1.9));
#12367=CARTESIAN_POINT('',(26.75,0.,0.5));
#12368=CARTESIAN_POINT('',(20.95,-21.7250000000255,1.5));
#12369=CARTESIAN_POINT('',(20.95,-24.5000000000255,1.49999999998385));
#12370=CARTESIAN_POINT('',(21.3276047707506,-21.473464912321,1.49999999997252));
#12371=CARTESIAN_POINT('',(20.95,-18.8000000000255,1.4999999999677));
#12372=CARTESIAN_POINT('',(20.5723952292802,-21.4734649123172,1.49999999998061));
#12373=CARTESIAN_POINT('',(20.95,-24.5000000000255,1.5));
#12374=CARTESIAN_POINT('',(-26.75,-2.14994688718662E-12,1.9));
#12375=CARTESIAN_POINT('',(-2.22044604925031E-15,-0.25,1.5));
#12376=CARTESIAN_POINT('',(0.,-0.25,1.49999999998385));
#12377=CARTESIAN_POINT('',(-2.22044604925031E-15,-0.25,1.5));
#12378=CARTESIAN_POINT('',(4.03050865276332,-4.28050865276332,1.49999999998385));
#12379=CARTESIAN_POINT('',(2.15743206275457,-1.87341827474234,1.49999999997252));
#12380=CARTESIAN_POINT('',(0.,-0.25,1.4999999999677));
#12381=CARTESIAN_POINT('',(-2.22044604925031E-15,-0.25,1.5));
#12382=CARTESIAN_POINT('',(-4.03050865276332,-4.28050865276332,1.49999999998385));
#12383=CARTESIAN_POINT('',(-1.62341827476132,-2.40743206273019,1.49999999997681));
#12384=CARTESIAN_POINT('',(-1.35672835070028,-2.81306226658778,1.49999999999192));
#12385=CARTESIAN_POINT('',(0.,-0.25,1.49999999998385));
#12386=CARTESIAN_POINT('',(1.62341827476132,-2.40743206273019,1.4999999999806));
#12387=CARTESIAN_POINT('',(4.03050865276332,-4.28050865276332,1.5));
#12388=CARTESIAN_POINT('',(1.35672835070027,-2.81306226658778,1.5));
#12389=CARTESIAN_POINT('',(0.,-0.25,1.5));
#12390=CARTESIAN_POINT('',(-2.22044604925031E-15,-0.25,1.5));
#12391=CARTESIAN_POINT('',(-4.03050865276332,-4.28050865276332,1.5));
#12392=CARTESIAN_POINT('',(-2.56306226658778,-1.60672835070027,1.5));
#12393=CARTESIAN_POINT('',(-2.15743206273331,-1.87341827475889,1.49999999998764));
#12394=CARTESIAN_POINT('',(0.,-0.25,1.5));
#12395=CARTESIAN_POINT('',(0.,-0.25,1.49999999998385));
#12396=CARTESIAN_POINT('',(-20.95,-21.7250000000255,1.5));
#12397=CARTESIAN_POINT('',(-20.95,-24.5000000000255,1.49999999998385));
#12398=CARTESIAN_POINT('',(-20.5723952292494,-21.473464912321,1.49999999997252));
#12399=CARTESIAN_POINT('',(-20.95,-18.8000000000255,1.4999999999677));
#12400=CARTESIAN_POINT('',(-21.3276047707199,-21.4734649123172,1.49999999998059));
#12401=CARTESIAN_POINT('',(-20.95,-24.5000000000255,1.5));
#12402=CARTESIAN_POINT('',(20.95,-24.5000000000255,0.5));
#12403=CARTESIAN_POINT('',(18.1679144513513,-23.2500000000255,0.5));
#12404=CARTESIAN_POINT('',(18.1679144513513,-23.2500000000255,3.9));
#12405=CARTESIAN_POINT('',(18.1679144513513,-23.2500000000255,4.1));
#12406=CARTESIAN_POINT('',(20.95,-24.5000000000255,4.1));
#12407=CARTESIAN_POINT('',(18.1679144513513,-25.7500000000255,4.1));
#12408=CARTESIAN_POINT('',(18.1679144513513,-25.7500000000255,3.9));
#12409=CARTESIAN_POINT('',(18.1679144513513,-25.7500000000255,3.9));
#12410=CARTESIAN_POINT('',(20.95,-24.5000000000255,3.9));
#12411=CARTESIAN_POINT('',(23.7320855486487,-25.7500000000255,3.9));
#12412=CARTESIAN_POINT('',(23.7320855486487,-25.7500000000255,0.5));
#12413=CARTESIAN_POINT('',(23.7320855486487,-25.7500000000255,4.1));
#12414=CARTESIAN_POINT('',(20.95,-24.5000000000255,4.1));
#12415=CARTESIAN_POINT('',(23.7320855486487,-23.2500000000255,4.1));
#12416=CARTESIAN_POINT('',(23.7320855486487,-23.2500000000255,3.9));
#12417=CARTESIAN_POINT('',(23.7320855486487,-23.2500000000255,3.9));
#12418=CARTESIAN_POINT('',(20.95,-24.5000000000255,3.9));
#12419=CARTESIAN_POINT('',(20.5723952292534,-21.4734649123223,1.49999999997055));
#12420=CARTESIAN_POINT('',(20.8191084152914,-21.4426838133579,1.56498232000586));
#12421=CARTESIAN_POINT('',(21.0807040297629,-21.4426604131177,1.56503172050823));
#12422=CARTESIAN_POINT('',(21.3276047707466,-21.4734649123205,1.49999999996978));
#12423=CARTESIAN_POINT('',(4.03050865276332,-4.28050865276332,0.));
#12424=CARTESIAN_POINT('',(4.03050865276332,-4.28050865276332,3.9));
#12425=CARTESIAN_POINT('',(7.08050865276332,-4.28050865276332,3.9));
#12426=CARTESIAN_POINT('',(1.35672835070028,-2.81306226658778,0.));
#12427=CARTESIAN_POINT('',(1.62341827474608,-2.40743206275272,1.49999999997053));
#12428=CARTESIAN_POINT('',(1.7761053177915,-2.211213972087,1.56498232000586));
#12429=CARTESIAN_POINT('',(1.96106480424448,-2.02622139269706,1.56503172050823));
#12430=CARTESIAN_POINT('',(2.15743206275142,-1.87341827474478,1.49999999996978));
#12431=CARTESIAN_POINT('',(0.,-0.25,1.975));
#12432=CARTESIAN_POINT('',(-2.15743206275272,-1.87341827474608,1.49999999997053));
#12433=CARTESIAN_POINT('',(-1.96121397209415,-2.02610531778593,1.56498232000349));
#12434=CARTESIAN_POINT('',(-1.77622139269149,-2.21106480425164,1.56503172050585));
#12435=CARTESIAN_POINT('',(-1.62341827474478,-2.40743206275143,1.49999999996978));
#12436=CARTESIAN_POINT('',(0.,-0.25,2.6));
#12437=CARTESIAN_POINT('',(-1.6,-0.25,2.6));
#12438=CARTESIAN_POINT('',(-20.95,-24.5000000000255,0.5));
#12439=CARTESIAN_POINT('',(-23.7320855486487,-23.2500000000255,0.5));
#12440=CARTESIAN_POINT('',(-23.7320855486487,-23.2500000000255,3.9));
#12441=CARTESIAN_POINT('',(-23.7320855486487,-23.2500000000255,4.1));
#12442=CARTESIAN_POINT('',(-20.95,-24.5000000000255,4.1));
#12443=CARTESIAN_POINT('',(-23.7320855486487,-25.7500000000255,4.1));
#12444=CARTESIAN_POINT('',(-23.7320855486487,-25.7500000000255,3.9));
#12445=CARTESIAN_POINT('',(-23.7320855486487,-25.7500000000255,3.9));
#12446=CARTESIAN_POINT('',(-20.95,-24.5000000000255,3.9));
#12447=CARTESIAN_POINT('',(-18.1679144513513,-25.7500000000255,3.9));
#12448=CARTESIAN_POINT('',(-18.1679144513513,-25.7500000000255,0.5));
#12449=CARTESIAN_POINT('',(-18.1679144513513,-25.7500000000255,4.1));
#12450=CARTESIAN_POINT('',(-20.95,-24.5000000000255,4.1));
#12451=CARTESIAN_POINT('',(-18.1679144513513,-23.2500000000255,4.1));
#12452=CARTESIAN_POINT('',(-18.1679144513513,-23.2500000000255,3.9));
#12453=CARTESIAN_POINT('',(-18.1679144513513,-23.2500000000255,3.9));
#12454=CARTESIAN_POINT('',(-20.95,-24.5000000000255,3.9));
#12455=CARTESIAN_POINT('',(-21.3276047707466,-21.4734649123223,1.49999999997053));
#12456=CARTESIAN_POINT('',(-21.0808915847087,-21.4426838133579,1.56498232000586));
#12457=CARTESIAN_POINT('',(-20.8192959702371,-21.4426604131177,1.56503172050823));
#12458=CARTESIAN_POINT('',(-20.5723952292534,-21.4734649123205,1.49999999996978));
#12459=CARTESIAN_POINT('',(25.4999999999973,6.11680215352091,0.5));
#12460=CARTESIAN_POINT('',(-20.95,-18.8000000000255,3.925));
#12461=CARTESIAN_POINT('',(-20.95,-18.8000000000255,3.9));
#12462=CARTESIAN_POINT('',(-19.35,-18.8000000000255,3.9));
#12463=CARTESIAN_POINT('',(-20.95,-18.8000000000255,3.95));
#12464=CARTESIAN_POINT('',(-22.5,-18.8000000000255,3.95));
#12465=CARTESIAN_POINT('',(-20.95,-18.8000000000255,0.5));
#12466=CARTESIAN_POINT('',(20.95,-18.8000000000255,3.925));
#12467=CARTESIAN_POINT('',(20.95,-18.8000000000255,3.9));
#12468=CARTESIAN_POINT('',(22.55,-18.8000000000255,3.9));
#12469=CARTESIAN_POINT('',(20.95,-18.8000000000255,3.95));
#12470=CARTESIAN_POINT('',(19.4,-18.8000000000255,3.95));
#12471=CARTESIAN_POINT('',(20.95,-18.8000000000255,0.5));
#12472=CARTESIAN_POINT('',(20.95,-18.8000000000255,0.5));
#12473=CARTESIAN_POINT('',(20.95,-18.8000000000255,2.6));
#12474=CARTESIAN_POINT('',(19.35,-18.8000000000255,2.6));
#12475=CARTESIAN_POINT('',(-20.95,-18.8000000000255,0.5));
#12476=CARTESIAN_POINT('',(-20.95,-18.8000000000255,2.6));
#12477=CARTESIAN_POINT('',(-22.55,-18.8000000000255,2.6));
#12478=CARTESIAN_POINT('',(-20.95,-18.8000000000255,1.975));
#12479=CARTESIAN_POINT('',(20.95,-18.8000000000255,1.975));
#12480=CARTESIAN_POINT('',(0.,-0.25,0.5));
#12481=CARTESIAN_POINT('',(0.,-0.25,3.9));
#12482=CARTESIAN_POINT('',(1.6,-0.25,3.9));
#12483=CARTESIAN_POINT('',(0.,-0.25,3.9));
#12484=CARTESIAN_POINT('',(0.,-0.25,3.9));
#12485=CARTESIAN_POINT('',(1.55,-0.25,3.9));
#12486=CARTESIAN_POINT('',(-4.03050865276332,-4.28050865276332,0.));
#12487=CARTESIAN_POINT('',(-4.03050865276332,-4.28050865276332,3.9));
#12488=CARTESIAN_POINT('',(-0.98050865276332,-4.28050865276332,3.9));
#12489=CARTESIAN_POINT('',(-2.56306226658778,-1.60672835070027,0.));
#12490=CARTESIAN_POINT('',(-1.35672835070028,-2.81306226658778,0.));
#12491=CARTESIAN_POINT('',(0.,-0.25,0.5));
#12492=CARTESIAN_POINT('',(0.,-0.25,0.5));
#12493=CARTESIAN_POINT('',(0.,-0.25,0.5));
#12494=CARTESIAN_POINT('',(4.03050869088486,-3.03050865276332,3.9));
#12495=CARTESIAN_POINT('',(4.03050869088486,-3.03050865276332,4.1));
#12496=CARTESIAN_POINT('',(2.78050865276332,-3.03050865276332,4.1));
#12497=CARTESIAN_POINT('',(5.28050865276332,-3.03050865276332,4.1));
#12498=CARTESIAN_POINT('',(5.28050865276332,-3.03050865276332,3.9));
#12499=CARTESIAN_POINT('',(5.28050865276332,-3.03050865276332,4.3));
#12500=CARTESIAN_POINT('',(4.03050869088486,-3.03050865276332,4.3));
#12501=CARTESIAN_POINT('',(4.03050869088486,-3.03050865276332,4.3));
#12502=CARTESIAN_POINT('',(2.78050865276332,-3.03050865276332,4.3));
#12503=CARTESIAN_POINT('',(2.78050865276332,-3.03050865276332,3.9));
#12504=CARTESIAN_POINT('',(4.03050865276332,-4.28050865276332,4.3));
#12505=CARTESIAN_POINT('',(5.28050865276332,-7.03516380359436,4.3));
#12506=CARTESIAN_POINT('',(5.28050865276332,-5.53050865276332,4.3));
#12507=CARTESIAN_POINT('',(2.78050865276332,-5.53050865276332,4.3));
#12508=CARTESIAN_POINT('',(4.03050865276332,-4.28050865276332,4.3));
#12509=CARTESIAN_POINT('',(5.28050865276332,-7.03516380359436,4.3));
#12510=CARTESIAN_POINT('',(2.78050865276332,-5.53050865276332,3.9));
#12511=CARTESIAN_POINT('',(2.78050865276332,-5.53050865276332,4.1));
#12512=CARTESIAN_POINT('',(5.28050865276332,-5.53050865276332,4.1));
#12513=CARTESIAN_POINT('',(2.78050865276332,-5.53050865276332,4.1));
#12514=CARTESIAN_POINT('',(2.78050865276332,-5.53050865276332,3.9));
#12515=CARTESIAN_POINT('',(2.78050865276332,-5.53050865276332,4.3));
#12516=CARTESIAN_POINT('',(2.78050865276332,-5.53050865276332,4.3));
#12517=CARTESIAN_POINT('',(5.28050865276332,-5.53050865276332,3.9));
#12518=CARTESIAN_POINT('',(4.03050865276332,-4.28050865276332,4.3));
#12519=CARTESIAN_POINT('',(2.78050865276332,-1.52585350193228,4.3));
#12520=CARTESIAN_POINT('',(4.03050865276332,-4.28050865276332,4.3));
#12521=CARTESIAN_POINT('',(2.78050865276332,-1.52585350193228,4.3));
#12522=CARTESIAN_POINT('',(4.03050865276332,-4.28050865276332,3.9));
#12523=CARTESIAN_POINT('',(5.28050865276332,-4.28050865276332,3.9));
#12524=CARTESIAN_POINT('',(5.28050865276332,-7.03516380359436,3.9));
#12525=CARTESIAN_POINT('',(5.28050865276332,-1.52585350193228,3.9));
#12526=CARTESIAN_POINT('',(4.03050865276332,-4.28050865276332,3.9));
#12527=CARTESIAN_POINT('',(2.78050865276332,-1.52585350193228,3.9));
#12528=CARTESIAN_POINT('',(2.78050865276332,-4.28050865276332,3.9));
#12529=CARTESIAN_POINT('',(2.78050865276332,-7.03516380359436,3.9));
#12530=CARTESIAN_POINT('',(4.03050865276332,-4.28050865276332,3.9));
#12531=CARTESIAN_POINT('',(5.28050865276332,-7.03516380359436,3.9));
#12532=CARTESIAN_POINT('',(5.28050865276332,-7.03516380359436,3.9));
#12533=CARTESIAN_POINT('',(5.28050865276332,-7.03516380359436,4.1));
#12534=CARTESIAN_POINT('',(5.28050865276332,-7.03516380359436,4.1));
#12535=CARTESIAN_POINT('',(5.28050865276332,-7.03516380359436,4.1));
#12536=CARTESIAN_POINT('',(5.28050865276332,-1.52585350193228,4.1));
#12537=CARTESIAN_POINT('',(5.28050865276332,-1.52585350193228,3.9));
#12538=CARTESIAN_POINT('',(4.03050865276332,-4.28050865276332,3.9));
#12539=CARTESIAN_POINT('',(2.78050865276332,-7.03516380359436,3.9));
#12540=CARTESIAN_POINT('',(2.78050865276332,-7.03516380359436,4.1));
#12541=CARTESIAN_POINT('',(4.03050865276332,-4.28050865276332,4.1));
#12542=CARTESIAN_POINT('',(4.03050865276332,-4.28050865276332,4.1));
#12543=CARTESIAN_POINT('',(2.78050865276332,-1.52585350193228,4.1));
#12544=CARTESIAN_POINT('',(2.78050865276332,-1.52585350193228,3.9));
#12545=CARTESIAN_POINT('',(2.78050865276332,-1.52585350193228,3.9));
#12546=CARTESIAN_POINT('',(2.78050865276332,-1.52585350193228,4.1));
#12547=CARTESIAN_POINT('',(2.78050865276332,-1.52585350193228,4.1));
#12548=CARTESIAN_POINT('',(4.03050865276332,-4.28050865276332,3.9));
#12549=CARTESIAN_POINT('',(4.03050865276332,-4.28050865276332,4.1));
#12550=CARTESIAN_POINT('',(4.03050865276332,-4.28050865276332,4.1));
#12551=CARTESIAN_POINT('',(-2.78050865276332,-4.28050869088486,3.9));
#12552=CARTESIAN_POINT('',(-2.78050865276332,-4.28050869088486,4.1));
#12553=CARTESIAN_POINT('',(-2.78050865276332,-3.03050865276332,4.1));
#12554=CARTESIAN_POINT('',(-2.78050865276332,-5.53050865276332,4.1));
#12555=CARTESIAN_POINT('',(-2.78050865276332,-5.53050865276332,3.9));
#12556=CARTESIAN_POINT('',(-2.78050865276332,-5.53050865276332,4.3));
#12557=CARTESIAN_POINT('',(-2.78050865276332,-4.28050869088486,4.3));
#12558=CARTESIAN_POINT('',(-2.78050865276332,-4.28050869088486,4.3));
#12559=CARTESIAN_POINT('',(-2.78050865276332,-3.03050865276332,4.3));
#12560=CARTESIAN_POINT('',(-2.78050865276332,-3.03050865276332,3.9));
#12561=CARTESIAN_POINT('',(-4.03050865276332,-4.28050865276332,4.3));
#12562=CARTESIAN_POINT('',(-6.78516380359436,-5.53050865276332,4.3));
#12563=CARTESIAN_POINT('',(-5.28050865276332,-5.53050865276332,4.3));
#12564=CARTESIAN_POINT('',(-5.28050865276332,-3.03050865276332,4.3));
#12565=CARTESIAN_POINT('',(-4.03050865276332,-4.28050865276332,4.3));
#12566=CARTESIAN_POINT('',(-6.78516380359436,-5.53050865276332,4.3));
#12567=CARTESIAN_POINT('',(-5.28050865276332,-3.03050865276332,3.9));
#12568=CARTESIAN_POINT('',(-5.28050865276332,-3.03050865276332,4.1));
#12569=CARTESIAN_POINT('',(-5.28050865276332,-5.53050865276332,4.1));
#12570=CARTESIAN_POINT('',(-5.28050865276332,-3.03050865276332,4.1));
#12571=CARTESIAN_POINT('',(-5.28050865276332,-3.03050865276332,3.9));
#12572=CARTESIAN_POINT('',(-5.28050865276332,-3.03050865276332,4.3));
#12573=CARTESIAN_POINT('',(-5.28050865276332,-3.03050865276332,4.3));
#12574=CARTESIAN_POINT('',(-5.28050865276332,-5.53050865276332,3.9));
#12575=CARTESIAN_POINT('',(-4.03050865276332,-4.28050865276332,4.3));
#12576=CARTESIAN_POINT('',(-1.27585350193228,-3.03050865276332,4.3));
#12577=CARTESIAN_POINT('',(-4.03050865276332,-4.28050865276332,4.3));
#12578=CARTESIAN_POINT('',(-1.27585350193228,-3.03050865276332,4.3));
#12579=CARTESIAN_POINT('',(-4.03050865276332,-4.28050865276332,3.9));
#12580=CARTESIAN_POINT('',(-4.03050865276332,-5.53050865276332,3.9));
#12581=CARTESIAN_POINT('',(-6.78516380359436,-5.53050865276332,3.9));
#12582=CARTESIAN_POINT('',(-1.27585350193228,-5.53050865276332,3.9));
#12583=CARTESIAN_POINT('',(-4.03050865276332,-4.28050865276332,3.9));
#12584=CARTESIAN_POINT('',(-1.27585350193228,-3.03050865276332,3.9));
#12585=CARTESIAN_POINT('',(-4.03050865276332,-3.03050865276332,3.9));
#12586=CARTESIAN_POINT('',(-6.78516380359436,-3.03050865276332,3.9));
#12587=CARTESIAN_POINT('',(-4.03050865276332,-4.28050865276332,3.9));
#12588=CARTESIAN_POINT('',(-6.78516380359436,-5.53050865276332,3.9));
#12589=CARTESIAN_POINT('',(-6.78516380359436,-5.53050865276332,3.9));
#12590=CARTESIAN_POINT('',(-6.78516380359436,-5.53050865276332,4.1));
#12591=CARTESIAN_POINT('',(-6.78516380359436,-5.53050865276332,4.1));
#12592=CARTESIAN_POINT('',(-6.78516380359436,-5.53050865276332,4.1));
#12593=CARTESIAN_POINT('',(-1.27585350193228,-5.53050865276332,4.1));
#12594=CARTESIAN_POINT('',(-1.27585350193228,-5.53050865276332,3.9));
#12595=CARTESIAN_POINT('',(-4.03050865276332,-4.28050865276332,3.9));
#12596=CARTESIAN_POINT('',(-6.78516380359436,-3.03050865276332,3.9));
#12597=CARTESIAN_POINT('',(-6.78516380359436,-3.03050865276332,4.1));
#12598=CARTESIAN_POINT('',(-4.03050865276332,-4.28050865276332,4.1));
#12599=CARTESIAN_POINT('',(-4.03050865276332,-4.28050865276332,4.1));
#12600=CARTESIAN_POINT('',(-1.27585350193228,-3.03050865276332,4.1));
#12601=CARTESIAN_POINT('',(-1.27585350193228,-3.03050865276332,3.9));
#12602=CARTESIAN_POINT('',(-1.27585350193228,-3.03050865276332,3.9));
#12603=CARTESIAN_POINT('',(-1.27585350193228,-3.03050865276332,4.1));
#12604=CARTESIAN_POINT('',(-1.27585350193228,-3.03050865276332,4.1));
#12605=CARTESIAN_POINT('',(-4.03050865276332,-4.28050865276332,3.9));
#12606=CARTESIAN_POINT('',(-4.03050865276332,-4.28050865276332,4.1));
#12607=CARTESIAN_POINT('',(-4.03050865276332,-4.28050865276332,4.1));
#12608=CARTESIAN_POINT('',(-4.03050869088486,2.53050865276333,3.9));
#12609=CARTESIAN_POINT('',(-4.03050869088486,2.53050865276333,4.1));
#12610=CARTESIAN_POINT('',(-2.78050865276332,2.53050865276332,4.1));
#12611=CARTESIAN_POINT('',(-5.28050865276332,2.53050865276333,4.1));
#12612=CARTESIAN_POINT('',(-5.28050865276332,2.53050865276333,3.9));
#12613=CARTESIAN_POINT('',(-5.28050865276332,2.53050865276333,4.3));
#12614=CARTESIAN_POINT('',(-4.03050869088486,2.53050865276333,4.3));
#12615=CARTESIAN_POINT('',(-4.03050869088486,2.53050865276333,4.3));
#12616=CARTESIAN_POINT('',(-2.78050865276332,2.53050865276332,4.3));
#12617=CARTESIAN_POINT('',(-2.78050865276332,2.53050865276332,3.9));
#12618=CARTESIAN_POINT('',(-4.03050865276332,3.78050865276332,4.3));
#12619=CARTESIAN_POINT('',(-5.28050865276332,6.53516380359436,4.3));
#12620=CARTESIAN_POINT('',(-5.28050865276332,5.03050865276332,4.3));
#12621=CARTESIAN_POINT('',(-2.78050865276332,5.03050865276332,4.3));
#12622=CARTESIAN_POINT('',(-4.03050865276332,3.78050865276332,4.3));
#12623=CARTESIAN_POINT('',(-5.28050865276332,6.53516380359436,4.3));
#12624=CARTESIAN_POINT('',(-2.78050865276332,5.03050865276332,3.9));
#12625=CARTESIAN_POINT('',(-2.78050865276332,5.03050865276332,4.1));
#12626=CARTESIAN_POINT('',(-5.28050865276332,5.03050865276332,4.1));
#12627=CARTESIAN_POINT('',(-2.78050865276332,5.03050865276332,4.1));
#12628=CARTESIAN_POINT('',(-2.78050865276332,5.03050865276332,3.9));
#12629=CARTESIAN_POINT('',(-2.78050865276332,5.03050865276332,4.3));
#12630=CARTESIAN_POINT('',(-2.78050865276332,5.03050865276332,4.3));
#12631=CARTESIAN_POINT('',(-5.28050865276332,5.03050865276332,3.9));
#12632=CARTESIAN_POINT('',(-4.03050865276332,3.78050865276332,4.3));
#12633=CARTESIAN_POINT('',(-2.78050865276332,1.02585350193228,4.3));
#12634=CARTESIAN_POINT('',(-4.03050865276332,3.78050865276332,4.3));
#12635=CARTESIAN_POINT('',(-2.78050865276332,1.02585350193228,4.3));
#12636=CARTESIAN_POINT('',(-4.03050865276332,3.78050865276332,3.9));
#12637=CARTESIAN_POINT('',(-5.28050865276332,3.78050865276332,3.9));
#12638=CARTESIAN_POINT('',(-5.28050865276332,6.53516380359436,3.9));
#12639=CARTESIAN_POINT('',(-5.28050865276332,1.02585350193228,3.9));
#12640=CARTESIAN_POINT('',(-4.03050865276332,3.78050865276332,3.9));
#12641=CARTESIAN_POINT('',(-2.78050865276332,1.02585350193228,3.9));
#12642=CARTESIAN_POINT('',(-2.78050865276332,3.78050865276332,3.9));
#12643=CARTESIAN_POINT('',(-2.78050865276332,6.53516380359436,3.9));
#12644=CARTESIAN_POINT('',(-4.03050865276332,3.78050865276332,3.9));
#12645=CARTESIAN_POINT('',(-5.28050865276332,6.53516380359436,3.9));
#12646=CARTESIAN_POINT('',(-5.28050865276332,6.53516380359436,3.9));
#12647=CARTESIAN_POINT('',(-5.28050865276332,6.53516380359436,4.1));
#12648=CARTESIAN_POINT('',(-5.28050865276332,6.53516380359436,4.1));
#12649=CARTESIAN_POINT('',(-5.28050865276332,6.53516380359436,4.1));
#12650=CARTESIAN_POINT('',(-5.28050865276332,1.02585350193228,4.1));
#12651=CARTESIAN_POINT('',(-5.28050865276332,1.02585350193228,3.9));
#12652=CARTESIAN_POINT('',(-4.03050865276332,3.78050865276332,3.9));
#12653=CARTESIAN_POINT('',(-2.78050865276332,6.53516380359436,3.9));
#12654=CARTESIAN_POINT('',(-2.78050865276332,6.53516380359436,4.1));
#12655=CARTESIAN_POINT('',(-4.03050865276332,3.78050865276332,4.1));
#12656=CARTESIAN_POINT('',(-4.03050865276332,3.78050865276332,4.1));
#12657=CARTESIAN_POINT('',(-2.78050865276332,1.02585350193228,4.1));
#12658=CARTESIAN_POINT('',(-2.78050865276332,1.02585350193228,3.9));
#12659=CARTESIAN_POINT('',(-2.78050865276332,1.02585350193228,3.9));
#12660=CARTESIAN_POINT('',(-2.78050865276332,1.02585350193228,4.1));
#12661=CARTESIAN_POINT('',(-2.78050865276332,1.02585350193228,4.1));
#12662=CARTESIAN_POINT('',(-4.03050865276332,3.78050865276332,3.9));
#12663=CARTESIAN_POINT('',(-4.03050865276332,3.78050865276332,4.1));
#12664=CARTESIAN_POINT('',(-4.03050865276332,3.78050865276332,4.1));
#12665=CARTESIAN_POINT('',(2.78050865276332,3.78050869088486,3.9));
#12666=CARTESIAN_POINT('',(2.78050865276332,3.78050869088486,4.1));
#12667=CARTESIAN_POINT('',(2.78050865276332,2.53050865276332,4.1));
#12668=CARTESIAN_POINT('',(2.78050865276332,5.03050865276332,4.1));
#12669=CARTESIAN_POINT('',(2.78050865276332,5.03050865276332,3.9));
#12670=CARTESIAN_POINT('',(2.78050865276332,5.03050865276332,4.3));
#12671=CARTESIAN_POINT('',(2.78050865276332,3.78050869088486,4.3));
#12672=CARTESIAN_POINT('',(2.78050865276332,3.78050869088486,4.3));
#12673=CARTESIAN_POINT('',(2.78050865276332,2.53050865276332,4.3));
#12674=CARTESIAN_POINT('',(2.78050865276332,2.53050865276332,3.9));
#12675=CARTESIAN_POINT('',(4.03050865276332,3.78050865276332,4.3));
#12676=CARTESIAN_POINT('',(6.78516380359436,5.03050865276332,4.3));
#12677=CARTESIAN_POINT('',(5.28050865276332,5.03050865276332,4.3));
#12678=CARTESIAN_POINT('',(5.28050865276332,2.53050865276332,4.3));
#12679=CARTESIAN_POINT('',(4.03050865276332,3.78050865276332,4.3));
#12680=CARTESIAN_POINT('',(6.78516380359436,5.03050865276332,4.3));
#12681=CARTESIAN_POINT('',(5.28050865276332,2.53050865276332,3.9));
#12682=CARTESIAN_POINT('',(5.28050865276332,2.53050865276332,4.1));
#12683=CARTESIAN_POINT('',(5.28050865276332,5.03050865276332,4.1));
#12684=CARTESIAN_POINT('',(5.28050865276332,2.53050865276332,4.1));
#12685=CARTESIAN_POINT('',(5.28050865276332,2.53050865276332,3.9));
#12686=CARTESIAN_POINT('',(5.28050865276332,2.53050865276332,4.3));
#12687=CARTESIAN_POINT('',(5.28050865276332,2.53050865276332,4.3));
#12688=CARTESIAN_POINT('',(5.28050865276332,5.03050865276332,3.9));
#12689=CARTESIAN_POINT('',(4.03050865276332,3.78050865276332,4.3));
#12690=CARTESIAN_POINT('',(1.27585350193228,2.53050865276332,4.3));
#12691=CARTESIAN_POINT('',(4.03050865276332,3.78050865276332,4.3));
#12692=CARTESIAN_POINT('',(1.27585350193228,2.53050865276332,4.3));
#12693=CARTESIAN_POINT('',(4.03050865276332,3.78050865276332,3.9));
#12694=CARTESIAN_POINT('',(4.03050865276332,5.03050865276332,3.9));
#12695=CARTESIAN_POINT('',(6.78516380359436,5.03050865276332,3.9));
#12696=CARTESIAN_POINT('',(1.27585350193228,5.03050865276332,3.9));
#12697=CARTESIAN_POINT('',(4.03050865276332,3.78050865276332,3.9));
#12698=CARTESIAN_POINT('',(1.27585350193228,2.53050865276332,3.9));
#12699=CARTESIAN_POINT('',(4.03050865276332,2.53050865276332,3.9));
#12700=CARTESIAN_POINT('',(6.78516380359436,2.53050865276332,3.9));
#12701=CARTESIAN_POINT('',(4.03050865276332,3.78050865276332,3.9));
#12702=CARTESIAN_POINT('',(6.78516380359436,5.03050865276332,3.9));
#12703=CARTESIAN_POINT('',(6.78516380359436,5.03050865276332,3.9));
#12704=CARTESIAN_POINT('',(6.78516380359436,5.03050865276332,4.1));
#12705=CARTESIAN_POINT('',(6.78516380359436,5.03050865276332,4.1));
#12706=CARTESIAN_POINT('',(6.78516380359436,5.03050865276332,4.1));
#12707=CARTESIAN_POINT('',(1.27585350193228,5.03050865276332,4.1));
#12708=CARTESIAN_POINT('',(1.27585350193228,5.03050865276332,3.9));
#12709=CARTESIAN_POINT('',(4.03050865276332,3.78050865276332,3.9));
#12710=CARTESIAN_POINT('',(6.78516380359436,2.53050865276332,3.9));
#12711=CARTESIAN_POINT('',(6.78516380359436,2.53050865276332,4.1));
#12712=CARTESIAN_POINT('',(4.03050865276332,3.78050865276332,4.1));
#12713=CARTESIAN_POINT('',(4.03050865276332,3.78050865276332,4.1));
#12714=CARTESIAN_POINT('',(1.27585350193228,2.53050865276332,4.1));
#12715=CARTESIAN_POINT('',(1.27585350193228,2.53050865276332,3.9));
#12716=CARTESIAN_POINT('',(1.27585350193228,2.53050865276332,3.9));
#12717=CARTESIAN_POINT('',(1.27585350193228,2.53050865276332,4.1));
#12718=CARTESIAN_POINT('',(1.27585350193228,2.53050865276332,4.1));
#12719=CARTESIAN_POINT('',(4.03050865276332,3.78050865276332,3.9));
#12720=CARTESIAN_POINT('',(4.03050865276332,3.78050865276332,4.1));
#12721=CARTESIAN_POINT('',(4.03050865276332,3.78050865276332,4.1));
#12722=CARTESIAN_POINT('',(19.7,-23.2500000000255,3.9));
#12723=CARTESIAN_POINT('',(19.7,-23.2500000000255,4.1));
#12724=CARTESIAN_POINT('',(19.7,-25.7500000000255,4.1));
#12725=CARTESIAN_POINT('',(19.7,-23.2500000000255,4.1));
#12726=CARTESIAN_POINT('',(19.7,-23.2500000000255,3.9));
#12727=CARTESIAN_POINT('',(19.7,-23.2500000000255,4.3));
#12728=CARTESIAN_POINT('',(19.7,-23.2500000000255,4.3));
#12729=CARTESIAN_POINT('',(19.7,-23.2500000000255,4.3));
#12730=CARTESIAN_POINT('',(19.7,-25.7500000000255,4.3));
#12731=CARTESIAN_POINT('',(19.7,-25.7500000000255,3.9));
#12732=CARTESIAN_POINT('',(8.88178419700125E-15,-24.5000000000255,4.3));
#12733=CARTESIAN_POINT('',(22.2,-25.7500000000255,4.3));
#12734=CARTESIAN_POINT('',(22.2,-23.2500000000255,4.3));
#12735=CARTESIAN_POINT('',(19.7,-23.2500000000255,4.3));
#12736=CARTESIAN_POINT('',(8.88178419700125E-15,-24.5000000000255,4.3));
#12737=CARTESIAN_POINT('',(19.7,-23.2500000000255,4.3));
#12738=CARTESIAN_POINT('',(8.88178419700125E-15,-24.5000000000255,4.3));
#12739=CARTESIAN_POINT('',(18.1679144513513,-25.7500000000255,4.3));
#12740=CARTESIAN_POINT('',(22.2,-25.7500000000255,3.9));
#12741=CARTESIAN_POINT('',(22.2,-25.7500000000255,4.1));
#12742=CARTESIAN_POINT('',(22.2,-23.2500000000255,4.1));
#12743=CARTESIAN_POINT('',(22.2,-25.7500000000255,4.1));
#12744=CARTESIAN_POINT('',(22.2,-25.7500000000255,3.9));
#12745=CARTESIAN_POINT('',(22.2,-25.7500000000255,4.3));
#12746=CARTESIAN_POINT('',(22.2,-25.7500000000255,4.3));
#12747=CARTESIAN_POINT('',(22.2,-23.2500000000255,3.9));
#12748=CARTESIAN_POINT('',(8.88178419700125E-15,-24.5000000000255,4.3));
#12749=CARTESIAN_POINT('',(18.1679144513513,-25.7500000000255,4.3));
#12750=CARTESIAN_POINT('',(-22.2,-23.2500000000255,3.9));
#12751=CARTESIAN_POINT('',(-22.2,-23.2500000000255,4.1));
#12752=CARTESIAN_POINT('',(-22.2,-25.7500000000255,4.1));
#12753=CARTESIAN_POINT('',(-22.2,-23.2500000000255,4.1));
#12754=CARTESIAN_POINT('',(-22.2,-23.2500000000255,3.9));
#12755=CARTESIAN_POINT('',(-22.2,-23.2500000000255,4.3));
#12756=CARTESIAN_POINT('',(-22.2,-23.2500000000255,4.3));
#12757=CARTESIAN_POINT('',(-22.2,-23.2500000000255,4.3));
#12758=CARTESIAN_POINT('',(-22.2,-25.7500000000255,4.3));
#12759=CARTESIAN_POINT('',(-22.2,-25.7500000000255,3.9));
#12760=CARTESIAN_POINT('',(8.88178419700125E-15,-24.5000000000255,4.3));
#12761=CARTESIAN_POINT('',(-19.7,-25.7500000000255,4.3));
#12762=CARTESIAN_POINT('',(-19.7,-23.2500000000255,4.3));
#12763=CARTESIAN_POINT('',(-22.2,-23.2500000000255,4.3));
#12764=CARTESIAN_POINT('',(8.88178419700125E-15,-24.5000000000255,4.3));
#12765=CARTESIAN_POINT('',(-22.2,-23.2500000000255,4.3));
#12766=CARTESIAN_POINT('',(8.88178419700125E-15,-24.5000000000255,4.3));
#12767=CARTESIAN_POINT('',(-23.7320855486487,-25.7500000000255,4.3));
#12768=CARTESIAN_POINT('',(-19.7,-25.7500000000255,3.9));
#12769=CARTESIAN_POINT('',(-19.7,-25.7500000000255,4.1));
#12770=CARTESIAN_POINT('',(-19.7,-23.2500000000255,4.1));
#12771=CARTESIAN_POINT('',(-19.7,-25.7500000000255,4.1));
#12772=CARTESIAN_POINT('',(-19.7,-25.7500000000255,3.9));
#12773=CARTESIAN_POINT('',(-19.7,-25.7500000000255,4.3));
#12774=CARTESIAN_POINT('',(-19.7,-25.7500000000255,4.3));
#12775=CARTESIAN_POINT('',(-19.7,-23.2500000000255,3.9));
#12776=CARTESIAN_POINT('',(8.88178419700125E-15,-24.5000000000255,4.3));
#12777=CARTESIAN_POINT('',(-23.7320855486487,-25.7500000000255,4.3));
#12778=CARTESIAN_POINT('',(20.95,-24.5000000000255,3.9));
#12779=CARTESIAN_POINT('',(20.95,-25.7500000000255,3.9));
#12780=CARTESIAN_POINT('',(-20.95,-24.5000000000255,3.9));
#12781=CARTESIAN_POINT('',(-20.95,-25.7500000000255,3.9));
#12782=CARTESIAN_POINT('',(-22.2,-23.2500000000255,3.9));
#12783=CARTESIAN_POINT('',(-20.95,-23.2500000000255,3.9));
#12784=CARTESIAN_POINT('',(-22.2,-23.2500000000255,4.1));
#12785=CARTESIAN_POINT('',(-22.2,-23.2500000000255,4.1));
#12786=CARTESIAN_POINT('',(-23.7320855486487,-25.7500000000255,3.9));
#12787=CARTESIAN_POINT('',(-23.7320855486487,-25.7500000000255,4.1));
#12788=CARTESIAN_POINT('',(-23.7320855486487,-25.7500000000255,4.1));
#12789=CARTESIAN_POINT('',(8.88178419700125E-15,-24.5000000000255,4.1));
#12790=CARTESIAN_POINT('',(8.88178419700125E-15,-24.5000000000255,4.1));
#12791=CARTESIAN_POINT('',(19.7,-23.2500000000255,4.1));
#12792=CARTESIAN_POINT('',(18.1679144513513,-25.7500000000255,4.1));
#12793=CARTESIAN_POINT('',(8.88178419700125E-15,-24.5000000000255,4.1));
#12794=CARTESIAN_POINT('',(18.1679144513513,-25.7500000000255,3.9));
#12795=CARTESIAN_POINT('',(18.1679144513513,-25.7500000000255,4.1));
#12796=CARTESIAN_POINT('',(19.7,-23.2500000000255,3.9));
#12797=CARTESIAN_POINT('',(20.95,-23.2500000000255,3.9));
#12798=CARTESIAN_POINT('',(19.7,-23.2500000000255,4.1));
#12799=CARTESIAN_POINT('',(8.88178419700125E-15,-24.5000000000255,4.1));
#12800=CARTESIAN_POINT('',(-20.95,-24.5000000000255,3.9));
#12801=CARTESIAN_POINT('',(20.95,-24.5000000000255,3.9));
#12802=CARTESIAN_POINT('',(-12.5,2.398,5.125));
#12803=CARTESIAN_POINT('',(12.5,2.398,5.125));
#12804=CARTESIAN_POINT('',(0.,-20.0664752180193,6.5));
#12805=CARTESIAN_POINT('',(-23.9643939998736,-38.5164752180321,6.5));
#12806=CARTESIAN_POINT('',(-23.9643939998736,-31.1000000000255,6.5));
#12807=CARTESIAN_POINT('',(-21.0643939998736,-31.1000000000255,6.5));
#12808=CARTESIAN_POINT('',(-18.1643939998736,-31.1000000000255,6.5));
#12809=CARTESIAN_POINT('',(-18.1643939998736,-38.5164752180321,6.5));
#12810=CARTESIAN_POINT('',(0.,-20.0664752180193,4.));
#12811=CARTESIAN_POINT('',(-18.1643939998736,-38.5164752180321,4.));
#12812=CARTESIAN_POINT('',(-18.1643939998736,-31.1000000000255,4.));
#12813=CARTESIAN_POINT('',(-21.0643939998736,-31.1000000000255,4.));
#12814=CARTESIAN_POINT('',(-23.9643939998736,-31.1000000000255,4.));
#12815=CARTESIAN_POINT('',(-23.9643939998736,-38.5164752180321,4.));
#12816=CARTESIAN_POINT('',(-20.9499999999913,-34.,4.));
#12817=CARTESIAN_POINT('',(-19.3499999999913,-34.,4.));
#12818=CARTESIAN_POINT('',(-18.1643939998736,-38.5164752180321,6.5));
#12819=CARTESIAN_POINT('',(-18.1643939998736,-31.1000000000255,6.5));
#12820=CARTESIAN_POINT('',(-21.0643939998736,-31.1000000000255,6.5));
#12821=CARTESIAN_POINT('',(-23.9643939998736,-31.1000000000255,6.5));
#12822=CARTESIAN_POINT('',(-23.9643939998736,-38.5164752180321,6.5));
#12823=CARTESIAN_POINT('',(0.,-20.0664752180193,6.5));
#12824=CARTESIAN_POINT('',(18.1643939998736,-34.0000000000255,6.5));
#12825=CARTESIAN_POINT('',(18.1643939998736,-31.1000000000255,6.5));
#12826=CARTESIAN_POINT('',(21.0643939998736,-31.1000000000255,6.5));
#12827=CARTESIAN_POINT('',(23.9643939998736,-31.1000000000255,6.5));
#12828=CARTESIAN_POINT('',(23.9643939998736,-34.0000000000255,6.5));
#12829=CARTESIAN_POINT('',(0.,-20.0664752180193,4.));
#12830=CARTESIAN_POINT('',(23.9643939998736,-34.0000000000255,4.));
#12831=CARTESIAN_POINT('',(23.9643939998736,-31.1000000000255,4.));
#12832=CARTESIAN_POINT('',(21.0643939998736,-31.1000000000255,4.));
#12833=CARTESIAN_POINT('',(18.1643939998736,-31.1000000000255,4.));
#12834=CARTESIAN_POINT('',(18.1643939998736,-34.0000000000255,4.));
#12835=CARTESIAN_POINT('',(20.9499999999913,-34.,4.));
#12836=CARTESIAN_POINT('',(22.5499999999913,-34.,4.));
#12837=CARTESIAN_POINT('',(18.1643939998736,-34.0000000000255,6.5));
#12838=CARTESIAN_POINT('',(18.1643939998736,-31.1000000000255,6.5));
#12839=CARTESIAN_POINT('',(23.9643939998736,-34.0000000000255,6.5));
#12840=CARTESIAN_POINT('',(23.9643939998736,-31.1000000000255,6.5));
#12841=CARTESIAN_POINT('',(21.0643939998736,-31.1000000000255,6.5));
#12842=CARTESIAN_POINT('',(0.,-20.0664752180193,8.5));
#12843=CARTESIAN_POINT('',(0.,-20.0664752180193,8.5));
#12844=CARTESIAN_POINT('',(-13.7342704373413,-31.1195757435989,-246.117621135334));
#12845=CARTESIAN_POINT('',(13.7342704373413,-31.1195757435989,-246.117621135334));
#12846=CARTESIAN_POINT('',(20.9499999999913,-34.,4.002));
#12847=CARTESIAN_POINT('',(-20.9499999999913,-34.,4.002));
#12848=MECHANICAL_DESIGN_GEOMETRIC_PRESENTATION_REPRESENTATION('',(#7766),
#12849);
#12849=(
GEOMETRIC_REPRESENTATION_CONTEXT(3)
GLOBAL_UNCERTAINTY_ASSIGNED_CONTEXT((#12850))
GLOBAL_UNIT_ASSIGNED_CONTEXT((#12853,#12852,#12851))
REPRESENTATION_CONTEXT('Plate:1__Plate','TOP_LEVEL_ASSEMBLY_PART')
);
#12850=UNCERTAINTY_MEASURE_WITH_UNIT(LENGTH_MEASURE(1.E-5),#12853,
'DISTANCE_ACCURACY_VALUE','Maximum Tolerance applied to model');
#12851=(
NAMED_UNIT(*)
SI_UNIT($,.STERADIAN.)
SOLID_ANGLE_UNIT()
);
#12852=(
NAMED_UNIT(*)
PLANE_ANGLE_UNIT()
SI_UNIT($,.RADIAN.)
);
#12853=(
LENGTH_UNIT()
NAMED_UNIT(*)
SI_UNIT(.MILLI.,.METRE.)
);
#12854=PRODUCT_DEFINITION_SHAPE('','',#12855);
#12855=PRODUCT_DEFINITION('','',#12857,#12856);
#12856=PRODUCT_DEFINITION_CONTEXT('',#12863,'design');
#12857=PRODUCT_DEFINITION_FORMATION_WITH_SPECIFIED_SOURCE('','',#12859,
 .NOT_KNOWN.);
#12858=PRODUCT_RELATED_PRODUCT_CATEGORY('','',(#12859));
#12859=PRODUCT('Plate:1__Plate','Plate:1__Plate','Plate:1__Plate',(#12861));
#12860=PRODUCT_CATEGORY('','');
#12861=PRODUCT_CONTEXT('',#12863,'mechanical');
#12862=APPLICATION_PROTOCOL_DEFINITION('international standard',
'ap242_managed_model_based_3d_engineering',2020,#12863);
#12863=APPLICATION_CONTEXT('managed model based 3d engineering');
ENDSEC;
END-ISO-10303-21;
